Date,BCP,FGI,log_price,t,lppls_score,lppls_r2_score,lppls_urgency,lppls_tc_median,lppls_days_to_tc,lppls_valid_fits,lppls_score_smooth,lppls_r2_score_smooth,lppls_urgency_smooth,lppls_score_norm,lppls_days_to_tc_smooth,r2_signal,lppls_r2_smoothed,lppls_score_raw,lppls_fit_weight,lppls_tc_median_smooth,lppls_urgency_smooth_tc,lppls_score_tc_smooth,lppls_score_tc_smooth_smooth,lppls_urgency_smooth_tc_smooth,lppls_fit_weight_smooth,lppls_valid_fits_smooth,lppls_final_score,lppls_final_score_norm,lppls_r2_score_filled,lppls_valid_fits_filled,lppls_custom_final_score,lppls_custom_final_score_smooth
2022-06-22,19987.029296875,11.0,9.902838806989985,0,0.0,0.0,0.0,,,0,0.0,0.0,0.0,,,0.0,0.0,0.0,0.0,,0.0,0.0,0.0,0.0,0.0,0.0,0.0,,0.0,0.0,0.0,0.0
2022-06-23,21085.876953125,11.0,9.956358756642537,1,0.0,0.0,0.0,,,0,0.0,0.0,0.0,,,0.0,0.0,0.0,0.0,,0.0,0.0,0.0,0.0,0.0,0.0,0.0,,0.0,0.0,0.0,0.0
2022-06-24,21231.65625,11.0,9.963248566256299,2,0.0,0.0,0.0,,,0,0.0,0.0,0.0,,,0.0,0.0,0.0,0.0,,0.0,0.0,0.0,0.0,0.0,0.0,0.0,,0.0,0.0,0.0,0.0
2022-06-25,21502.337890625,14.0,9.975916947302924,3,0.0,0.0,0.0,,,0,0.0,0.0,0.0,,,0.0,0.0,0.0,0.0,,0.0,0.0,0.0,0.0,0.0,0.0,0.0,,0.0,0.0,0.0,0.0
2022-06-26,21027.294921875,14.0,9.953576630935627,4,0.0,0.0,0.0,,,0,0.0,0.0,0.0,,,0.0,0.0,0.0,0.0,,0.0,0.0,0.0,0.0,0.0,0.0,0.0,,0.0,0.0,0.0,0.0
2022-06-27,20735.478515625,12.0,9.93960145009083,5,0.0,0.0,0.0,,,0,0.0,0.0,0.0,,,0.0,0.0,0.0,0.0,,0.0,0.0,0.0,0.0,0.0,0.0,0.0,,0.0,0.0,0.0,0.0
2022-06-28,20280.634765625,10.0,9.91742175729541,6,0.0,0.0,0.0,,,0,0.0,0.0,0.0,,,0.0,0.0,0.0,0.0,,0.0,0.0,0.0,0.0,0.0,0.0,0.0,,0.0,0.0,0.0,0.0
2022-06-29,20104.0234375,13.0,9.908675245035521,7,0.0,0.0,0.0,,,0,0.0,0.0,0.0,,,0.0,0.0,0.0,0.0,,0.0,0.0,0.0,0.0,0.0,0.0,0.0,,0.0,0.0,0.0,0.0
2022-06-30,19784.7265625,11.0,9.89266553327924,8,0.0,0.0,0.0,,,0,0.0,0.0,0.0,,,0.0,0.0,0.0,0.0,,0.0,0.0,0.0,0.0,0.0,0.0,0.0,,0.0,0.0,0.0,0.0
2022-07-01,19269.3671875,11.0,9.866271921611277,9,0.0,0.0,0.0,,,0,0.0,0.0,0.0,,,0.0,0.0,0.0,0.0,,0.0,0.0,0.0,0.0,0.0,0.0,0.0,,0.0,0.0,0.0,0.0
2022-07-02,19242.255859375,14.0,9.864863965754903,10,0.0,0.0,0.0,,,0,0.0,0.0,0.0,,,0.0,0.0,0.0,0.0,,0.0,0.0,0.0,0.0,0.0,0.0,0.0,,0.0,0.0,0.0,0.0
2022-07-03,19297.076171875,11.0,9.867708869731416,11,0.0,0.0,0.0,,,0,0.0,0.0,0.0,,,0.0,0.0,0.0,0.0,,0.0,0.0,0.0,0.0,0.0,0.0,0.0,,0.0,0.0,0.0,0.0
2022-07-04,20231.26171875,14.0,9.914984296914424,12,0.0,0.0,0.0,,,0,0.0,0.0,0.0,,,0.0,0.0,0.0,0.0,,0.0,0.0,0.0,0.0,0.0,0.0,0.0,,0.0,0.0,0.0,0.0
2022-07-05,20190.115234375,19.0,9.912948418788119,13,0.0,0.0,0.0,,,0,0.0,0.0,0.0,,,0.0,0.0,0.0,0.0,,0.0,0.0,0.0,0.0,0.0,0.0,0.0,,0.0,0.0,0.0,0.0
2022-07-06,20548.24609375,18.0,9.930530868046002,14,0.0,0.0,0.0,,,0,0.0,0.0,0.0,,,0.0,0.0,0.0,0.0,,0.0,0.0,0.0,0.0,0.0,0.0,0.0,,0.0,0.0,0.0,0.0
2022-07-07,21637.587890625,18.0,9.982187261434621,15,0.0,0.0,0.0,,,0,0.0,0.0,0.0,,,0.0,0.0,0.0,0.0,,0.0,0.0,0.0,0.0,0.0,0.0,0.0,,0.0,0.0,0.0,0.0
2022-07-08,21731.1171875,20.0,9.986500484147044,16,0.0,0.0,0.0,,,0,0.0,0.0,0.0,,,0.0,0.0,0.0,0.0,,0.0,0.0,0.0,0.0,0.0,0.0,0.0,,0.0,0.0,0.0,0.0
2022-07-09,21592.20703125,24.0,9.9800877429832,17,0.0,0.0,0.0,,,0,0.0,0.0,0.0,,,0.0,0.0,0.0,0.0,,0.0,0.0,0.0,0.0,0.0,0.0,0.0,,0.0,0.0,0.0,0.0
2022-07-10,20860.44921875,24.0,9.945610263258173,18,0.0,0.0,0.0,,,0,0.0,0.0,0.0,,,0.0,0.0,0.0,0.0,,0.0,0.0,0.0,0.0,0.0,0.0,0.0,,0.0,0.0,0.0,0.0
2022-07-11,19970.556640625,22.0,9.902014299863406,19,0.0,0.0,0.0,,,0,0.0,0.0,0.0,,,0.0,0.0,0.0,0.0,,0.0,0.0,0.0,0.0,0.0,0.0,0.0,,0.0,0.0,0.0,0.0
2022-07-12,19323.9140625,16.0,9.869098678474385,20,0.0,0.0,0.0,,,0,0.0,0.0,0.0,,,0.0,0.0,0.0,0.0,,0.0,0.0,0.0,0.0,0.0,0.0,0.0,,0.0,0.0,0.0,0.0
2022-07-13,20212.07421875,15.0,9.914035438419207,21,0.0,0.0,0.0,,,0,0.0,0.0,0.0,,,0.0,0.0,0.0,0.0,,0.0,0.0,0.0,0.0,0.0,0.0,0.0,,0.0,0.0,0.0,0.0
2022-07-14,20569.919921875,18.0,9.931585089682448,22,0.0,0.0,0.0,,,0,0.0,0.0,0.0,,,0.0,0.0,0.0,0.0,,0.0,0.0,0.0,0.0,0.0,0.0,0.0,,0.0,0.0,0.0,0.0
2022-07-15,20836.328125,15.0,9.944453286725341,23,0.0,0.0,0.0,,,0,0.0,0.0,0.0,,,0.0,0.0,0.0,0.0,,0.0,0.0,0.0,0.0,0.0,0.0,0.0,,0.0,0.0,0.0,0.0
2022-07-16,21190.31640625,21.0,9.961299583017311,24,0.0,0.0,0.0,,,0,0.0,0.0,0.0,,,0.0,0.0,0.0,0.0,,0.0,0.0,0.0,0.0,0.0,0.0,0.0,,0.0,0.0,0.0,0.0
2022-07-17,20779.34375,24.0,9.941714683307564,25,0.0,0.0,0.0,,,0,0.0,0.0,0.0,,,0.0,0.0,0.0,0.0,,0.0,0.0,0.0,0.0,0.0,0.0,0.0,,0.0,0.0,0.0,0.0
2022-07-18,22485.689453125,20.0,10.020634361537693,26,0.0,0.0,0.0,,,0,0.0,0.0,0.0,,,0.0,0.0,0.0,0.0,,0.0,0.0,0.0,0.0,0.0,0.0,0.0,,0.0,0.0,0.0,0.0
2022-07-19,23389.43359375,30.0,10.060039643541112,27,0.0,0.0,0.0,,,0,0.0,0.0,0.0,,,0.0,0.0,0.0,0.0,,0.0,0.0,0.0,0.0,0.0,0.0,0.0,,0.0,0.0,0.0,0.0
2022-07-20,23231.732421875,31.0,10.053274399904742,28,0.0,0.0,0.0,,,0,0.0,0.0,0.0,,,0.0,0.0,0.0,0.0,,0.0,0.0,0.0,0.0,0.0,0.0,0.0,,0.0,0.0,0.0,0.0
2022-07-21,23164.62890625,34.0,10.050381778134694,29,0.0,0.0,0.0,,,0,0.0,0.0,0.0,,,0.0,0.0,0.0,0.0,,0.0,0.0,0.0,0.0,0.0,0.0,0.0,0.5166666666666667,0.0,0.0,0.0,0.0
2022-07-22,22714.978515625,33.0,10.030779832369811,30,0.0,0.0,0.0,,,0,0.0,0.0,0.0,,,0.0,0.0,0.0,0.0,,0.0,0.0,0.0,0.0,0.0,0.0,0.0,0.5161290322580645,0.0,0.0,0.0,0.0
2022-07-23,22465.478515625,31.0,10.019735121772623,31,0.0,0.0,0.0,,,0,0.0,0.0,0.0,,,0.0,0.0,0.0,0.0,,0.0,0.0,0.0,0.0,0.0,0.0,0.0,0.515625,0.0,0.0,0.0,0.0
2022-07-24,22609.1640625,30.0,10.026110592562882,32,0.0,0.0,0.0,,,0,0.0,0.0,0.0,,,0.0,0.0,0.0,0.0,,0.0,0.0,0.0,0.0,0.0,0.0,0.0,0.5151515151515151,0.0,0.0,0.0,0.0
2022-07-25,21361.701171875,30.0,9.969354932780849,33,0.0,0.0,0.0,,,0,0.0,0.0,0.0,,,0.0,0.0,0.0,0.0,,0.0,0.0,0.0,0.0,0.0,0.0,0.0,0.5147058823529411,0.0,0.0,0.0,0.0
2022-07-26,21239.75390625,26.0,9.963629888954006,34,0.0,0.0,0.0,,,0,0.0,0.0,0.0,,,0.0,0.0,0.0,0.0,,0.0,0.0,0.0,0.0,0.0,0.0,0.0,0.5142857142857142,0.0,0.0,0.0,0.0
2022-07-27,22930.548828125,28.0,10.040225310503368,35,0.0,0.0,0.0,,,0,0.0,0.0,0.0,,,0.0,0.0,0.0,0.0,,0.0,0.0,0.0,0.0,0.0,0.0,0.0,0.5138888888888888,0.0,0.0,0.0,0.0
2022-07-28,23843.88671875,32.0,10.079283141395383,36,0.0,0.0,0.0,,,0,0.0,0.0,0.0,,,0.0,0.0,0.0,0.0,,0.0,0.0,0.0,0.0,0.0,0.0,0.0,0.5135135135135135,0.0,0.0,0.0,0.0
2022-07-29,23804.6328125,39.0,10.077635496703943,37,0.0,0.0,0.0,,,0,0.0,0.0,0.0,,,0.0,0.0,0.0,0.0,,0.0,0.0,0.0,0.0,0.0,0.0,0.0,0.5131578947368421,0.0,0.0,0.0,0.0
2022-07-30,23656.20703125,42.0,10.071380813237761,38,0.0,0.0,0.0,,,0,0.0,0.0,0.0,,,0.0,0.0,0.0,0.0,,0.0,0.0,0.0,0.0,0.0,0.0,0.0,0.5128205128205128,0.0,0.0,0.0,0.0
2022-07-31,23336.896484375,39.0,10.057790927178154,39,0.0,0.0,0.0,,,0,0.0,0.0,0.0,,,0.0,0.0,0.0,0.0,,0.0,0.0,0.0,0.0,0.0,0.0,0.0,0.5125,0.0,0.0,0.0,0.0
2022-08-01,23314.19921875,33.0,10.056817862469863,40,0.0,0.0,0.0,,,0,0.0,0.0,0.0,,,0.0,0.0,0.0,0.0,,0.0,0.0,0.0,0.0,0.0,0.0,0.0,0.5121951219512195,0.0,0.0,0.0,0.0
2022-08-02,22978.1171875,31.0,10.04229761538725,41,0.0,0.0,0.0,,,0,0.0,0.0,0.0,,,0.0,0.0,0.0,0.0,,0.0,0.0,0.0,0.0,0.0,0.0,0.0,0.5119047619047619,0.0,0.0,0.0,0.0
2022-08-03,22846.5078125,34.0,10.036553553679708,42,0.0,0.0,0.0,,,0,0.0,0.0,0.0,,,0.0,0.0,0.0,0.0,,0.0,0.0,0.0,0.0,0.0,0.0,0.0,0.5116279069767442,0.0,0.0,0.0,0.0
2022-08-04,22630.95703125,30.0,10.027074028111187,43,0.0,0.0,0.0,,,0,0.0,0.0,0.0,,,0.0,0.0,0.0,0.0,,0.0,0.0,0.0,0.0,0.0,0.0,0.0,0.5113636363636364,0.0,0.0,0.0,0.0
2022-08-05,23289.314453125,31.0,10.055749927199347,44,0.0,0.0,0.0,,,0,0.0,0.0,0.0,,,0.0,0.0,0.0,0.0,,0.0,0.0,0.0,0.0,0.0,0.0,0.0,0.5111111111111111,0.0,0.0,0.0,0.0
2022-08-06,22961.279296875,31.0,10.041564567386294,45,0.0,0.0,0.0,,,0,0.0,0.0,0.0,,,0.0,0.0,0.0,0.0,,0.0,0.0,0.0,0.0,0.0,0.0,0.0,0.5108695652173914,0.0,0.0,0.0,0.0
2022-08-07,23175.890625,30.0,10.050867820116338,46,0.0,0.0,0.0,,,0,0.0,0.0,0.0,,,0.0,0.0,0.0,0.0,,0.0,0.0,0.0,0.0,0.0,0.0,0.0,0.5106382978723404,0.0,0.0,0.0,0.0
2022-08-08,23809.486328125,30.0,10.077839365460918,47,0.0,0.0,0.0,,,0,0.0,0.0,0.0,,,0.0,0.0,0.0,0.0,,0.0,0.0,0.0,0.0,0.0,0.0,0.0,0.5104166666666666,0.0,0.0,0.0,0.0
2022-08-09,23164.318359375,42.0,10.050368371964542,48,0.0,0.0,0.0,,,0,0.0,0.0,0.0,,,0.0,0.0,0.0,0.0,,0.0,0.0,0.0,0.0,0.0,0.0,0.0,0.5102040816326531,0.0,0.0,0.0,0.0
2022-08-10,23947.642578125,31.0,10.083625167018424,49,0.0,0.0,0.0,,,0,0.0,0.0,0.0,,,0.0,0.0,0.0,0.0,,0.0,0.0,0.0,0.0,0.0,0.0,0.0,0.51,0.0,0.0,0.0,0.0
2022-08-11,23957.529296875,41.0,10.084037929085792,50,0.0,0.0,0.0,,,0,0.0,0.0,0.0,,,0.0,0.0,0.0,0.0,,0.0,0.0,0.0,0.0,0.0,0.0,0.0,0.5098039215686274,0.0,0.0,0.0,0.0
2022-08-12,24402.818359375,42.0,10.102453911142689,51,0.0,0.0,0.0,,,0,0.0,0.0,0.0,,,0.0,0.0,0.0,0.0,,0.0,0.0,0.0,0.0,0.0,0.0,0.0,0.5096153846153846,0.0,0.0,0.0,0.0
2022-08-13,24424.068359375,46.0,10.103324333271548,52,0.0,0.0,0.0,,,0,0.0,0.0,0.0,,,0.0,0.0,0.0,0.0,,0.0,0.0,0.0,0.0,0.0,0.0,0.0,0.5094339622641509,0.0,0.0,0.0,0.0
2022-08-14,24319.333984375,47.0,10.099026950194217,53,0.0,0.0,0.0,,,0,0.0,0.0,0.0,,,0.0,0.0,0.0,0.0,,0.0,0.0,0.0,0.0,0.0,0.0,0.0,0.5092592592592593,0.0,0.0,0.0,0.0
2022-08-15,24136.97265625,45.0,10.091500079009762,54,0.0,0.0,0.0,,,0,0.0,0.0,0.0,,,0.0,0.0,0.0,0.0,,0.0,0.0,0.0,0.0,0.0,0.0,0.0,0.509090909090909,0.0,0.0,0.0,0.0
2022-08-16,23883.291015625,44.0,10.080934372735626,55,0.0,0.0,0.0,,,0,0.0,0.0,0.0,,,0.0,0.0,0.0,0.0,,0.0,0.0,0.0,0.0,0.0,0.0,0.0,0.5089285714285714,0.0,0.0,0.0,0.0
2022-08-17,23335.998046875,41.0,10.057752427851762,56,0.0,0.0,0.0,,,0,0.0,0.0,0.0,,,0.0,0.0,0.0,0.0,,0.0,0.0,0.0,0.0,0.0,0.0,0.0,0.5087719298245614,0.0,0.0,0.0,0.0
2022-08-18,23212.73828125,30.0,10.052456470820983,57,0.0,0.0,0.0,,,0,0.0,0.0,0.0,,,0.0,0.0,0.0,0.0,,0.0,0.0,0.0,0.0,0.0,0.0,0.0,0.5086206896551724,0.0,0.0,0.0,0.0
2022-08-19,20877.552734375,33.0,9.946429828919296,58,0.0,0.0,0.0,,,0,0.0,0.0,0.0,,,0.0,0.0,0.0,0.0,,0.0,0.0,0.0,0.0,0.0,0.0,0.0,0.5084745762711864,0.0,0.0,0.0,0.0
2022-08-20,21166.060546875,29.0,9.960154260221959,59,0.0,0.0,0.0,,,0,0.0,0.0,0.0,0.5083333333333333,,0.0,0.0,0.0,0.0,,0.0,0.0,0.0,0.0,0.0,0.0,0.0,0.5083333333333333,0.0,0.0,0.0,0.0
2022-08-21,21534.12109375,27.0,9.977393983734515,60,0.0,0.0,0.0,,,0,0.0,0.0,0.0,0.5081967213114754,,0.0,0.0,0.0,0.0,,0.0,0.0,0.0,0.0,0.0,0.0,0.0,0.5081967213114754,0.0,0.0,0.0,0.0
2022-08-22,21398.908203125,29.0,9.971095181162893,61,0.0,0.0,0.0,,,0,0.0,0.0,0.0,0.5080645161290323,,0.0,0.0,0.0,0.0,,0.0,0.0,0.0,0.0,0.0,0.0,0.0,0.5080645161290323,0.0,0.0,0.0,0.0
2022-08-23,21528.087890625,28.0,9.977113775017555,62,0.0,0.0,0.0,,,0,0.0,0.0,0.0,0.5079365079365079,,0.0,0.0,0.0,0.0,,0.0,0.0,0.0,0.0,0.0,0.0,0.0,0.5079365079365079,0.0,0.0,0.0,0.0
2022-08-24,21395.01953125,25.0,9.970913441739025,63,0.0,0.0,0.0,,,0,0.0,0.0,0.0,0.5078125,,0.0,0.0,0.0,0.0,,0.0,0.0,0.0,0.0,0.0,0.0,0.0,0.5078125,0.0,0.0,0.0,0.0
2022-08-25,21600.904296875,25.0,9.980490458391982,64,0.0,0.0,0.0,,,0,0.0,0.0,0.0,0.5076923076923077,,0.0,0.0,0.0,0.0,,0.0,0.0,0.0,0.0,0.0,0.0,0.0,0.5076923076923077,0.0,0.0,0.0,0.0
2022-08-26,20260.01953125,27.0,9.916404741832318,65,0.0,0.0,0.0,,,0,0.0,0.0,0.0,0.5075757575757576,,0.0,0.0,0.0,0.0,,0.0,0.0,0.0,0.0,0.0,0.0,0.0,0.5075757575757576,0.0,0.0,0.0,0.0
2022-08-27,20041.73828125,28.0,9.905572292018391,66,0.0,0.0,0.0,,,0,0.0,0.0,0.0,0.5074626865671642,,0.0,0.0,0.0,0.0,,0.0,0.0,0.0,0.0,0.0,0.0,0.0,0.5074626865671642,0.0,0.0,0.0,0.0
2022-08-28,19616.814453125,28.0,9.884142357711136,67,0.0,0.0,0.0,,,0,0.0,0.0,0.0,0.5073529411764706,,0.0,0.0,0.0,0.0,,0.0,0.0,0.0,0.0,0.0,0.0,0.0,0.5073529411764706,0.0,0.0,0.0,0.0
2022-08-29,20297.994140625,24.0,9.91827734934112,68,0.0,0.0,0.0,,,0,0.0,0.0,0.0,0.5072463768115942,,0.0,0.0,0.0,0.0,,0.0,0.0,0.0,0.0,0.0,0.0,0.0,0.5072463768115942,0.0,0.0,0.0,0.0
2022-08-30,19796.80859375,27.0,9.893276021557552,69,0.0,0.0,0.0,,,0,0.0,0.0,0.0,0.5071428571428571,,0.0,0.0,0.0,0.0,,0.0,0.0,0.0,0.0,0.0,0.0,0.0,0.5071428571428571,0.0,0.0,0.0,0.0
2022-08-31,20049.763671875,23.0,9.905972645726346,70,0.0,0.0,0.0,,,0,0.0,0.0,0.0,0.5070422535211268,,0.0,0.0,0.0,0.0,,0.0,0.0,0.0,0.0,0.0,0.0,0.0,0.5070422535211268,0.0,0.0,0.0,0.0
2022-09-01,20127.140625,20.0,9.909824463089882,71,0.0,0.0,0.0,,,0,0.0,0.0,0.0,0.5069444444444444,,0.0,0.0,0.0,0.0,,0.0,0.0,0.0,0.0,0.0,0.0,0.0,0.5069444444444444,0.0,0.0,0.0,0.0
2022-09-02,19969.771484375,25.0,9.901974983398722,72,0.0,0.0,0.0,,,0,0.0,0.0,0.0,0.5068493150684932,,0.0,0.0,0.0,0.0,,0.0,0.0,0.0,0.0,0.0,0.0,0.0,0.5068493150684932,0.0,0.0,0.0,0.0
2022-09-03,19832.087890625,21.0,9.895056505463224,73,0.0,0.0,0.0,,,0,0.0,0.0,0.0,0.5067567567567568,,0.0,0.0,0.0,0.0,,0.0,0.0,0.0,0.0,0.0,0.0,0.0,0.5067567567567568,0.0,0.0,0.0,0.0
2022-09-04,19986.712890625,20.0,9.902822976285494,74,0.0,0.0,0.0,,,0,0.0,0.0,0.0,0.5066666666666667,,0.0,0.0,0.0,0.0,,0.0,0.0,0.0,0.0,0.0,0.0,0.0,0.5066666666666667,0.0,0.0,0.0,0.0
2022-09-05,19812.37109375,23.0,9.894061824289322,75,0.0,0.0,0.0,,,0,0.0,0.0,0.0,0.506578947368421,,0.0,0.0,0.0,0.0,,0.0,0.0,0.0,0.0,0.0,0.0,0.0,0.506578947368421,0.0,0.0,0.0,0.0
2022-09-06,18837.66796875,22.0,9.84361375961696,76,0.0,0.0,0.0,,,0,0.0,0.0,0.0,0.5064935064935064,,0.0,0.0,0.0,0.0,,0.0,0.0,0.0,0.0,0.0,0.0,0.0,0.5064935064935064,0.0,0.0,0.0,0.0
2022-09-07,19290.32421875,24.0,9.867358913366097,77,0.0,0.0,0.0,,,0,0.0,0.0,0.0,0.5064102564102564,,0.0,0.0,0.0,0.0,,0.0,0.0,0.0,0.0,0.0,0.0,0.0,0.5064102564102564,0.0,0.0,0.0,0.0
2022-09-08,19329.833984375,20.0,9.869404983669634,78,0.0,0.0,0.0,,,0,0.0,0.0,0.0,0.5063291139240507,,0.0,0.0,0.0,0.0,,0.0,0.0,0.0,0.0,0.0,0.0,0.0,0.5063291139240507,0.0,0.0,0.0,0.0
2022-09-09,21381.15234375,22.0,9.970265081337525,79,0.0,0.0,0.0,,,0,0.0,0.0,0.0,0.50625,,0.0,0.0,0.0,0.0,,0.0,0.0,0.0,0.0,0.0,0.0,0.0,0.50625,0.0,0.0,0.0,0.0
2022-09-10,21680.5390625,28.0,9.984170319750923,80,0.0,0.0,0.0,,,0,0.0,0.0,0.0,0.5061728395061729,,0.0,0.0,0.0,0.0,,0.0,0.0,0.0,0.0,0.0,0.0,0.0,0.5061728395061729,0.0,0.0,0.0,0.0
2022-09-11,21769.255859375,26.0,9.988253971713968,81,0.0,0.0,0.0,,,0,0.0,0.0,0.0,0.5060975609756098,,0.0,0.0,0.0,0.0,,0.0,0.0,0.0,0.0,0.0,0.0,0.0,0.5060975609756098,0.0,0.0,0.0,0.0
2022-09-12,22370.44921875,25.0,10.015496135585632,82,0.0,0.0,0.0,,,0,0.0,0.0,0.0,0.5060240963855421,,0.0,0.0,0.0,0.0,,0.0,0.0,0.0,0.0,0.0,0.0,0.0,0.5060240963855421,0.0,0.0,0.0,0.0
2022-09-13,20296.70703125,34.0,9.918213936662209,83,0.0,0.0,0.0,,,0,0.0,0.0,0.0,0.5059523809523809,,0.0,0.0,0.0,0.0,,0.0,0.0,0.0,0.0,0.0,0.0,0.0,0.5059523809523809,0.0,0.0,0.0,0.0
2022-09-14,20241.08984375,27.0,9.915469967986835,84,0.0,0.0,0.0,,,0,0.0,0.0,0.0,0.5058823529411764,,0.0,0.0,0.0,0.0,,0.0,0.0,0.0,0.0,0.0,0.0,0.0,0.5058823529411764,0.0,0.0,0.0,0.0
2022-09-15,19701.2109375,28.0,9.888435381745573,85,0.0,0.0,0.0,,,0,0.0,0.0,0.0,0.5058139534883721,,0.0,0.0,0.0,0.0,,0.0,0.0,0.0,0.0,0.0,0.0,0.0,0.5058139534883721,0.0,0.0,0.0,0.0
2022-09-16,19772.583984375,20.0,9.892051609919006,86,0.0,0.0,0.0,,,0,0.0,0.0,0.0,0.5057471264367817,,0.0,0.0,0.0,0.0,,0.0,0.0,0.0,0.0,0.0,0.0,0.0,0.5057471264367817,0.0,0.0,0.0,0.0
2022-09-17,20127.576171875,22.0,9.909846102634743,87,0.0,0.0,0.0,,,0,0.0,0.0,0.0,0.5056818181818182,,0.0,0.0,0.0,0.0,,0.0,0.0,0.0,0.0,0.0,0.0,0.0,0.5056818181818182,0.0,0.0,0.0,0.0
2022-09-18,19419.505859375,27.0,9.874033296587243,88,0.0,0.0,0.0,,,0,0.0,0.0,0.0,0.5056179775280899,,0.0,0.0,0.0,0.0,,0.0,0.0,0.0,0.0,0.0,0.0,0.0,0.5056179775280899,0.0,0.0,0.0,0.0
2022-09-19,19544.12890625,21.0,9.880430208610155,89,0.0,0.0,0.0,,,0,0.0,0.0,0.0,0.5055555555555555,,0.0,0.0,0.0,0.0,,0.0,0.0,0.0,0.0,0.0,0.0,0.0,0.5055555555555555,0.0,0.0,0.0,0.0
2022-09-20,18890.7890625,23.0,9.846429731063068,90,0.0,0.0,0.0,,,0,0.0,0.0,0.0,0.5054945054945055,,0.0,0.0,0.0,0.0,,0.0,0.0,0.0,0.0,0.0,0.0,0.0,0.5054945054945055,0.0,0.0,0.0,0.0
2022-09-21,18547.400390625,23.0,9.828084917547844,91,0.0,0.0,0.0,,,0,0.0,0.0,0.0,0.5054347826086957,,0.0,0.0,0.0,0.0,,0.0,0.0,0.0,0.0,0.0,0.0,0.0,0.5054347826086957,0.0,0.0,0.0,0.0
2022-09-22,19413.55078125,22.0,9.873726595096974,92,0.0,0.0,0.0,,,0,0.0,0.0,0.0,0.5053763440860215,,0.0,0.0,0.0,0.0,,0.0,0.0,0.0,0.0,0.0,0.0,0.0,0.5053763440860215,0.0,0.0,0.0,0.0
2022-09-23,19297.638671875,20.0,9.867738018800262,93,0.0,0.0,0.0,,,0,0.0,0.0,0.0,0.5053191489361702,,0.0,0.0,0.0,0.0,,0.0,0.0,0.0,0.0,0.0,0.0,0.0,0.5053191489361702,0.0,0.0,0.0,0.0
2022-09-24,18937.01171875,24.0,9.848873578090933,94,0.0,0.0,0.0,,,0,0.0,0.0,0.0,0.5052631578947369,,0.0,0.0,0.0,0.0,,0.0,0.0,0.0,0.0,0.0,0.0,0.0,0.5052631578947369,0.0,0.0,0.0,0.0
2022-09-25,18802.09765625,24.0,9.841723720053846,95,0.0,0.0,0.0,,,0,0.0,0.0,0.0,0.5052083333333334,,0.0,0.0,0.0,0.0,,0.0,0.0,0.0,0.0,0.0,0.0,0.0,0.5052083333333334,0.0,0.0,0.0,0.0
2022-09-26,19222.671875,21.0,9.863845688211141,96,0.0,0.0,0.0,,,0,0.0,0.0,0.0,0.5051546391752577,,0.0,0.0,0.0,0.0,,0.0,0.0,0.0,0.0,0.0,0.0,0.0,0.5051546391752577,0.0,0.0,0.0,0.0
2022-09-27,19110.546875,20.0,9.857995654040971,97,0.0,0.0,0.0,,,0,0.0,0.0,0.0,0.5051020408163265,,0.0,0.0,0.0,0.0,,0.0,0.0,0.0,0.0,0.0,0.0,0.0,0.5051020408163265,0.0,0.0,0.0,0.0
2022-09-28,19426.720703125,20.0,9.874404753198162,98,0.0,0.0,0.0,,,0,0.0,0.0,0.0,0.5050505050505051,,0.0,0.0,0.0,0.0,,0.0,0.0,0.0,0.0,0.0,0.0,0.0,0.5050505050505051,0.0,0.0,0.0,0.0
2022-09-29,19573.05078125,22.0,9.881908938953254,99,0.0,0.0,0.0,,,0,0.0,0.0,0.0,0.505,,0.0,0.0,0.0,0.0,,0.0,0.0,0.0,0.0,0.0,0.0,0.0,0.505,0.0,0.0,0.0,0.0
2022-09-30,19431.7890625,21.0,9.874665615461502,100,0.0,0.0,0.0,,,0,0.0,0.0,0.0,0.504950495049505,,0.0,0.0,0.0,0.0,,0.0,0.0,0.0,0.0,0.0,0.0,0.0,0.504950495049505,0.0,0.0,0.0,0.0
2022-10-01,19312.095703125,20.0,9.868486898954952,101,0.0,0.0,0.0,,,0,0.0,0.0,0.0,0.5049019607843137,,0.0,0.0,0.0,0.0,,0.0,0.0,0.0,0.0,0.0,0.0,0.0,0.5049019607843137,0.0,0.0,0.0,0.0
2022-10-02,19044.107421875,24.0,9.854513011018675,102,0.0,0.0,0.0,,,0,0.0,0.0,0.0,0.5048543689320388,,0.0,0.0,0.0,0.0,,0.0,0.0,0.0,0.0,0.0,0.0,0.0,0.5048543689320388,0.0,0.0,0.0,0.0
2022-10-03,19623.580078125,24.0,9.88448718732602,103,0.0,0.0,0.0,,,0,0.0,0.0,0.0,0.5048076923076923,,0.0,0.0,0.0,0.0,,0.0,0.0,0.0,0.0,0.0,0.0,0.0,0.5048076923076923,0.0,0.0,0.0,0.0
2022-10-04,20336.84375,20.0,9.920189483028798,104,0.0,0.0,0.0,,,0,0.0,0.0,0.0,0.5047619047619047,,0.0,0.0,0.0,0.0,,0.0,0.0,0.0,0.0,0.0,0.0,0.0,0.5047619047619047,0.0,0.0,0.0,0.0
2022-10-05,20160.716796875,25.0,9.911491276953772,105,0.0,0.0,0.0,,,0,0.0,0.0,0.0,0.5047169811320755,,0.0,0.0,0.0,0.0,,0.0,0.0,0.0,0.0,0.0,0.0,0.0,0.5047169811320755,0.0,0.0,0.0,0.0
2022-10-06,19955.443359375,26.0,9.901257235195176,106,0.0,0.0,0.0,,,0,0.0,0.0,0.0,0.5046728971962616,,0.0,0.0,0.0,0.0,,0.0,0.0,0.0,0.0,0.0,0.0,0.0,0.5046728971962616,0.0,0.0,0.0,0.0
2022-10-07,19546.849609375,23.0,9.880569407127702,107,0.0,0.0,0.0,,,0,0.0,0.0,0.0,0.5046296296296297,,0.0,0.0,0.0,0.0,,0.0,0.0,0.0,0.0,0.0,0.0,0.0,0.5046296296296297,0.0,0.0,0.0,0.0
2022-10-08,19416.568359375,24.0,9.873882019710539,108,0.0,0.0,0.0,,,0,0.0,0.0,0.0,0.5045871559633027,,0.0,0.0,0.0,0.0,,0.0,0.0,0.0,0.0,0.0,0.0,0.0,0.5045871559633027,0.0,0.0,0.0,0.0
2022-10-09,19446.42578125,22.0,9.87541856769968,109,0.0,0.0,0.0,,,0,0.0,0.0,0.0,0.5045454545454545,,0.0,0.0,0.0,0.0,,0.0,0.0,0.0,0.0,0.0,0.0,0.0,0.5045454545454545,0.0,0.0,0.0,0.0
2022-10-10,19141.484375,22.0,9.859613215552592,110,0.0,0.0,0.0,,,0,0.0,0.0,0.0,0.5045045045045045,,0.0,0.0,0.0,0.0,,0.0,0.0,0.0,0.0,0.0,0.0,0.0,0.5045045045045045,0.0,0.0,0.0,0.0
2022-10-11,19051.41796875,24.0,9.854896811839888,111,0.0,0.0,0.0,,,0,0.0,0.0,0.0,0.5044642857142857,,0.0,0.0,0.0,0.0,,0.0,0.0,0.0,0.0,0.0,0.0,0.0,0.5044642857142857,0.0,0.0,0.0,0.0
2022-10-12,19157.4453125,20.0,9.86044670821436,112,0.0,0.0,0.0,,,0,0.0,0.0,0.0,0.504424778761062,,0.0,0.0,0.0,0.0,,0.0,0.0,0.0,0.0,0.0,0.0,0.0,0.504424778761062,0.0,0.0,0.0,0.0
2022-10-13,19382.904296875,20.0,9.872146734736656,113,0.0,0.0,0.0,,,0,0.0,0.0,0.0,0.5043859649122807,,0.0,0.0,0.0,0.0,,0.0,0.0,0.0,0.0,0.0,0.0,0.0,0.5043859649122807,0.0,0.0,0.0,0.0
2022-10-14,19185.65625,24.0,9.861918208507285,114,0.0,0.0,0.0,,,0,0.0,0.0,0.0,0.5043478260869565,,0.0,0.0,0.0,0.0,,0.0,0.0,0.0,0.0,0.0,0.0,0.0,0.5043478260869565,0.0,0.0,0.0,0.0
2022-10-15,19067.634765625,24.0,9.855747661831694,115,0.0,0.0,0.0,,,0,0.0,0.0,0.0,0.5043103448275862,,0.0,0.0,0.0,0.0,,0.0,0.0,0.0,0.0,0.0,0.0,0.0,0.5043103448275862,0.0,0.0,0.0,0.0
2022-10-16,19268.09375,24.0,9.866205833318512,116,0.0,0.0,0.0,,,0,0.0,0.0,0.0,0.5042735042735043,,0.0,0.0,0.0,0.0,,0.0,0.0,0.0,0.0,0.0,0.0,0.0,0.5042735042735043,0.0,0.0,0.0,0.0
2022-10-17,19550.7578125,20.0,9.880769327449979,117,0.0,0.0,0.0,,,0,0.0,0.0,0.0,0.5042372881355932,,0.0,0.0,0.0,0.0,,0.0,0.0,0.0,0.0,0.0,0.0,0.0,0.5042372881355932,0.0,0.0,0.0,0.0
2022-10-18,19334.416015625,22.0,9.869642000100649,118,0.0,0.0,0.0,,,0,0.0,0.0,0.0,0.5042016806722689,,0.0,0.0,0.0,0.0,,0.0,0.0,0.0,0.0,0.0,0.0,0.0,0.5042016806722689,0.0,0.0,0.0,0.0
2022-10-19,19139.53515625,23.0,9.859511378204708,119,0.0,0.0,0.0,,,0,0.0,0.0,0.0,0.5041666666666667,,0.0,0.0,0.0,0.0,,0.0,0.0,0.0,0.0,0.0,0.0,0.0,0.5041666666666667,0.0,0.0,0.0,0.0
2022-10-20,19053.740234375,23.0,9.855018699045578,120,0.0,0.0,0.0,,,0,0.0,0.0,0.0,0.5041322314049587,,0.0,0.0,0.0,0.0,,0.0,0.0,0.0,0.0,0.0,0.0,0.0,0.5041322314049587,0.0,0.0,0.0,0.0
2022-10-21,19172.46875,23.0,9.861230609698971,121,0.0,0.0,0.0,,,0,0.0,0.0,0.0,0.5040983606557377,,0.0,0.0,0.0,0.0,,0.0,0.0,0.0,0.0,0.0,0.0,0.0,0.5040983606557377,0.0,0.0,0.0,0.0
2022-10-22,19208.189453125,20.0,9.863092001093024,122,0.0,0.0,0.0,,,0,0.0,0.0,0.0,0.5040650406504065,,0.0,0.0,0.0,0.0,,0.0,0.0,0.0,0.0,0.0,0.0,0.0,0.5040650406504065,0.0,0.0,0.0,0.0
2022-10-23,19567.0078125,23.0,9.881600152047197,123,0.0,0.0,0.0,,,0,0.0,0.0,0.0,0.5040322580645161,,0.0,0.0,0.0,0.0,,0.0,0.0,0.0,0.0,0.0,0.0,0.0,0.5040322580645161,0.0,0.0,0.0,0.0
2022-10-24,19345.572265625,22.0,9.870218848791929,124,0.0,0.0,0.0,,,0,0.0,0.0,0.0,0.504,,0.0,0.0,0.0,0.0,,0.0,0.0,0.0,0.0,0.0,0.0,0.0,0.504,0.0,0.0,0.0,0.0
2022-10-25,20095.857421875,20.0,9.908268974391792,125,0.0,0.0,0.0,,,0,0.0,0.0,0.0,0.503968253968254,,0.0,0.0,0.0,0.0,,0.0,0.0,0.0,0.0,0.0,0.0,0.0,0.503968253968254,0.0,0.0,0.0,0.0
2022-10-26,20770.44140625,33.0,9.94128616875074,126,0.0,0.0,0.0,,,0,0.0,0.0,0.0,0.5039370078740157,,0.0,0.0,0.0,0.0,,0.0,0.0,0.0,0.0,0.0,0.0,0.0,0.5039370078740157,0.0,0.0,0.0,0.0
2022-10-27,20285.8359375,32.0,9.917678184429118,127,0.0,0.0,0.0,,,0,0.0,0.0,0.0,0.50390625,,0.0,0.0,0.0,0.0,,0.0,0.0,0.0,0.0,0.0,0.0,0.0,0.50390625,0.0,0.0,0.0,0.0
2022-10-28,20595.3515625,30.0,9.932820677008536,128,0.0,0.0,0.0,,,0,0.0,0.0,0.0,0.5038759689922481,,0.0,0.0,0.0,0.0,,0.0,0.0,0.0,0.0,0.0,0.0,0.0,0.5038759689922481,0.0,0.0,0.0,0.0
2022-10-29,20818.4765625,34.0,9.9435961676618,129,0.0,0.0,0.0,,,0,0.0,0.0,0.0,0.5038461538461538,,0.0,0.0,0.0,0.0,,0.0,0.0,0.0,0.0,0.0,0.0,0.0,0.5038461538461538,0.0,0.0,0.0,0.0
2022-10-30,20635.603515625,34.0,9.934773188942176,130,0.0,0.0,0.0,,,0,0.0,0.0,0.0,0.5038167938931297,,0.0,0.0,0.0,0.0,,0.0,0.0,0.0,0.0,0.0,0.0,0.0,0.5038167938931297,0.0,0.0,0.0,0.0
2022-10-31,20495.7734375,31.0,9.927973970089276,131,0.0,0.0,0.0,,,0,0.0,0.0,0.0,0.5037878787878788,,0.0,0.0,0.0,0.0,,0.0,0.0,0.0,0.0,0.0,0.0,0.0,0.5037878787878788,0.0,0.0,0.0,0.0
2022-11-01,20485.2734375,30.0,9.927461538073482,132,0.0,0.0,0.0,,,0,0.0,0.0,0.0,0.5037593984962406,,0.0,0.0,0.0,0.0,,0.0,0.0,0.0,0.0,0.0,0.0,0.0,0.5037593984962406,0.0,0.0,0.0,0.0
2022-11-02,20159.50390625,30.0,9.911431114057626,133,0.0,0.0,0.0,,,0,0.0,0.0,0.0,0.503731343283582,,0.0,0.0,0.0,0.0,,0.0,0.0,0.0,0.0,0.0,0.0,0.0,0.503731343283582,0.0,0.0,0.0,0.0
2022-11-03,20209.98828125,30.0,9.913932230548413,134,0.0,0.0,0.0,,,0,0.0,0.0,0.0,0.5037037037037037,,0.0,0.0,0.0,0.0,,0.0,0.0,0.0,0.0,0.0,0.0,0.0,0.5037037037037037,0.0,0.0,0.0,0.0
2022-11-04,21147.23046875,30.0,9.959264228796085,135,0.0,0.0,0.0,,,0,0.0,0.0,0.0,0.5036764705882353,,0.0,0.0,0.0,0.0,,0.0,0.0,0.0,0.0,0.0,0.0,0.0,0.5036764705882353,0.0,0.0,0.0,0.0
2022-11-05,21282.69140625,38.0,9.965649411315797,136,0.0,0.0,0.0,,,0,0.0,0.0,0.0,0.5036496350364964,,0.0,0.0,0.0,0.0,,0.0,0.0,0.0,0.0,0.0,0.0,0.0,0.5036496350364964,0.0,0.0,0.0,0.0
2022-11-06,20926.486328125,40.0,9.948770924047743,137,0.0,0.0,0.0,,,0,0.0,0.0,0.0,0.5036231884057971,,0.0,0.0,0.0,0.0,,0.0,0.0,0.0,0.0,0.0,0.0,0.0,0.5036231884057971,0.0,0.0,0.0,0.0
2022-11-07,20602.81640625,33.0,9.933183064182517,138,0.0,0.0,0.0,,,0,0.0,0.0,0.0,0.5035971223021583,,0.0,0.0,0.0,0.0,,0.0,0.0,0.0,0.0,0.0,0.0,0.0,0.5035971223021583,0.0,0.0,0.0,0.0
2022-11-08,18541.271484375,31.0,9.827754417371056,139,0.0,0.0,0.0,,,0,0.0,0.0,0.0,0.5035714285714286,,0.0,0.0,0.0,0.0,,0.0,0.0,0.0,0.0,0.0,0.0,0.0,0.5035714285714286,0.0,0.0,0.0,0.0
2022-11-09,15880.7802734375,29.0,9.672864869200907,140,0.0,0.0,0.0,,,0,0.0,0.0,0.0,0.5035460992907801,,0.0,0.0,0.0,0.0,,0.0,0.0,0.0,0.0,0.0,0.0,0.0,0.5035460992907801,0.0,0.0,0.0,0.0
2022-11-10,17586.771484375,22.0,9.774902278212192,141,0.0,0.0,0.0,,,0,0.0,0.0,0.0,0.5035211267605634,,0.0,0.0,0.0,0.0,,0.0,0.0,0.0,0.0,0.0,0.0,0.0,0.5035211267605634,0.0,0.0,0.0,0.0
2022-11-11,17034.29296875,25.0,9.74298382461089,142,0.0,0.0,0.0,,,0,0.0,0.0,0.0,0.5034965034965035,,0.0,0.0,0.0,0.0,,0.0,0.0,0.0,0.0,0.0,0.0,0.0,0.5034965034965035,0.0,0.0,0.0,0.0
2022-11-12,16799.185546875,21.0,9.72908568486351,143,0.0,0.0,0.0,,,0,0.0,0.0,0.0,0.5034722222222222,,0.0,0.0,0.0,0.0,,0.0,0.0,0.0,0.0,0.0,0.0,0.0,0.5034722222222222,0.0,0.0,0.0,0.0
2022-11-13,16353.365234375,22.0,9.70218897987881,144,0.0,0.0,0.0,,,0,0.0,0.0,0.0,0.503448275862069,,0.0,0.0,0.0,0.0,,0.0,0.0,0.0,0.0,0.0,0.0,0.0,0.503448275862069,0.0,0.0,0.0,0.0
2022-11-14,16618.19921875,24.0,9.71825371228341,145,0.0,0.0,0.0,,,0,0.0,0.0,0.0,0.5034246575342466,,0.0,0.0,0.0,0.0,,0.0,0.0,0.0,0.0,0.0,0.0,0.0,0.5034246575342466,0.0,0.0,0.0,0.0
2022-11-15,16884.61328125,22.0,9.734158029462925,146,0.0,0.0,0.0,,,0,0.0,0.0,0.0,0.5034013605442177,,0.0,0.0,0.0,0.0,,0.0,0.0,0.0,0.0,0.0,0.0,0.0,0.5034013605442177,0.0,0.0,0.0,0.0
2022-11-16,16669.439453125,23.0,9.721332349092188,147,0.0,0.0,0.0,,,0,0.0,0.0,0.0,0.5033783783783784,,0.0,0.0,0.0,0.0,,0.0,0.0,0.0,0.0,0.0,0.0,0.0,0.5033783783783784,0.0,0.0,0.0,0.0
2022-11-17,16687.517578125,20.0,9.722416268512838,148,0.0,0.0,0.0,,,0,0.0,0.0,0.0,0.5033557046979866,,0.0,0.0,0.0,0.0,,0.0,0.0,0.0,0.0,0.0,0.0,0.0,0.5033557046979866,0.0,0.0,0.0,0.0
2022-11-18,16697.77734375,23.0,9.723030896358539,149,0.0,0.0,0.0,,,0,0.0,0.0,0.0,0.5033333333333333,,0.0,0.0,0.0,0.0,,0.0,0.0,0.0,0.0,0.0,0.0,0.0,0.5033333333333333,0.0,0.0,0.0,0.0
2022-11-19,16711.546875,23.0,9.723855189118218,150,0.0,0.0,0.0,,,0,0.0,0.0,0.0,0.5033112582781457,,0.0,0.0,0.0,0.0,,0.0,0.0,0.0,0.0,0.0,0.0,0.0,0.5033112582781457,0.0,0.0,0.0,0.0
2022-11-20,16291.83203125,24.0,9.698419158823798,151,0.0,0.0,0.0,,,0,0.0,0.0,0.0,0.5032894736842105,,0.0,0.0,0.0,0.0,,0.0,0.0,0.0,0.0,0.0,0.0,0.0,0.5032894736842105,0.0,0.0,0.0,0.0
2022-11-21,15787.2841796875,21.0,9.666960096236725,152,0.0,0.0,0.0,,,0,0.0,0.0,0.0,0.5032679738562091,,0.0,0.0,0.0,0.0,,0.0,0.0,0.0,0.0,0.0,0.0,0.0,0.5032679738562091,0.0,0.0,0.0,0.0
2022-11-22,16189.76953125,22.0,9.692134811317116,153,0.0,0.0,0.0,,,0,0.0,0.0,0.0,0.5032467532467533,,0.0,0.0,0.0,0.0,,0.0,0.0,0.0,0.0,0.0,0.0,0.0,0.5032467532467533,0.0,0.0,0.0,0.0
2022-11-23,16610.70703125,22.0,9.717802768302853,154,0.0,0.0,0.0,,,0,0.0,0.0,0.0,0.5032258064516129,,0.0,0.0,0.0,0.0,,0.0,0.0,0.0,0.0,0.0,0.0,0.0,0.5032258064516129,0.0,0.0,0.0,0.0
2022-11-24,16604.46484375,20.0,9.717426904670596,155,0.0,0.0,0.0,,,0,0.0,0.0,0.0,0.5032051282051282,,0.0,0.0,0.0,0.0,,0.0,0.0,0.0,0.0,0.0,0.0,0.0,0.5032051282051282,0.0,0.0,0.0,0.0
2022-11-25,16521.841796875,20.0,9.712438529775493,156,0.0,0.0,0.0,,,0,0.0,0.0,0.0,0.5031847133757962,,0.0,0.0,0.0,0.0,,0.0,0.0,0.0,0.0,0.0,0.0,0.0,0.5031847133757962,0.0,0.0,0.0,0.0
2022-11-26,16464.28125,22.0,9.70894854065387,157,0.0,0.0,0.0,,,0,0.0,0.0,0.0,0.5031645569620253,,0.0,0.0,0.0,0.0,,0.0,0.0,0.0,0.0,0.0,0.0,0.0,0.5031645569620253,0.0,0.0,0.0,0.0
2022-11-27,16444.626953125,26.0,9.707754073849289,158,0.0,0.0,0.0,,,0,0.0,0.0,0.0,0.5031446540880503,,0.0,0.0,0.0,0.0,,0.0,0.0,0.0,0.0,0.0,0.0,0.0,0.5031446540880503,0.0,0.0,0.0,0.0
2022-11-28,16217.322265625,28.0,9.693835225608318,159,0.0,0.0,0.0,,,0,0.0,0.0,0.0,0.503125,,0.0,0.0,0.0,0.0,,0.0,0.0,0.0,0.0,0.0,0.0,0.0,0.503125,0.0,0.0,0.0,0.0
2022-11-29,16444.982421875,26.0,9.707775689718664,160,0.0,0.0,0.0,,,0,0.0,0.0,0.0,0.5031055900621118,,0.0,0.0,0.0,0.0,,0.0,0.0,0.0,0.0,0.0,0.0,0.0,0.5031055900621118,0.0,0.0,0.0,0.0
2022-11-30,17168.56640625,29.0,9.750835456302609,161,0.0,0.0,0.0,,,0,0.0,0.0,0.0,0.5030864197530864,,0.0,0.0,0.0,0.0,,0.0,0.0,0.0,0.0,0.0,0.0,0.0,0.5030864197530864,0.0,0.0,0.0,0.0
2022-12-01,16967.1328125,27.0,9.73903338770724,162,0.0,0.0,0.0,,,0,0.0,0.0,0.0,0.5030674846625767,,0.0,0.0,0.0,0.0,,0.0,0.0,0.0,0.0,0.0,0.0,0.0,0.5030674846625767,0.0,0.0,0.0,0.0
2022-12-02,17088.66015625,27.0,9.746170373753046,163,0.0,0.0,0.0,,,0,0.0,0.0,0.0,0.5030487804878049,,0.0,0.0,0.0,0.0,,0.0,0.0,0.0,0.0,0.0,0.0,0.0,0.5030487804878049,0.0,0.0,0.0,0.0
2022-12-03,16908.236328125,27.0,9.735556138885249,164,0.0,0.0,0.0,,,0,0.0,0.0,0.0,0.503030303030303,,0.0,0.0,0.0,0.0,,0.0,0.0,0.0,0.0,0.0,0.0,0.0,0.503030303030303,0.0,0.0,0.0,0.0
2022-12-04,17130.486328125,26.0,9.748614981348615,165,0.0,0.0,0.0,,,0,0.0,0.0,0.0,0.5030120481927711,,0.0,0.0,0.0,0.0,,0.0,0.0,0.0,0.0,0.0,0.0,0.0,0.5030120481927711,0.0,0.0,0.0,0.0
2022-12-05,16974.826171875,26.0,9.73948671213146,166,0.0,0.0,0.0,,,0,0.0,0.0,0.0,0.5029940119760479,,0.0,0.0,0.0,0.0,,0.0,0.0,0.0,0.0,0.0,0.0,0.0,0.5029940119760479,0.0,0.0,0.0,0.0
2022-12-06,17089.50390625,25.0,9.74621974738228,167,0.0,0.0,0.0,,,0,0.0,0.0,0.0,0.5029761904761905,,0.0,0.0,0.0,0.0,,0.0,0.0,0.0,0.0,0.0,0.0,0.0,0.5029761904761905,0.0,0.0,0.0,0.0
2022-12-07,16848.126953125,29.0,9.731994769549843,168,0.0,0.0,0.0,,,0,0.0,0.0,0.0,0.5029585798816568,,0.0,0.0,0.0,0.0,,0.0,0.0,0.0,0.0,0.0,0.0,0.0,0.5029585798816568,0.0,0.0,0.0,0.0
2022-12-08,17233.474609375,25.0,9.754608969630882,169,0.0,0.0,0.0,,,0,0.0,0.0,0.0,0.5029411764705882,,0.0,0.0,0.0,0.0,,0.0,0.0,0.0,0.0,0.0,0.0,0.0,0.5029411764705882,0.0,0.0,0.0,0.0
2022-12-09,17133.15234375,26.0,9.748770599124994,170,0.0,0.0,0.0,,,0,0.0,0.0,0.0,0.5029239766081871,,0.0,0.0,0.0,0.0,,0.0,0.0,0.0,0.0,0.0,0.0,0.0,0.5029239766081871,0.0,0.0,0.0,0.0
2022-12-10,17128.724609375,27.0,9.748512134919679,171,0.0,0.0,0.0,,,0,0.0,0.0,0.0,0.502906976744186,,0.0,0.0,0.0,0.0,,0.0,0.0,0.0,0.0,0.0,0.0,0.0,0.502906976744186,0.0,0.0,0.0,0.0
2022-12-11,17104.193359375,26.0,9.74707893812229,172,0.0,0.0,0.0,,,0,0.0,0.0,0.0,0.5028901734104047,,0.0,0.0,0.0,0.0,,0.0,0.0,0.0,0.0,0.0,0.0,0.0,0.5028901734104047,0.0,0.0,0.0,0.0
2022-12-12,17206.4375,27.0,9.753038866034595,173,0.0,0.0,0.0,,,0,0.0,0.0,0.0,0.5028735632183908,,0.0,0.0,0.0,0.0,,0.0,0.0,0.0,0.0,0.0,0.0,0.0,0.5028735632183908,0.0,0.0,0.0,0.0
2022-12-13,17781.318359375,27.0,9.785903654765324,174,0.0,0.0,0.0,,,0,0.0,0.0,0.0,0.5028571428571429,,0.0,0.0,0.0,0.0,,0.0,0.0,0.0,0.0,0.0,0.0,0.0,0.5028571428571429,0.0,0.0,0.0,0.0
2022-12-14,17815.650390625,30.0,9.787832585407495,175,0.0,0.0,0.0,,,0,0.0,0.0,0.0,0.5028409090909091,,0.0,0.0,0.0,0.0,,0.0,0.0,0.0,0.0,0.0,0.0,0.0,0.5028409090909091,0.0,0.0,0.0,0.0
2022-12-15,17364.865234375,31.0,9.762204204386471,176,0.0,0.0,0.0,,,0,0.0,0.0,0.0,0.5028248587570622,,0.0,0.0,0.0,0.0,,0.0,0.0,0.0,0.0,0.0,0.0,0.0,0.5028248587570622,0.0,0.0,0.0,0.0
2022-12-16,16647.484375,29.0,9.72001439540497,177,0.0,0.0,0.0,,,0,0.0,0.0,0.0,0.5028089887640449,,0.0,0.0,0.0,0.0,,0.0,0.0,0.0,0.0,0.0,0.0,0.0,0.5028089887640449,0.0,0.0,0.0,0.0
2022-12-17,16795.091796875,28.0,9.728841967757862,178,0.0,0.0,0.0,,,0,0.0,0.0,0.0,0.5027932960893855,,0.0,0.0,0.0,0.0,,0.0,0.0,0.0,0.0,0.0,0.0,0.0,0.5027932960893855,0.0,0.0,0.0,0.0
2022-12-18,16757.9765625,26.0,9.726629636586503,179,0.0,0.0,0.0,,,0,0.0,0.0,0.0,0.5027777777777778,,0.0,0.0,0.0,0.0,,0.0,0.0,0.0,0.0,0.0,0.0,0.0,0.5027777777777778,0.0,0.0,0.0,0.0
2022-12-19,16439.6796875,29.0,9.70745318469165,180,0.0,0.0,0.0,,,0,0.0,0.0,0.0,0.5027624309392266,,0.0,0.0,0.0,0.0,,0.0,0.0,0.0,0.0,0.0,0.0,0.0,0.5027777777777778,0.0,0.0,0.0,0.0
2022-12-20,16906.3046875,29.0,9.735441889774123,181,0.0,0.0,0.0,,,0,0.0,0.0,0.0,0.5027472527472527,,0.0,0.0,0.0,0.0,,0.0,0.0,0.0,0.0,0.0,0.0,0.0,0.5027777777777778,0.0,0.0,0.0,0.0
2022-12-21,16817.53515625,26.0,9.730177380353945,182,0.0,0.0,0.0,,,0,0.0,0.0,0.0,0.5027322404371585,,0.0,0.0,0.0,0.0,,0.0,0.0,0.0,0.0,0.0,0.0,0.0,0.5027777777777778,0.0,0.0,0.0,0.0
2022-12-22,16830.341796875,28.0,9.730938595765025,183,0.0,0.0,0.0,,,0,0.0,0.0,0.0,0.5027173913043478,,0.0,0.0,0.0,0.0,,0.0,0.0,0.0,0.0,0.0,0.0,0.0,0.5027777777777778,0.0,0.0,0.0,0.0
2022-12-23,16796.953125,27.0,9.728952787336203,184,0.0,0.0,0.0,,,0,0.0,0.0,0.0,0.5027027027027027,,0.0,0.0,0.0,0.0,,0.0,0.0,0.0,0.0,0.0,0.0,0.0,0.5027777777777778,0.0,0.0,0.0,0.0
2022-12-24,16847.755859375,29.0,9.731972743490926,185,0.0,0.0,0.0,,,0,0.0,0.0,0.0,0.5026881720430108,,0.0,0.0,0.0,0.0,,0.0,0.0,0.0,0.0,0.0,0.0,0.0,0.5027777777777778,0.0,0.0,0.0,0.0
2022-12-25,16841.986328125,29.0,9.731630233816956,186,0.0,0.0,0.0,,,0,0.0,0.0,0.0,0.5026737967914439,,0.0,0.0,0.0,0.0,,0.0,0.0,0.0,0.0,0.0,0.0,0.0,0.5027777777777778,0.0,0.0,0.0,0.0
2022-12-26,16919.8046875,28.0,9.736240089801628,187,0.0,0.0,0.0,,,0,0.0,0.0,0.0,0.5026595744680851,,0.0,0.0,0.0,0.0,,0.0,0.0,0.0,0.0,0.0,0.0,0.0,0.5027777777777778,0.0,0.0,0.0,0.0
2022-12-27,16717.173828125,27.0,9.72419184293325,188,0.0,0.0,0.0,,,0,0.0,0.0,0.0,0.5026455026455027,,0.0,0.0,0.0,0.0,,0.0,0.0,0.0,0.0,0.0,0.0,0.0,0.5027777777777778,0.0,0.0,0.0,0.0
2022-12-28,16552.572265625,28.0,9.714296792632998,189,0.0,0.0,0.0,,,0,0.0,0.0,0.0,0.5026315789473684,,0.0,0.0,0.0,0.0,,0.0,0.0,0.0,0.0,0.0,0.0,0.0,0.5027777777777778,0.0,0.0,0.0,0.0
2022-12-29,16642.341796875,28.0,9.719705437458519,190,0.0,0.0,0.0,,,0,0.0,0.0,0.0,0.5026178010471204,,0.0,0.0,0.0,0.0,,0.0,0.0,0.0,0.0,0.0,0.0,0.0,0.5027777777777778,0.0,0.0,0.0,0.0
2022-12-30,16602.5859375,28.0,9.717313741579758,191,0.0,0.0,0.0,,,0,0.0,0.0,0.0,0.5026041666666666,,0.0,0.0,0.0,0.0,,0.0,0.0,0.0,0.0,0.0,0.0,0.0,0.5027777777777778,0.0,0.0,0.0,0.0
2022-12-31,16547.49609375,25.0,9.7139900759302,192,0.0,0.0,0.0,,,0,0.0,0.0,0.0,0.5025906735751295,,0.0,0.0,0.0,0.0,,0.0,0.0,0.0,0.0,0.0,0.0,0.0,0.5027777777777778,0.0,0.0,0.0,0.0
2023-01-01,16625.080078125,26.0,9.718667682241778,193,0.0,0.0,0.0,,,0,0.0,0.0,0.0,0.5025773195876289,,0.0,0.0,0.0,0.0,,0.0,0.0,0.0,0.0,0.0,0.0,0.0,0.5027777777777778,0.0,0.0,0.0,0.0
2023-01-02,16688.470703125,27.0,9.722473382926482,194,0.0,0.0,0.0,,,0,0.0,0.0,0.0,0.5025641025641026,,0.0,0.0,0.0,0.0,,0.0,0.0,0.0,0.0,0.0,0.0,0.0,0.5027777777777778,0.0,0.0,0.0,0.0
2023-01-03,16679.857421875,26.0,9.721957128026984,195,0.0,0.0,0.0,,,0,0.0,0.0,0.0,0.5025510204081632,,0.0,0.0,0.0,0.0,,0.0,0.0,0.0,0.0,0.0,0.0,0.0,0.5027777777777778,0.0,0.0,0.0,0.0
2023-01-04,16863.23828125,29.0,9.73289128198902,196,0.0,0.0,0.0,,,0,0.0,0.0,0.0,0.5025380710659898,,0.0,0.0,0.0,0.0,,0.0,0.0,0.0,0.0,0.0,0.0,0.0,0.5027777777777778,0.0,0.0,0.0,0.0
2023-01-05,16836.736328125,29.0,9.731318464270581,197,0.0,0.0,0.0,,,0,0.0,0.0,0.0,0.5025252525252525,,0.0,0.0,0.0,0.0,,0.0,0.0,0.0,0.0,0.0,0.0,0.0,0.5027777777777778,0.0,0.0,0.0,0.0
2023-01-06,16951.96875,26.0,9.738139256506134,198,0.0,0.0,0.0,,,0,0.0,0.0,0.0,0.5025125628140703,,0.0,0.0,0.0,0.0,,0.0,0.0,0.0,0.0,0.0,0.0,0.0,0.5027777777777778,0.0,0.0,0.0,0.0
2023-01-07,16955.078125,25.0,9.738322662334438,199,0.0,0.0,0.0,,,0,0.0,0.0,0.0,0.5025,,0.0,0.0,0.0,0.0,,0.0,0.0,0.0,0.0,0.0,0.0,0.0,0.5027777777777778,0.0,0.0,0.0,0.0
2023-01-08,17091.14453125,25.0,9.746315744683459,200,0.0,0.0,0.0,,,0,0.0,0.0,0.0,0.5024875621890548,,0.0,0.0,0.0,0.0,,0.0,0.0,0.0,0.0,0.0,0.0,0.0,0.5027777777777778,0.0,0.0,0.0,0.0
2023-01-09,17196.5546875,25.0,9.752464333870766,201,0.0,0.0,0.0,,,0,0.0,0.0,0.0,0.5024752475247525,,0.0,0.0,0.0,0.0,,0.0,0.0,0.0,0.0,0.0,0.0,0.0,0.5027777777777778,0.0,0.0,0.0,0.0
2023-01-10,17446.29296875,26.0,9.766882467741652,202,0.0,0.0,0.0,,,0,0.0,0.0,0.0,0.5024630541871922,,0.0,0.0,0.0,0.0,,0.0,0.0,0.0,0.0,0.0,0.0,0.0,0.5027777777777778,0.0,0.0,0.0,0.0
2023-01-11,17934.896484375,26.0,9.794503618239384,203,0.0,0.0,0.0,,,0,0.0,0.0,0.0,0.5024509803921569,,0.0,0.0,0.0,0.0,,0.0,0.0,0.0,0.0,0.0,0.0,0.0,0.5027777777777778,0.0,0.0,0.0,0.0
2023-01-12,18869.587890625,30.0,9.84530679872957,204,0.0,0.0,0.0,,,0,0.0,0.0,0.0,0.5024390243902439,,0.0,0.0,0.0,0.0,,0.0,0.0,0.0,0.0,0.0,0.0,0.0,0.5027777777777778,0.0,0.0,0.0,0.0
2023-01-13,19909.57421875,31.0,9.89895601153324,205,0.0,0.0,0.0,,,0,0.0,0.0,0.0,0.5024271844660194,,0.0,0.0,0.0,0.0,,0.0,0.0,0.0,0.0,0.0,0.0,0.0,0.5027777777777778,0.0,0.0,0.0,0.0
2023-01-14,20976.298828125,46.0,9.951148452094081,206,0.0,0.0,0.0,,,0,0.0,0.0,0.0,0.5024154589371981,,0.0,0.0,0.0,0.0,,0.0,0.0,0.0,0.0,0.0,0.0,0.0,0.5027777777777778,0.0,0.0,0.0,0.0
2023-01-15,20880.798828125,52.0,9.946585299316718,207,0.0,0.0,0.0,,,0,0.0,0.0,0.0,0.5024038461538461,,0.0,0.0,0.0,0.0,,0.0,0.0,0.0,0.0,0.0,0.0,0.0,0.5027777777777778,0.0,0.0,0.0,0.0
2023-01-16,21169.6328125,45.0,9.960323019268994,208,0.0,0.0,0.0,,,0,0.0,0.0,0.0,0.5023923444976076,,0.0,0.0,0.0,0.0,,0.0,0.0,0.0,0.0,0.0,0.0,0.0,0.5027777777777778,0.0,0.0,0.0,0.0
2023-01-17,21161.51953125,51.0,9.95993969488966,209,0.0,0.0,0.0,,,0,0.0,0.0,0.0,0.5023809523809524,,0.0,0.0,0.0,0.0,,0.0,0.0,0.0,0.0,0.0,0.0,0.0,0.5027777777777778,0.0,0.0,0.0,0.0
2023-01-18,20688.78125,52.0,9.93734686373636,210,0.0,0.0,0.0,,,0,0.0,0.0,0.0,0.5023696682464455,,0.0,0.0,0.0,0.0,,0.0,0.0,0.0,0.0,0.0,0.0,0.0,0.5027777777777778,0.0,0.0,0.0,0.0
2023-01-19,21086.79296875,45.0,9.956402197839259,211,0.0,0.0,0.0,,,0,0.0,0.0,0.0,0.5023584905660378,,0.0,0.0,0.0,0.0,,0.0,0.0,0.0,0.0,0.0,0.0,0.0,0.5027777777777778,0.0,0.0,0.0,0.0
2023-01-20,22676.552734375,51.0,10.029086750450306,212,0.0,0.0,0.0,,,0,0.0,0.0,0.0,0.5023474178403756,,0.0,0.0,0.0,0.0,,0.0,0.0,0.0,0.0,0.0,0.0,0.0,0.5027777777777778,0.0,0.0,0.0,0.0
2023-01-21,22777.625,53.0,10.033533973444758,213,0.0,0.0,0.0,,,0,0.0,0.0,0.0,0.5023364485981309,,0.0,0.0,0.0,0.0,,0.0,0.0,0.0,0.0,0.0,0.0,0.0,0.5027777777777778,0.0,0.0,0.0,0.0
2023-01-22,22720.416015625,53.0,10.031019183214326,214,0.6045961536606924,0.7063249470003446,0.6142672155237142,257.8592716965665,43.85927169656651,15,0.10992657339285317,0.1284227176364263,0.11168494827703895,0.5023255813953489,43.85927169656651,0.0,0.0,0.6679526267946652,0.9051482536448665,257.8592716965665,0.6142672155237142,0.6045961536606924,0.10992657339285317,0.11168494827703895,0.1645724097536121,2.7272727272727275,0.10992657339285317,1.0,0.7063249470003446,0.1,0.32314893379174653,0.05875435159849937
2023-01-23,22934.431640625,50.0,10.040394625412896,215,0.0,0.0,0.0,,,0,0.08993992368506168,0.1050731326116215,0.09137859404485005,0.5023148148148148,42.85927169656651,0.0,0.0,0.0,0.0,257.8592716965665,0.6211304653636676,0.0,0.08993992368506168,0.20431140592915326,0.13465015343477352,2.231404958677686,0.08993992368506168,0.9944444444444445,0.0,0.0,0.0,0.048071742216954025
2023-01-24,22636.46875,52.0,10.02731754621199,216,0.0,0.0,0.0,,,0,0.07358721028777773,0.08596892668223577,0.07476430421851367,0.5023041474654378,41.85927169656651,0.0,0.0,0.0,0.0,257.8592716965665,0.6280703987660433,0.0,0.07358721028777773,0.2813584955358605,0.11016830735572378,1.825694966190834,0.07358721028777773,0.9888888888888889,0.0,0.0,0.0,0.03933142545023511
2023-01-25,23117.859375,51.0,10.048360730913313,217,0.0,0.0,0.0,,,0,0.060207717508181775,0.07033821274001108,0.06117079436060209,0.5022935779816514,40.85927169656651,0.0,0.0,0.0,0.0,257.8592716965665,0.6350878725215575,0.0,0.060207717508181775,0.3456729277150781,0.09013770601831944,1.4937504268834094,0.060207717508181775,0.9833333333333333,0.0,0.0,0.0,0.032180257186556
2023-01-26,23032.77734375,54.0,10.044673582319469,218,0.0891307182137684,0.8323758925989884,0.9958638655826663,218.37302406930428,0.3730240693042788,1,0.06546644490919752,0.20889051816891602,0.23111498912825013,0.502283105022831,36.0986766844463,0.0,0.0,0.894276227279996,0.09966799462495582,254.0986766844463,0.6695855047912959,0.07604485456740345,0.0630871969734948,0.40456612354711774,0.0918704857649806,1.4039776219955167,0.0630871969734948,0.9833333333333333,0.8323758925989884,0.006666666666666667,0.1207133194391434,0.04827717759611734
2023-01-27,23078.728515625,55.0,10.046666628793634,219,0.67359522515666,0.6395234596669117,0.8928445526845625,229.20085077597417,10.200850775974175,16,0.17603531404509978,0.28718741662309705,0.35142945522939784,0.5022727272727273,32.7274551693537,0.0,0.0,0.7308432320232912,0.9216685544064713,251.7274551693537,0.6951425192502528,0.6094221009370362,0.16242081587595686,0.45739819549314226,0.24274286188161526,4.0577998725417865,0.16242081587595686,1.0,0.6395234596669117,0.10666666666666667,0.312410324280166,0.0963013860841262
2023-01-28,23031.08984375,52.0,10.04460031448054,220,0.32828969530429475,0.5723572315057568,0.9823406886260797,221.60353876306397,1.6035387630639661,5,0.20371792881949885,0.3390364738744897,0.4661405885742491,0.502262443438914,28.85851074970708,0.0,0.0,0.7104036068489509,0.46211715726000974,248.85851074970708,0.7256771068896039,0.29083707397728875,0.18576922643983537,0.506176179383408,0.2826290974049597,4.229108986625098,0.18576922643983537,1.0,0.5723572315057568,0.03333333333333333,0.1835489070020752,0.11216457170557145
2023-01-29,23774.56640625,55.0,10.076371649865585,221,0.42979558937882467,0.5798520540037905,0.9658859155237414,224.12385964542753,3.1238596454275296,7,0.24482295801210355,0.38282112480708985,0.5570033752923386,0.5022522522522522,25.502829692156638,0.0,0.0,0.7111490811587462,0.6043677771171634,246.50282969215664,0.7532449732890923,0.38910437858136715,0.22273925410193204,0.5510977782753506,0.3411270391708149,4.732907352693262,0.22273925410193204,1.0,0.5798520540037905,0.04666666666666667,0.21163769960413253,0.13025059495985528
2023-01-30,22840.138671875,61.0,10.036274735199633,222,0.1715465793044381,0.2776485346779616,0.9362652851655898,227.92707765054774,5.927077650547744,4,0.2314999800652553,0.36369883569270284,0.6259600861783843,0.5022421524663677,22.73371045009864,0.0,0.0,0.4514990073566889,0.3799489622552249,244.73371045009864,0.7767810301745017,0.15919958767034756,0.21118658747800756,0.5921310968024689,0.3481855706407076,4.599651470385396,0.21118658747800756,0.9944444444444445,0.2776485346779616,0.02666666666666667,0.10876388809702504,0.12634392098479524
2023-01-31,23139.283203125,51.0,10.049287023739147,223,0.6986798332369966,0.828400583125046,0.9439150531147787,228.19471926935694,5.194719269356938,11,0.31644177155102643,0.4481900624985834,0.6837700801668196,0.5022321428571429,20.158568432885147,0.0,0.0,0.8728053554647819,0.8004990217606297,243.15856843288515,0.799327848617825,0.6537248900857721,0.2916480970430556,0.62980323349617,0.43042437993523885,5.763351203042596,0.2916480970430556,1.0,0.828400583125046,0.07333333333333333,0.31409773741774527,0.16048097851805887
2023-02-01,23723.76953125,56.0,10.07423275832915,224,0.8061963866780825,0.7576145177965354,0.930588551059958,230.47442381584042,6.474423815840424,23,0.4054880652104912,0.5044490543709383,0.7286461657837539,1.0,17.950554659833244,0.6343125290917307,0.06343125290917308,0.8225684634178798,0.9800963962661914,241.95055465983324,0.8191806813335399,0.7661073800755802,0.3779134212307873,0.664235496739328,0.5303647465408665,8.89728734794394,0.3779134212307873,1.0,0.7576145177965354,0.15333333333333332,0.39987440210583414,0.20400705553401802
2023-02-02,23471.87109375,60.0,10.063558008451782,225,0.8125231635679121,0.7933894213191754,0.941771163719466,230.39936639144094,5.399366391440935,19,0.47949444673002223,0.5569836665433451,0.7673961654084288,1.0,15.850441491414955,0.6167884089633231,0.12511009380550536,0.8497085704619731,0.9562374581277391,240.85044149141495,0.8385206953976515,0.7756452007792033,0.4502282902395902,0.6959237146772049,0.6077961486475706,10.734144193772314,0.4502282902395902,1.0,0.7933894213191754,0.12666666666666668,0.3808524730903448,0.23616076781698653
2023-02-03,23449.322265625,60.0,10.06259687220411,226,0.726064998371484,0.7514580557962285,0.9349580723530926,232.05282337918092,6.052823379180921,14,0.5243254561193789,0.5923426464075057,0.7978619666710949,0.9955947136563876,14.012573099773618,0.0,0.12511009380550536,0.8200865722064046,0.8853516482022624,240.01257309977362,0.8558199560639936,0.7008282674835297,0.49579192246576104,0.7249957585657119,0.6582607849302418,11.327936158540984,0.49579192246576104,1.0,0.7514580557962285,0.09333333333333334,0.32625528638854917,0.25254158937545246
2023-02-04,23331.84765625,58.0,10.057574558461246,227,0.7071387854062131,0.6983581199081024,0.9243683570810785,234.07801687392796,7.0780168739279645,15,0.5575642432624396,0.6116181870439777,0.8208631285638192,0.9912280701754386,12.447377268740723,0.0,0.12511009380550536,0.7812408437608916,0.9051482536448665,239.44737726874072,0.8708337509000053,0.6904635091807393,0.5311867564139389,0.751511757171947,0.703149415605628,11.99558412971535,0.5311867564139389,1.0,0.6983581199081024,0.1,0.3209570445489961,0.2649807630433695
2023-02-05,22955.666015625,58.0,10.04132007022997,228,0.7634029730600652,0.9320253074544306,0.891820956784043,238.30408988790822,10.30408988790822,12,0.5949894668620078,0.6698740271186056,0.833764551876587,0.9868995633187773,11.338492756280488,0.0,0.12511009380550536,0.91573052753361,0.8336546070121552,239.3384927562805,0.8816296114452803,0.7599014005308324,0.5727712371624649,0.7751695488580076,0.7268776322249966,11.99638701522165,0.5727712371624649,1.0,0.9320253074544306,0.08,0.3490539988779085,0.28026680592237657
2023-02-06,22760.109375,56.0,10.032764693808685,229,0.7948714733710692,0.9710215965355111,0.8540425951535427,243.19967882875798,14.199678828757982,13,0.6313316498636553,0.724628130648952,0.8374514688360335,0.9826086956521739,10.706224763183116,0.0,0.12511009380550536,0.9224209246093488,0.8617231593133063,239.70622476318312,0.8878450424840992,0.8073093235466816,0.6154145255959589,0.7956560022445697,0.7513950007865074,12.178862103363167,0.6154145255959589,1.0,0.9710215965355111,0.08666666666666667,0.369384077328222,0.29646994617798483
2023-02-07,23264.291015625,54.0,10.054674889523618,230,0.621428241646046,0.621270301767188,0.797548827492962,250.35909984507649,20.359099845076486,15,0.6295310301877263,0.705835798124995,0.8301964431372932,0.9783549783549783,10.720784294791997,0.0,0.12511009380550536,0.6865485727268081,0.9051482536448665,240.720784294792,0.8877014251237559,0.6486267283648738,0.6214531079175797,0.8123915336771489,0.7793501376698454,12.691796266388046,0.6214531079175797,1.0,0.621270301767188,0.1,0.299204662099391,0.29696716725460415
2023-02-08,22939.3984375,58.0,10.040611167039613,231,0.7807291364177839,0.913973239334256,0.7907723103809755,252.1270682692306,21.12706826923059,15,0.6570215949568277,0.7436789692539515,0.823028418999781,1.0,10.807097054262329,0.9126488168280671,0.2163749754883121,0.862542830165037,0.9051482536448665,241.80709705426233,0.8868505003361425,0.8173724057950326,0.6570747984407529,0.8259295276151477,0.8022225223925764,13.111469672499311,0.6570747984407529,1.0,0.913973239334256,0.1,0.3771899285454023,0.3115531238529311
2023-02-09,21819.0390625,55.0,9.990538219118495,232,0.7946200015283998,0.9740031402254897,0.7512057460069533,257.746813181197,25.746813181197012,15,0.6820394870607499,0.7855560912487767,0.8099697511829032,1.0,11.325165256827546,0.7975639301911917,0.29613136850743127,0.8778893383803266,0.9051482536448665,243.32516525682755,0.88176017575851,0.8472198531734356,0.6916466265739679,0.8360805545503045,0.8209362917111745,13.454838822953981,0.6916466265739679,1.0,0.9740031402254897,0.1,0.39186476421013805,0.32615524028151416
2023-02-10,21651.18359375,48.0,9.98281540139359,233,0.5850589208646294,0.6434429853177668,0.5815424076348805,281.7864243509824,48.78642435098237,18,0.6644066568432734,0.7597173447158657,0.7684375069014444,0.9957264957264957,13.988142313413732,0.0,0.29613136850743127,0.6179290297342299,0.9468060128462683,246.98814231341373,0.8560523026482781,0.6829158140285758,0.6900592061111693,0.8397117814772088,0.8438216955539188,14.281231764235075,0.6900592061111693,0.9944444444444445,0.6434429853177668,0.12,0.3286839827624489,0.3266150116416841
2023-02-11,21870.875,49.0,9.992911122015416,234,0.03413504550986609,0.1717770019732794,0.964193916832787,237.281656145492,3.2816561454920077,1,0.5498118184190174,0.65281910058085,0.8040295814344158,0.9914893617021276,12.063715059325943,0.0,0.23270011559825815,0.342487532114136,0.09966799462495582,246.06371505932594,0.8745539636375917,0.032828374286743865,0.570562691234001,0.8460467236881875,0.7085210226577436,11.86646235255597,0.570562691234001,0.9666666666666667,0.1717770019732794,0.006666666666666667,0.046831978705007486,0.27574536928956106
2023-02-12,21788.203125,50.0,9.98912396125247,235,0.06644446957865288,0.5290867505116224,0.9429039776998357,240.2911745144744,5.291174514474392,1,0.4619268459025875,0.6303223096591721,0.8292794716644922,0.9872881355932204,10.513949293149608,0.0,0.17102127470192588,0.6666580363002095,0.09966799462495582,245.5139492931496,0.8897438569906264,0.0649199013146846,0.47862763852139806,0.8539916570159036,0.5978204721063276,9.89074192481852,0.47862763852139806,0.95,0.5290867505116224,0.006666666666666667,0.09197708213398932,0.24233295344309347
2023-02-13,21808.1015625,48.0,9.990036811046709,236,0.16624257933210318,0.3981847127458928,0.9791079523614986,237.9002037087279,1.9002037087279007,3,0.4081660701624994,0.5881154738567577,0.8565210136094025,0.9789029535864979,8.788830666061813,0.0,0.17102127470192588,0.5706672908291215,0.2913126124515909,244.7888306660618,0.9069629541598573,0.16123000099275314,0.4209189771525535,0.8636228019511678,0.5420917703509209,8.637879756669697,0.4209189771525535,0.9388888888888889,0.3981847127458928,0.02,0.12035461493231617,0.22015507371386123
2023-02-14,22220.8046875,50.0,10.008784277096845,237,0.23797475510016344,0.4690242177990409,0.9665429623351846,240.06265768763626,3.0626576876362606,4,0.3772221946966201,0.5664625182099,0.8765250042868173,0.9957983193277311,7.338718953830806,0.47935685988617066,0.21895696069054296,0.6263334782851901,0.3799489622552249,244.3387189538308,0.9216946230697727,0.2334948171024423,0.3868418571434423,0.8741813148818232,0.5126112597880671,7.794628891820661,0.3868418571434423,0.9333333333333333,0.4690242177990409,0.02666666666666667,0.14897200180342385,0.2072126970028726
2023-02-15,24307.841796875,53.0,10.098554284960041,238,0.4096208667513176,0.3725482753702004,0.932980007373835,244.24343560194222,6.243435601942224,10,0.38311286234292874,0.5312053831481365,0.8867895503026386,1.0,6.3296443488890475,0.42764909033967885,0.26172186972451084,0.5378466517212999,0.7615941559557649,244.32964434888905,0.9320867570602775,0.4094639505849134,0.3909549650418916,0.8847095770960876,0.557880877273103,8.195605456944177,0.3909549650418916,0.9333333333333333,0.3725482753702004,0.06666666666666667,0.1871858564038618,0.20357145325759787
2023-02-16,23623.474609375,62.0,10.069996183478477,239,0.4695506988989433,0.4114298077686141,0.9021883457766078,248.2638774486905,9.263877448690494,12,0.39882883262584046,0.5094280058064051,0.8895893312979056,1.0,5.7043332155368205,0.0,0.26172186972451084,0.5632436922310404,0.8336546070121552,244.70433321553682,0.9385853536828832,0.47703815360622487,0.40660645387177036,0.8945051728391412,0.608021555407476,8.8873135556816,0.40660645387177036,0.9333333333333333,0.4114298077686141,0.08,0.2137043913626672,0.20541380564033776
2023-02-17,24565.6015625,61.0,10.109102432904576,240,0.47746093794909455,0.40034063131838293,0.9021540436067974,249.2672994103996,9.267299410399602,13,0.41312557904825026,0.4895939377176738,0.8918738244449769,1.0,5.1389014245713724,0.40134704680590794,0.3018565744051016,0.5540769477863119,0.8617231593133063,245.13890142457137,0.9445006491769035,0.48630246521421316,0.42109663775221445,0.903595259446007,0.6541491197539906,9.635074727375853,0.42109663775221445,0.9388888888888889,0.40034063131838293,0.08666666666666667,0.21706941664283122,0.20753300764079108
2023-02-18,24641.27734375,60.0,10.11217825655339,241,0.5948571799421379,0.47162511363757564,0.9234486233612242,248.1676102075739,7.167610207573887,20,0.44616768830168435,0.48632687879401953,0.8976146969752037,1.0,4.42734988009542,0.4816937361192031,0.2587610663342152,0.6170541094844556,0.9640275800758169,245.42734988009542,0.9519975892965465,0.6021462029170205,0.4540147405094519,0.912395683055196,0.7104906579943226,11.519606595125698,0.4540147405094519,0.9444444444444444,0.47162511363757564,0.13333333333333333,0.28453365872486824,0.2215331260197142
2023-02-19,24327.642578125,60.0,10.099368537458952,242,0.5075953667248606,0.4682114413807692,0.9029541609883911,251.18751408908076,9.187514089080764,12,0.4573363571058982,0.4830331629007013,0.898585508613965,1.0,3.975936947617811,0.43787119236914473,0.22279179255201056,0.608879699644555,0.8336546070121552,245.9759369476178,0.9567845177521902,0.5194897984318302,0.4659192964953388,0.9204663802728312,0.7328841032702922,11.606950850557388,0.4659192964953388,0.9444444444444444,0.4682114413807692,0.08,0.23094108827770335,0.22324366461207587
2023-02-20,24829.1484375,58.0,10.119773582203267,243,0.4294095441692505,0.35384960849917024,0.9046607887705366,252.01757021242548,9.017570212425483,12,0.4522587547537804,0.45954524391860474,0.8996901050060689,1.0,3.5513305918852325,0.0,0.22279179255201056,0.5150928700655395,0.8336546070121552,246.55133059188523,0.9613091469203382,0.4399695457303581,0.461201159992615,0.9278923378451052,0.7512060130415399,11.678414332274226,0.461201159992615,0.9388888888888889,0.35384960849917024,0.08,0.19522131168630308,0.21814869135284443
2023-02-21,24436.353515625,60.0,10.103827200665544,244,0.5228824004296658,0.5599715253310666,0.9320777440550735,250.33051462666538,6.3305146266653765,10,0.46509941760394136,0.4778045678117796,0.9055787666513424,1.0,2.911252880911917,0.5717753547718224,0.2799693280291928,0.686563041930742,0.7615941559557649,246.91125288091192,0.9681703224566748,0.5308891815821013,0.4738717093725216,0.9352156077744814,0.7530947662986717,11.373248090042548,0.4738717093725216,0.9444444444444444,0.5599715253310666,0.06666666666666667,0.23903586227624204,0.22194635879346217
2023-02-22,24188.84375,59.0,10.09364680378454,245,0.42844872075950213,0.49606483680816604,0.9571040181226171,248.9458881406298,3.9458881406297905,8,0.458435654541316,0.4811246167202135,0.9149469941915741,0.9959349593495935,2.105027667551724,0.0,0.2799693280291928,0.6452183673302926,0.664036770267849,247.10502766755172,0.9768822108296854,0.4319684967835153,0.4662529434472477,0.9427913537845185,0.7369024033839766,10.759930255489357,0.4662529434472477,0.9388888888888889,0.49606483680816604,0.05333333333333334,0.20329306200249864,0.21855485028601424
2023-02-23,23947.4921875,56.0,10.083618887022523,246,0.6365725062317266,0.6624963631100167,0.6014115499926161,291.76282230928575,45.76282230928575,37,0.49082417303048154,0.5141012978819959,0.8579405497917635,1.0,5.358150966764498,0.4903581511510304,0.32900514314429585,0.637351195611947,0.9987782412811311,251.3581509667645,0.9422025458036895,0.7617928303508574,0.519987468338813,0.9426842977880041,0.7845161920925501,15.530852027218565,0.519987468338813,0.9555555555555556,0.6624963631100167,0.24666666666666667,0.4462253975047705,0.259949495234879
2023-02-24,23198.126953125,53.0,10.051826819616078,247,0.6655589203343429,0.5265827164603875,0.9575223581886952,250.9065586850117,3.906558685011703,30,0.522594127085729,0.5163706467144307,0.8760463331366601,1.0,4.31514217802615,0.7197677180481736,0.3530462289604961,0.6688666305732544,0.9950547536867305,251.31514217802615,0.9531852346243411,0.664351410869456,0.546235457889839,0.9445935590309744,0.8227959305642192,18.161606204087917,0.546235457889839,0.9611111111111111,0.5265827164603875,0.2,0.3575130989678095,0.27768833227723
2023-02-25,23175.375,52.0,10.050845571532914,248,0.650865356411056,0.5152969486749398,0.924012403523845,255.11268053331008,7.112680533310083,55,0.545916168781243,0.5161754288890686,0.884767436843421,1.0,3.6768124975770036,0.7338303426375443,0.3836643541902826,0.6508870978910508,0.9999665971563038,251.676812497577,0.959969781907557,0.6608806869036344,0.5670800449832563,0.9473892359176257,0.8550087790355072,24.85949598516284,0.5670800449832563,0.9611111111111111,0.5152969486749398,0.36666666666666664,0.44972094508019156,0.3089669891504957
2023-02-26,23561.212890625,51.0,10.067357117366784,249,0.6295026340464625,0.5585596532417311,0.753419068161153,274.4820307109317,25.482030710931724,48,0.5611137079203738,0.5238816514986436,0.8608859152648267,1.0,4.848738041706014,0.517304412701923,0.4353947954604749,0.6295879106581829,0.9998645517007604,253.848738041706,0.9475506688182185,0.6899599557739773,0.5894218469452055,0.947418587354097,0.8813461922473714,29.066860351496867,0.5894218469452055,0.9722222222222222,0.5585596532417311,0.32,0.4469940358230861,0.3340628158182394
2023-02-27,23522.87109375,50.0,10.06572846487509,250,0.6641960694289083,0.604444412770455,0.765121687794127,274.0948349914424,24.094834991442383,57,0.5798559554673801,0.5385294262753366,0.8434742375428812,1.0,5.776937751204713,0.6347882839902017,0.4587389191789043,0.6642109415894649,0.9999776092809898,255.7769377512047,0.9378284861930135,0.7205323168476083,0.6132601142001878,0.9456749325975363,0.9029155407989384,34.14561301486107,0.6132601142001878,0.9722222222222222,0.604444412770455,0.38,0.502027212884297,0.3646017971029771
2023-02-28,23147.353515625,53.0,10.049635733999986,251,0.6355917983356094,0.5727955245699191,0.742955125222622,277.74076695449656,26.740766954496564,59,0.5899897450797854,0.5447596259652607,0.8251980353028341,1.0,6.868731008661086,0.47484042982548885,0.4580535885495329,0.6356013380781229,0.9999849909968057,257.8687310086611,0.9265203830640701,0.6942809394805863,0.6279911733420784,0.9421922872278152,0.9205645317440052,38.66459246670451,0.6279911733420784,0.9833333333333333,0.5727955245699191,0.3933333333333333,0.49283786855993406,0.38791744645878745
2023-03-01,23646.55078125,50.0,10.070972538939149,252,0.6164124217034987,0.4861677155085276,0.8860399106950564,262.8893955114341,10.889395511434088,33,0.5947938681022787,0.5341065513367638,0.8362601944650563,1.0,6.346889532734735,0.47525046020831874,0.46179151533345025,0.618091801791359,0.9972829600991421,258.34688953273474,0.9319081740870735,0.6289835921330376,0.6281716131222528,0.940322448474953,0.9345133368994846,37.634666563667324,0.6281716131222528,0.9833333333333333,0.4861677155085276,0.22,0.3540305515933921,0.3817561928468974
2023-03-02,23475.466796875,51.0,10.063711188729668,253,0.5907610441586657,0.4434583396947435,0.9111244524389651,261.3768202227163,8.376820222716276,37,0.5940606273852582,0.5176250583109419,0.8498718777330397,1.0,5.635454360352014,0.6148481838557284,0.5232763337190232,0.5914836945195137,0.9987782412811311,258.635454360352,0.9393039473434671,0.5980028138159557,0.6226863768847442,0.9401372664510464,0.9461978649688747,37.519272643000534,0.6226863768847442,0.9722222222222222,0.4434583396947435,0.24666666666666667,0.3507162444806434,0.37611256587121483
2023-03-03,22362.6796875,50.0,10.015148762999896,254,0.5944497699536327,0.4594610189378339,0.8796976549411437,265.53593040279037,11.53593040279037,34,0.5941313805795081,0.5070497784249223,0.8552947463163314,1.0,5.2926425548699285,0.42109579774663725,0.5082083780165046,0.5957754131829494,0.9977749279342794,259.29264255486993,0.942888597590513,0.6111755093721416,0.6205934918824527,0.9406375084764039,0.9555755127807664,36.87940488972771,0.6205934918824527,0.9611111111111111,0.4594610189378339,0.22666666666666666,0.34634128665726405,0.3706996060141329
2023-03-04,22353.349609375,50.0,10.014731459477776,255,0.6140127052307609,0.49219469836788043,0.9375929861791209,260.7995406718537,5.79954067185372,20,0.5977461668797358,0.5043488547781874,0.8702580626550204,1.0,4.436156661249356,0.5070189630642653,0.5589102743229312,0.6369244178496131,0.9640275800758169,259.43615666124936,0.9519044379161087,0.6177446009591113,0.6200755117145724,0.9426860411018048,0.9571122522889572,33.81042218250449,0.6200755117145724,0.9555555555555556,0.49219469836788043,0.13333333333333333,0.2919158346843199,0.35637528395416684
2023-03-05,22435.513671875,47.0,10.018400414153101,256,0.4889476460905699,0.324564452464458,0.9247240823908613,263.0433887746594,7.043388774659377,27,0.5779646176453419,0.47166078163023656,0.8801609753342641,1.0,3.7797025768122126,0.0,0.5098744592078281,0.49338442841761065,0.9910074536781177,259.7797025768122,0.9588729493566851,0.4960916523032645,0.5975329918216072,0.9456291153299647,0.9632750161778955,32.57216360386731,0.5975329918216072,0.9388888888888889,0.324564452464458,0.18,0.2563832057526311,0.33819490609934216
2023-03-06,22429.7578125,48.0,10.018143829974909,257,0.5415116873177849,0.4642130198501688,0.684338429826291,291.13724329477503,34.13724329477503,37,0.5713368121312407,0.47030664312476966,0.8445568761509962,0.9922480620155039,5.766135026142024,0.6484562200210188,0.5027433094051126,0.5421740932433498,0.9987782412811311,262.766135026142,0.9379410607634158,0.6142846769648617,0.6005787527567443,0.9442312872269558,0.9697301480148472,33.37722476680052,0.6005787527567443,0.9388888888888889,0.4642130198501688,0.24666666666666667,0.3604745233250836,0.3422457455949315
2023-03-07,22219.76953125,49.0,10.008737691008866,258,0.49508814616091334,0.3401836538238347,0.8751654451708277,270.0008097272428,12.000809727242824,33,0.5574734183184539,0.44664791779732693,0.8501220705182383,0.9806949806949807,5.455151664342111,0.0,0.4293602751413582,0.4964369852581213,0.9972829600991421,263.4551516643421,0.9411876005796602,0.5097027095901462,0.5840558358173629,0.9436778896547202,0.9747397502119917,33.308638445564064,0.5840558358173629,0.9222222222222223,0.3401836538238347,0.22,0.2857571706763513,0.3319750956097351
2023-03-08,21718.080078125,50.0,9.985900375947734,259,0.5300567755799331,0.4114663071191581,0.7793330435754325,281.4385117678513,22.43851176785131,34,0.5524885741841773,0.44025126131038717,0.837251338346819,0.9846153846153847,6.167852626581066,0.6355683952535729,0.4411866733965232,0.5312388202390735,0.9977749279342794,265.16785262658107,0.9337638631942914,0.5698072610695517,0.5814651858632154,0.9418753393891877,0.9789279643433166,33.4343405463706,0.5814651858632154,0.9166666666666666,0.4114663071191581,0.22666666666666666,0.3241571687591184,0.3305536543641684
2023-03-09,20363.021484375,44.0,9.921475862619202,260,0.7153220676474256,0.7369644604034008,0.7193036432189177,289.6524527454009,29.65245274540092,23,0.5820946639047678,0.4941991156909351,0.8158063028690187,0.9808429118773946,7.499719304563939,0.5257451230339948,0.43028235730090253,0.7298486866930037,0.9800963962661914,267.49971930456394,0.9200472841034442,0.7893339421236188,0.6192595051832888,0.9379066020645069,0.979140406511112,31.53718771975776,0.6192595051832888,0.95,0.7369644604034008,0.15333333333333332,0.39329874235383216,0.3419618521804709
2023-03-10,20187.244140625,34.0,9.912806205736088,261,0.42423972314035663,0.7405193379748434,0.2255728332035824,395.02009681255925,134.02009681255925,16,0.5533937655839658,0.5389846106516456,0.7084911265662119,0.9694656488549618,18.64451716246822,0.0,0.38279831431835365,0.4602953210371326,0.9216685544064713,279.6445171624682,0.8128885190264776,0.7084496806431181,0.6354759007214396,0.9151760415121379,0.9686909788557228,28.712244497983622,0.6354759007214396,0.9833333333333333,0.7405193379748434,0.10666666666666667,0.3411405395166319,0.3418125226052275
2023-03-11,20632.41015625,33.0,9.9346184269802,262,0.2618441214149556,0.4408457871279725,0.8256515399853088,279.2424213006,17.242421300599972,5,0.5003847393714185,0.5211411881927959,0.7297930199151386,0.9581749049429658,17.606222318480775,0.45197637392934614,0.3804709056904564,0.5666184804032915,0.46211715726000974,279.6062223184808,0.8223207999943242,0.261421089470803,0.5674659350395056,0.8982932703270807,0.8765866476565021,24.400927316532055,0.5674659350395056,0.8888888888888888,0.4408457871279725,0.03333333333333333,0.15693633822010622,0.3081986708988418
2023-03-12,22163.94921875,33.0,10.006222338825529,263,0.36092753417244544,0.3590757853411277,0.8376000758769524,278.9493075953556,15.949307595355606,9,0.4750288838806961,0.49167475131067434,0.7493943028172865,0.946969696969697,16.543659011516468,0.0,0.31898608730488354,0.5038791111750216,0.7162978701990245,279.54365901151647,0.8320868692447956,0.35997537990855877,0.5297403795611516,0.8862557428575742,0.8474432335733243,21.600758713526226,0.5297403795611516,0.8666666666666667,0.3590757853411277,0.06,0.17553841456285654,0.284078624292299
2023-03-13,24197.533203125,49.0,10.094005973194013,264,0.44731083957389894,0.4203765025101764,0.500144794337635,326.3571870426644,62.35718704266441,28,0.4699892394612784,0.47871143334694743,0.7040762103664406,0.9433962264150944,20.00209025257817,0.0,0.2768765075302198,0.4506313072581701,0.992631520201128,284.00209025257817,0.8007188059836451,0.5399619197605708,0.5315988414155914,0.8707035725168598,0.8738411038692886,22.764257129248726,0.5315988414155914,0.8722222222222222,0.4203765025101764,0.18666666666666668,0.30381538920363405,0.2876671270034508
2023-03-14,24746.07421875,56.0,10.11642213799152,265,0.6247489660398236,0.5638138787566687,0.7288301080871299,293.46831598223315,28.46831598223315,52,0.49812737156646836,0.494184605239624,0.7085769190429295,0.9323308270676691,19.90363556016439,0.0,0.2261746112237933,0.6247869925216509,0.9999391368861988,284.9036355601644,0.8015952244240998,0.6489886064712362,0.5529424350620723,0.8581384183181762,0.8967680189632723,28.079846742112593,0.5529424350620723,0.8777777777777778,0.5638138787566687,0.3466666666666667,0.464137107224359,0.31975257795270684
2023-03-15,24375.9609375,50.0,10.101352718165902,266,0.5627786749738793,0.4602478437428027,0.764427962232527,290.1764737990797,24.1764737990797,35,0.5098821540041795,0.4880142849674746,0.7187316541683109,0.9288389513108615,19.405810630537303,0.0,0.2261746112237933,0.5638059872099952,0.9981778976111987,285.4058106305373,0.8060414442623814,0.5748386432544667,0.5569235638243258,0.8486662412171226,0.9152061787174407,29.338056425364847,0.5569235638243258,0.8777777777777778,0.4602478437428027,0.23333333333333334,0.350740382793853,0.3253867242874606
2023-03-16,25052.7890625,52.0,10.128740440135552,267,0.4200314174795967,0.2596622724646223,0.8653415599707466,280.01678846743664,13.01678846743664,41,0.4935456564542553,0.4464957372396833,0.7453880006778446,0.9291044776119403,17.89257042452772,0.0,0.1613289892216914,0.4202622071234188,0.9994508436877974,284.8925704245277,0.8197086243327197,0.41102719079957134,0.5303969505470977,0.8434012199654131,0.9305233905302328,31.45840980257124,0.5303969505470977,0.85,0.2596622724646223,0.2733333333333333,0.2650466693905371,0.3144158052152927
2023-03-17,27423.9296875,51.0,10.21917125749034,268,0.43982993267655734,0.2989261787231405,0.7854779722958638,289.7316578128792,21.731657812879178,45,0.48377916122194653,0.4196649084184937,0.7526770864265753,0.9368029739776952,17.353435890084995,0.49808425897310044,0.2111374151190014,0.439938504727059,0.9997532108480275,285.353435890085,0.8246337304375307,0.448472291697907,0.515501558029063,0.8399889491421617,0.9431106305880136,33.92051711119465,0.515501558029063,0.8333333333333334,0.2989261787231405,0.3,0.2993552452249269,0.31167752158068074
2023-03-18,26965.87890625,64.0,10.202327601575393,269,0.610797727348858,0.5136388256820077,0.7920580440209716,289.9808541753084,20.980854175308423,80,0.5068734459722941,0.43675107519367806,0.7598372605346473,0.9444444444444444,16.794142393439586,0.7827493459278975,0.2258555101864339,0.6107978648213314,0.9999997749296758,285.7941423934396,0.8297742674164665,0.622269613150814,0.5349139316875631,0.8381317342829444,0.9534541113774067,42.29860490915925,0.5349139316875631,0.8611111111111112,0.5136388256820077,0.5333333333333333,0.5214278190697245,0.3498139393059614
2023-03-19,28038.67578125,63.0,10.241340113972356,270,0.7158898277763881,0.6641407542658869,0.8011721165023489,289.95115301684046,19.951153016840465,76,0.5448764244821294,0.4780946532068069,0.7673526888924111,0.9520295202952029,16.190048167096847,0.5355278916628775,0.22683378704932214,0.7158901863680368,0.999999499096851,286.19004816709685,0.8353625772909318,0.727957236103233,0.570012714308594,0.8376282511934875,0.9619169091445783,48.42613128931212,0.570012714308594,0.8888888888888888,0.6641407542658869,0.5066666666666667,0.5959982875754913,0.39457472990042136
2023-03-20,27767.236328125,66.0,10.231612055295281,271,0.6622934156043981,0.5770576880706102,0.8143244800777354,289.4856731411485,18.48567314114848,80,0.5662249683225418,0.4960879322729529,0.7758930145624701,0.9522058823529411,15.50391721224463,0.5667846255472706,0.28351224960404925,0.6622935646670254,0.9999997749296758,286.50391721224463,0.8417554496235001,0.671128707009492,0.5883974402542118,0.8383786509080352,0.9688410665600504,54.16683469125537,0.5883974402542118,0.9111111111111111,0.5770576880706102,0.5333333333333333,0.5591534772814029,0.42449813851514523
2023-03-21,28175.81640625,68.0,10.246219314752592,272,0.5028636122244273,0.3514479989117654,0.8606710689584757,285.50385931500887,13.503859315008867,67,0.5547047217592482,0.4697897625709188,0.7913072062708347,0.9597069597069597,14.408673602984095,0.5226377326138949,0.29057838547250403,0.5028651360484186,0.9999969697163671,286.4086736029841,0.8520616689576895,0.5008454587033946,0.5724788981540632,0.8408664723716086,0.9745057762248353,56.500137474663475,0.5724788981540632,0.8888888888888888,0.3514479989117654,0.44666666666666666,0.3868210169665045,0.4176477527790287
2023-03-22,27307.4375,62.0,10.214914379966567,273,0.47957119703077433,0.3236218750173429,0.8651289246630051,286.0389063572972,13.038906357297208,65,0.5410440808995256,0.4432137830157232,0.804729336887593,0.9598540145985401,13.373457674823442,0.4916071946980691,0.33973910494231097,0.47957336501343345,0.9999954793514042,286.37345767482344,0.861919005245953,0.478858655007039,0.5554570357636951,0.8446942056214893,0.9791402677023932,58.04556702472466,0.5554570357636951,0.8555555555555555,0.3236218750173429,0.43333333333333335,0.3637069172848479,0.40784032814372306
2023-03-23,28333.97265625,57.0,10.251816810888009,274,0.5677658480447418,0.42793457948827973,0.8676830433778789,286.7735909566067,12.77359095660671,66,0.5459025840168376,0.44043574601073343,0.8161754653403722,0.9636363636363636,12.411565606421846,0.5143070022249409,0.39116980516480504,0.5677679494649474,0.9999962988044543,286.41156560642185,0.8711803310068544,0.5686801195127658,0.5578612328089807,0.8495098647824648,0.9829322733573134,59.49182756568381,0.5578612328089807,0.8611111111111112,0.42793457948827973,0.44,0.4327205290192545,0.4123640010301833
2023-03-24,27493.28515625,61.0,10.221697077702453,275,0.5243741437649816,0.3694503817284019,0.8866843707615283,285.82395791446044,10.823957914460436,87,0.5419883221528637,0.4275293161412186,0.8289952663260369,0.967391304347826,11.355602969092217,0.5036078946618596,0.44153059463099104,0.5243741728686204,0.9999999444983366,286.3556029690922,0.8814620177069997,0.5231365801273701,0.5515476595941423,0.8553193471323802,0.9860354862920448,64.4933134628322,0.5515476595941423,0.8388888888888889,0.3694503817284019,0.58,0.44249143542867275,0.41784171637536316
2023-03-25,27494.70703125,64.0,10.221748793538719,276,0.579335191337455,0.43918585856050907,0.8777133403948149,287.7391707211193,11.739170721119308,77,0.5487786620046076,0.4296486874901805,0.8378530979749056,0.9711191335740073,10.487371326428104,0.6003317646002838,0.5015637710910195,0.5793354289257132,0.999999589895169,286.4873713264281,0.8900066467090495,0.582567336068149,0.5571876007712344,0.8616261288735927,0.9885744142198856,66.76725646958998,0.5571876007712344,0.8555555555555555,0.43918585856050907,0.5133333333333333,0.4674646718301618,0.4268640719125993
2023-03-26,27994.330078125,64.0,10.23975727144219,277,0.7249590620934099,0.6312459727890336,0.8922485490391406,287.260948851564,10.260948851564024,86,0.5808114620207534,0.46630273936269917,0.8477431799865847,0.9928057553956835,9.56104537644103,0.6506279621071925,0.5666265673017387,0.7249591112383041,0.9999999322101157,286.56104537644103,0.8992143534387246,0.7272176903956047,0.5881021625211199,0.8684603515217983,0.9906517811272001,70.26411892966452,0.5881021625211199,0.9055555555555556,0.6312459727890336,0.5733333333333334,0.6074101560203644,0.45969063265946564
2023-03-27,27139.888671875,64.0,10.208759831386159,278,0.6930705158204457,0.5971709636509877,0.8665538325183374,290.890794082816,12.890794082816,95,0.6012221990752429,0.4900969619605698,0.8511632986287214,1.0,8.973402396095821,0.6310609383300072,0.5799242352374294,0.6930705235867118,0.9999999887944071,286.9734023960958,0.9051048631889322,0.7052429674799426,0.6094004906954513,0.8751229900067318,0.9923514552485104,74.76155185154369,0.6094004906954513,0.9277777777777778,0.5971709636509877,0.6333333333333333,0.6113812959339959,0.48727075325483477
2023-03-28,27268.130859375,59.0,10.213473931480072,279,0.7659329950746478,0.6960408753768675,0.8841478996161805,290.08178307726024,11.08178307726024,85,0.6311696165296802,0.5275413098544421,0.8571604988082594,1.0,8.269438651444773,0.6026226433553248,0.561911564980172,0.7659330584929485,0.999999917201249,287.2694386514448,0.912212189829948,0.7755667098778999,0.6396125305468056,0.8818664808836801,0.9937420846944629,76.62308787853574,0.6396125305468056,0.9833333333333333,0.6960408753768675,0.5666666666666667,0.6410795352075009,0.5152359863371376
2023-03-29,28348.44140625,57.0,10.252327330792763,280,0.7454188984406037,0.6623710603545957,0.8899159225723472,290.49654607644385,10.496546076443849,101,0.6519422132407572,0.5520558099453792,0.8631160304017299,0.99644128113879,7.576782215730418,0.411894887855692,0.5495482645994536,0.745418900956437,0.9999999966249402,287.5767822157304,0.9192598265933365,0.7551550318855736,0.6606202580629451,0.8886652710127085,0.9948798868636406,81.05525371880196,0.6606202580629451,0.9888888888888889,0.6623710603545957,0.6733333333333333,0.6667343885327568,0.5427811503727047
2023-03-30,28033.5625,60.0,10.24115773205143,281,0.679883797729578,0.5619895277322494,0.9046787868286951,290.01577969697314,9.01577969697314,95,0.6570225013296337,0.5538619404520828,0.8706728952066326,1.0,6.809067690134498,0.4934865883792774,0.5422184608826541,0.6798838053480791,0.9999999887944071,287.8090676901345,0.9271348009286854,0.6865846380265159,0.665341054419958,0.8956597309974316,0.9958108144874163,83.59066213356525,0.665341054419958,0.9888888888888889,0.5619895277322494,0.6333333333333333,0.589508229531771,0.5512769829470804
2023-03-31,28478.484375,63.0,10.256904146939885,282,0.7156059502612874,0.6166768987724517,0.8945370699360957,292.0304041335348,10.030404133534773,100,0.6676740374990252,0.5652828419648771,0.8750118360665349,1.0,6.211099732363095,0.7446679784322225,0.564421485464487,0.715605953211235,0.9999999958776927,288.2110997323631,0.9333152755972633,0.727856819901172,0.6767075572347241,0.9025061936519464,0.9965724838311029,86.57417810928065,0.6767075572347241,0.9888888888888889,0.6166768987724517,0.6666666666666666,0.6362065033694551,0.5667187139329667
2023-04-01,28411.03515625,61.0,10.254532910518483,283,0.861919689177534,0.8490702402435488,0.8815597949906271,294.3456201594955,11.345620159495525,81,0.7029914287132994,0.6168805507428173,0.8762023740527334,1.0,5.795339773042372,0.6885797205082009,0.5841187380455002,0.861919848005228,0.9999998157280002,288.7953397730424,0.9376367509034103,0.88344586023527,0.7142963395984596,0.908893567697667,0.9971956350850841,85.56069118032053,0.7142963395984596,1.0,0.8490702402435488,0.54,0.708473606156049,0.5924923307007999
2023-04-02,28199.30859375,63.0,10.247052738673508,284,0.7834783039611936,0.721511107810094,0.8865496604075253,294.8376322875781,10.837632287578117,82,0.7176254060310983,0.635904288391413,0.8780836988445136,1.0,5.370796202998122,0.6290080806427941,0.5955888458872856,0.7834784221639215,0.9999998491308444,289.3707962029981,0.9420701731724626,0.8027476612143754,0.7303783980740806,0.9149256777839935,0.9977054921843131,84.91329278389861,0.7303783980740806,1.0,0.721511107810094,0.5466666666666666,0.6457060420685143,0.6021675509494753
2023-04-03,27790.220703125,63.0,10.232439464523113,285,0.8324435838938884,0.7781440154642313,0.9210795216802221,292.3988013326435,7.3988013326434725,86,0.7385014383697874,0.6617660569501072,0.8859011211782788,1.0,4.659177643916735,0.6585232364428105,0.6110803800653806,0.8324436403251464,0.9999999322101157,289.65917764391673,0.9495485285157133,0.8426414638513385,0.7507898645790365,0.9212207415533971,0.9981226630980954,85.11087591409887,0.7507898645790365,1.0,0.7781440154642313,0.5733333333333334,0.6886504980537174,0.6178917231502465
2023-04-04,28168.08984375,62.0,10.24594505039775,286,0.765389142942154,0.6821835912382541,0.9096071021270271,294.5268275748122,8.526827574812216,103,0.7433901119283994,0.6654783359115883,0.8902112995325966,1.0,4.122763351621074,0.6844492710984184,0.619492130715194,0.7653891446737475,0.9999999977376298,290.1227633516211,0.9552248877346116,0.7805181600186475,0.7561950092044203,0.9274033135863451,0.9984639966689198,88.36344392971725,0.7561950092044203,1.0,0.6821835912382541,0.6866666666666666,0.6839732984007368,0.629906555013972
2023-04-05,28177.984375,62.0,10.246296256102458,287,0.6864154306775171,0.5691290810624847,0.9091832691301367,295.56877300295326,8.568773002953264,98,0.7330310789736935,0.6479602895753876,0.8936607485503311,1.0,3.641430937462246,0.5763151302863126,0.6120608475331061,0.6864154348988072,0.9999999938502402,290.64143093746225,0.9603472475272308,0.7016132502078667,0.7462710530232287,0.9333931197574151,0.9987432688837052,90.11554503340503,0.7462710530232287,0.9888888888888889,0.5691290810624847,0.6533333333333333,0.6014234992653611,0.6247278176051336
2023-04-06,28044.140625,63.0,10.241534998755878,288,0.8012901981058727,0.7478725514397777,0.888655142005809,298.62414319331435,10.624143193314353,86,0.7454418279068169,0.6661261553689131,0.8927506382695088,1.0,3.401689247543402,0.7258005313249537,0.6215348068326007,0.8012902524252461,0.9999999322101157,291.4016892475434,0.9629088274656651,0.8274287257635772,0.761026993521474,0.938759612068006,0.9989717531248707,89.36726411824047,0.761026993521474,1.0,0.7478725514397777,0.5733333333333334,0.672449125677771,0.6334044190728858
2023-04-07,27925.859375,64.0,10.237308397859582,289,0.8585577305678316,0.8486707164912524,0.873604739127137,301.1614524263072,12.161452426307221,88,0.766008355663365,0.6993160755729747,0.8892695656981685,1.0,3.3311905026637874,0.8177711961444466,0.6430496621115129,0.8585577695814856,0.9999999545590811,292.3311905026638,0.963663388111072,0.892922269167546,0.7850079527298506,0.9432875713485633,0.9991586988401816,89.11867064219675,0.7850079527298506,1.0,0.8486707164912524,0.5866666666666667,0.7321500484669187,0.6513581698718007
2023-04-08,27947.794921875,61.0,10.238093581799241,290,0.734175755141447,0.6604544652130859,0.8604700872542577,303.52487833880775,13.524878338807753,104,0.7602206101139253,0.692250328234813,0.8840332968901847,1.0,3.3972560108679772,0.5797972941161489,0.6598399027375585,0.7341757565013403,0.9999999981477279,293.397256010868,0.9629562597753036,0.7679772445094727,0.7819114603261454,0.9468636965170615,0.9993116623506445,91.82436688907006,0.7819114603261454,0.9944444444444445,0.6604544652130859,0.6933333333333334,0.673414650589804,0.6553684390932558
2023-04-09,28333.05078125,61.0,10.251784274328148,291,0.7887517733837329,0.7383645607461244,0.8708529077125465,303.445397448639,12.445397448639028,81,0.7654080943447994,0.7006347341459606,0.8816368624942506,1.0,3.354221862084273,0.7506437981176947,0.6855556237114003,0.7887519187286263,0.9999998157280002,294.3542218620843,0.9634168143525562,0.8212740771282815,0.7890682997447156,0.9498733543053332,0.9994367811465273,89.85630018196642,0.7890682997447156,1.0,0.7383645607461244,0.54,0.6515083859580764,0.6546666112504959
2023-04-10,29652.98046875,62.0,10.297317921085538,292,0.8105573519951402,0.7791778152480014,0.8600123123978337,305.572771578586,13.572771578586014,82,0.773617050281225,0.7149152943463316,0.8777051261130838,1.0,3.422655168417805,0.7560061561072371,0.6866894414789018,0.810557474283262,0.9999998491308444,295.4226551684178,0.9626845394768594,0.8479602234767861,0.7997759222414556,0.952202660700156,0.9995391571436758,88.42788196706343,0.7997759222414556,1.0,0.7791778152480014,0.5466666666666666,0.6761934889187895,0.6585805890083674
2023-04-11,30235.05859375,68.0,10.31675741064987,293,0.8225893954638361,0.7865207181126229,0.8798173376105815,304.52368675574945,11.523686755749452,112,0.7825211130416997,0.7279344623038391,0.8780891645671742,1.0,3.289420081496985,0.7226936222663981,0.6901008316547215,0.8225893957714576,0.9999999996260327,296.289420081497,0.9641107433107304,0.8532511239145533,0.8094986861820188,0.9543677666293513,0.9996229466859226,92.71372160941553,0.8094986861820188,1.0,0.7865207181126229,0.7466666666666667,0.7703299896747352,0.6788986618567978
2023-04-12,30139.052734375,65.0,10.313577042833737,294,0.7896351268556301,0.7368426472821635,0.8759998308444015,305.91504430311863,11.915044303118634,100,0.783814570098778,0.729554132299898,0.8777092857084883,1.0,3.2061461978419175,0.7526830558693475,0.7024683291773768,0.7896351301107487,0.9999999958776927,297.2061461978419,0.9650032144208005,0.82079812317212,0.8115531292711281,0.9563014844096147,0.9996915010844262,94.03849949861271,0.8115531292711281,1.0,0.7368426472821635,0.6666666666666666,0.7079267921053551,0.6841765037201718
2023-04-13,30399.06640625,61.0,10.322167176602019,295,0.7855895207202309,0.7232810457172106,0.889259635811203,305.562942909408,10.56294290940798,104,0.7841372883935875,0.7284135711030456,0.8798093493635273,1.0,3.0020315989434607,0.7573472665028416,0.71235073218338,0.7855895221753565,0.9999999981477279,298.00203159894346,0.9671942674483418,0.8124370774077974,0.8117138471141588,0.958281990416656,0.9997475914595718,95.84968140795584,0.8117138471141588,1.0,0.7232810457172106,0.6933333333333334,0.711149784187814,0.6890807365324703
2023-04-14,30485.69921875,68.0,10.325012974564036,296,0.8198988466175523,0.7784559166771613,0.8862365413868963,306.8694248546921,10.869424854692113,124,0.7906393898888538,0.7375121793892484,0.8809779297314125,1.0,2.8465452423480997,0.6909212842530672,0.7129979334988448,0.8198988466453678,0.9999999999660745,298.8465452423481,0.9688666618103603,0.8496616552447652,0.8186134485924508,0.9602064761246021,0.9997934839152995,100.96792115196386,0.8186134485924508,1.0,0.7784559166771613,0.8266666666666667,0.7973933046315425,0.7087739307323015
2023-04-15,30318.49609375,68.0,10.319513237396514,297,0.8256284231452969,0.7793812932347624,0.9001950543062074,306.4629430919551,9.462943091955083,127,0.7970010322991161,0.7451247455429783,0.8844719523813751,1.0,2.5719164661201717,0.7238084546244048,0.7277472659326539,0.8256284231606691,0.9999999999813812,299.5719164661202,0.971827606690585,0.8513059706200561,0.8245575435065607,0.9623194089547807,0.9998310322909507,105.70102639706134,0.8245575435065607,1.0,0.7793812932347624,0.8466666666666667,0.8056287780011944,0.7263839029630094
2023-04-16,30315.35546875,68.0,10.319409644274128,298,0.8377630044516889,0.7875506942233685,0.9191474086348567,305.58778915269403,7.587789152694029,125,0.8044122999632202,0.7528385543939583,0.890776580791099,1.0,2.144856721984354,0.7884368070153315,0.7340108935016918,0.8377630044749586,0.9999999999722241,300.14485672198435,0.9764499920887669,0.8582762869110612,0.8306882241255608,0.9648886058882328,0.9998617536875458,109.20993068850473,0.8306882241255608,1.0,0.7875506942233685,0.8333333333333334,0.8055539152122577,0.7407784506446908
2023-04-17,29445.044921875,69.0,10.290280920997308,299,0.8085582656667598,0.7391437026259077,0.9250921190482704,306.0075762441192,7.007576244119207,126,0.8051661119093183,0.7503485813452219,0.8970157695651301,1.0,1.7032109621877112,0.8286270425131541,0.7350964781385625,0.8085582656851472,0.999999999977259,300.7032109621877,0.9812533790765758,0.8278464576818436,0.8301715393176121,0.9678640191952042,0.9998868893765845,112.26267056332205,0.8301715393176121,0.9944444444444445,0.7391437026259077,0.84,0.7779452673631485,0.7475360536844105
2023-04-18,30397.552734375,58.0,10.322117381995124,300,0.8733445040591115,0.8346383841056624,0.9347951460475754,306.0685081951121,6.068508195112088,127,0.8175621832092806,0.7656740000289383,0.9038847471073929,1.0,1.2141916510376518,0.853306979027906,0.7624474466297382,0.873344504075372,0.9999999999813812,301.21419165103765,0.9865995775751025,0.8923914120746483,0.8414842434552551,0.9712704843551856,0.999907454941093,114.94218500635439,0.8414842434552551,1.0,0.8346383841056624,0.8466666666666667,0.8394290542441338,0.7642438719679965
2023-04-19,28822.6796875,63.0,10.26891784536645,301,0.8928258359202812,0.8636079275292077,0.9385165645567197,306.7109295769782,5.710929576978174,131,0.8312464837021898,0.7834801686653509,0.9101814411890886,1.0,0.7376905011271901,0.9042730077425074,0.7778103675922196,0.8928258359277506,0.999999999991634,301.7376905011272,0.9918369390921515,0.9127799327916167,0.8544470960618663,0.9750098397619066,0.9999242813139186,117.86178773247178,0.8544470960618663,1.0,0.8636079275292077,0.8733333333333333,0.8674850256491021,0.7830149908191065
2023-04-20,28245.98828125,52.0,10.24870671874717,302,0.8218240690449906,0.7532703305953693,0.9365281772616905,307.90181027400126,5.901810274001264,112,0.8295333174008808,0.7779874708344451,0.9149717568386525,1.0,0.3247495271152161,0.756355635230659,0.7778453155045617,0.821824069352326,0.9999999996260327,302.3247495271152,0.9963981741136725,0.8424491302479632,0.8522656477320657,0.9788986278258639,0.9999380482797575,116.79600814474963,0.8522656477320657,0.9944444444444445,0.7532703305953693,0.7466666666666667,0.7506218853081698,0.7771253352716635
2023-04-21,27276.91015625,50.0,10.213795841475457,303,0.8454535097800961,0.8121230243208059,0.8980315504143619,312.67950694848673,9.679506948486733,106,0.8324278978334653,0.7841939351046925,0.9118917193069632,1.0,0.31091690057917276,0.7283985747667137,0.7784158107545933,0.845453510829824,0.9999999987583849,303.3109169005792,0.9965513281476487,0.8813998298314288,0.8575627717501316,0.982108209702552,0.9999493120031442,114.83309757297698,0.8575627717501316,1.0,0.8121230243208059,0.7066666666666667,0.7681728196975461,0.7754976051672785
2023-04-22,27817.5,53.0,10.233420598031856,304,0.867020989404724,0.831097360756016,0.9238388335693558,311.1295880588039,7.129588058803904,89,0.8387175508464214,0.7927218306776603,0.9140639219001254,1.0,0.05555224898154165,0.8749327458908257,0.7906407797567411,0.8670210216612683,0.9999999627961221,304.05555224898154,0.9993829432469651,0.8947133117331736,0.8643174153834119,0.9852490703469907,0.9999585212382311,110.13617074152663,0.8643174153834119,1.0,0.831097360756016,0.5933333333333334,0.7262909638713207,0.766550943113468
2023-04-23,27591.384765625,56.0,10.225258856804476,305,0.8798340621851942,0.85176698107863,0.9236786202898597,312.14519732426515,7.145197324265155,82,0.8461932801807437,0.8034573125687456,0.915812048880077,1.0,-0.17400536289619595,0.8386099339509199,0.7987670465015488,0.8798341949250363,0.9999998491308444,304.8259946371038,1.0,0.9082228305107521,0.8723002181338373,0.9879310575566287,0.9999660354005244,105.02050333397632,0.8723002181338373,1.0,0.85176698107863,0.5466666666666666,0.7133152643535785,0.7568717287934881
2023-04-24,27525.33984375,53.0,10.222862308244906,306,0.8644402890071727,0.8489851159598686,0.8881523615176576,316.67507751799684,10.67507751799684,85,0.8495109181491852,0.8117350950034953,0.9107830148141824,1.0,-0.04552127900160485,0.855845518949728,0.815259469971215,0.8644403605817549,0.999999917201249,305.9544787209984,1.0,0.9064419781857269,0.8785078108705445,0.9901254107281507,0.9999721957279288,101.3804118187079,0.8785078108705445,1.0,0.8489851159598686,0.5666666666666667,0.7222226634577383,0.7505718987324427
2023-04-25,28307.59765625,53.0,10.25088551601886,307,0.7929119718192287,0.757627959675389,0.8489471463216125,321.73825137821206,14.738251378212055,69,0.8392202006346476,0.8018974340347487,0.8995401296337151,0.9967532467532467,0.45769516454254244,0.7967881622230296,0.8225574407310775,0.792913582433569,0.9999979687391211,307.45769516454254,0.9949274074435261,0.8448687988488905,0.8723916268666074,0.9909985010400371,0.9999768817299637,95.49306421530646,0.8723916268666074,0.9944444444444445,0.757627959675389,0.46,0.6205499269529361,0.7269315402270777
2023-04-26,28422.701171875,56.0,10.25494344188744,308,0.8124800404352306,0.8330682634653308,0.7825609800586343,330.06650868351244,22.06650868351244,63,0.8343583533256627,0.8075648575675817,0.8782711933473368,0.9902912621359223,1.6109154996825623,0.7410126454542192,0.8178150245749662,0.8124855198438548,0.9999932559922726,309.61091549968256,0.9822601756087018,0.8898074542379368,0.8755581409341218,0.989409714597976,0.9999798588685653,89.58523435797801,0.8755581409341218,0.9944444444444445,0.8330682634653308,0.42,0.633443771387221,0.7099337640743765
2023-04-27,29473.787109375,59.0,10.291256574749735,309,0.8021146211629342,0.7930016065483783,0.8159821259244995,327.30265458860043,18.302654588600433,75,0.8284958565688029,0.8049169937459082,0.8669459083613664,0.9870967741935484,2.2958430319604872,0.8573142096730162,0.8206837412909526,0.8021151119005322,0.9999993881955461,311.2958430319605,0.9748132478260484,0.8612569582207055,0.8729579258953188,0.9867558115485345,0.9999834096552891,86.93337356561837,0.8729579258953188,0.9888888888888889,0.7930016065483783,0.5,0.6594053129774916,0.7007467729658519
2023-04-28,29340.26171875,64.0,10.286715971859982,310,0.787371459599579,0.7858118357008245,0.7897207116170192,331.24683330634906,21.24683330634906,69,0.8210186934834893,0.801443328646802,0.8529049634987578,0.9807073954983923,3.1959373438069747,0.89388847126636,0.824741890514798,0.7873730589596708,0.9999979687391211,313.195937343807,0.9651126825954786,0.8531422822492309,0.86935508159603,0.9828206971934333,0.9999860567614403,83.67276019005139,0.86935508159603,0.9722222222222222,0.7858118357008245,0.46,0.6342993584348151,0.6886654248692997
2023-04-29,29248.48828125,64.0,10.283583168632099,311,0.8196778536216304,0.842733984001044,0.7862717771444574,332.6407496483025,21.640749648302517,77,0.8207749044176967,0.8089507205293914,0.8407898387070667,0.9711538461538461,4.047824229949413,0.8098914963960899,0.8153037393801561,0.8196781897756158,0.999999589895169,315.0478242299494,0.9560205935645689,0.8863413801182717,0.8724434995091648,0.9779479510790943,0.9999885173312091,82.4595310645875,0.8724434995091648,0.9833333333333333,0.842733984001044,0.5133333333333333,0.6911528305943946,0.6891176804556806
2023-04-30,29268.806640625,60.0,10.284277608121096,312,0.8081689977502211,0.8424140140724221,0.7593985879193161,336.7705641589559,24.770564158955892,68,0.8184829213872467,0.8150349557190333,0.8259914294729301,0.9648562300319489,5.11665660414053,0.7573663792040144,0.8154048137774916,0.8081710028120394,0.9999975190129178,317.11665660414053,0.9447341252218715,0.8819381179810651,0.8741697937767829,0.9719090736505083,0.9999901540006106,79.83052541648067,0.8741697937767829,0.9888888888888889,0.8424140140724221,0.4533333333333333,0.6574797952794121,0.683365337696359
2023-05-01,28091.568359375,63.0,10.24322475191008,313,0.7097237548608423,0.6550748244869347,0.80036569998398,333.04178777056256,20.041787770562564,71,0.7987085274733549,0.7859512954950153,0.8213322059294846,0.9617834394904459,5.633335762847423,0.8259934946049676,0.825164305761317,0.7097247212187167,0.9999986384046582,318.6333357628474,0.9393260587925942,0.7566595232643377,0.8528042900472474,0.9659848891308875,0.9999916966195284,78.2249753407569,0.8528042900472474,0.9388888888888889,0.6550748244869347,0.47333333333333333,0.5752298061092413,0.6637043319532467
2023-05-02,28680.537109375,55.0,10.263974022201202,314,0.6905235035022134,0.68761938892656,0.6949105426357666,346.7574941600513,32.757494160051294,65,0.7790385231149655,0.7680727670280234,0.7983464489669904,0.9555555555555556,7.3118270387715825,0.8606364089425892,0.8237346720664934,0.6905266251304316,0.9999954793514042,321.3118270387716,0.9219700657022131,0.7732031834174169,0.8383313615690964,0.9579821939620375,0.9999923843889602,75.82043436971018,0.8383313615690964,0.9222222222222223,0.68761938892656,0.43333333333333335,0.5716598716663595,0.646968975537449
2023-05-03,29006.30859375,64.0,10.27526862302623,315,0.7235771008568864,0.7892210830912885,0.6371494853675423,355.56758820308016,40.56758820308016,37,0.768954628158951,0.7719179154031625,0.7690379101307271,0.9462025316455697,9.574280482991469,0.8000574645991666,0.8198794251313182,0.7244622188893055,0.9987782412811311,324.57428048299147,0.8990821276304283,0.8304395518853841,0.8368964870811486,0.947273090992654,0.9997716310966276,68.76217357521742,0.8368964870811486,0.9166666666666666,0.7892210830912885,0.24666666666666667,0.4956366273025722,0.6194540031311078
2023-05-04,28847.7109375,64.0,10.269785925200855,316,0.7107252649595275,0.8648271589230795,0.5393743023127687,371.5610959590212,55.5610959590212,28,0.7583674712136013,0.7888105051340564,0.7272808905274619,0.9148264984227129,13.049215290232382,0.9016424528463537,0.8244591185209806,0.7160011046350006,0.992631520201128,329.0492152902324,0.8650298352707614,0.8585351649884083,0.8408307921551958,0.9323197717704916,0.9984734291156276,61.35086928881425,0.8408307921551958,0.9222222222222223,0.8648271589230795,0.18666666666666668,0.46836485666506367,0.5919832492281907
2023-05-05,29534.384765625,61.0,10.293310448836207,317,0.6566000551787837,0.8607886999377066,0.5930863806585207,364.0173701040026,47.01737010400262,14,0.7398643046618162,0.8018974496438109,0.702881888733109,0.9088050314465409,15.379515748686686,0.7523199752358698,0.8200122998222646,0.7416262865857122,0.8853516482022624,332.3795157486867,0.8429197608926129,0.7557327248624008,0.8253584162837786,0.91606522433815,0.9779058325859248,52.741620327211656,0.8253584162837786,0.8944444444444445,0.8607886999377066,0.09333333333333334,0.3539587436412605,0.5487060663942034
2023-05-06,28904.623046875,60.0,10.27175682832706,318,0.3465734401253401,0.24495331455525649,0.5859267684360245,366.1104419178195,48.110441917819514,35,0.6683568747460932,0.7006348796277101,0.6816173214063663,0.8996865203761756,17.59198490765175,0.7198198387694884,0.8178930191537915,0.34720608516252105,0.9981778976111987,335.59198490765175,0.8224508960515893,0.3969190403484501,0.7474603479319006,0.899044437376957,0.98159166259052,49.51587117680954,0.7474603479319006,0.8222222222222222,0.24495331455525649,0.23333333333333334,0.24023744832984886,0.49262086310977526
2023-05-07,28454.978515625,64.0,10.256078416007067,319,0.6701976903314956,0.9104547811016477,0.5738920986440156,368.97824936107463,49.97824936107463,14,0.6686915684888936,0.7387839526229714,0.6620309172677571,0.890625,19.771629141311053,0.8679487825709293,0.8189564764435829,0.7569847435110733,0.8853516482022624,338.77162914131105,0.8027718172559336,0.7664920868242917,0.7509206640941536,0.88154032462768,0.9640934781562913,43.05844005375326,0.7509206640941536,0.8277777777777777,0.9104547811016477,0.09333333333333334,0.366074720258108,0.46961247350038116
2023-05-08,27694.2734375,60.0,10.228980935694478,320,0.4686006875149604,0.7240713693990801,0.5618250394897238,371.89083156726053,51.890831567260534,9,0.6323114083118148,0.7361089374913548,0.6438116667626601,0.8785046728971962,21.925838896163384,0.0,0.7295676293169469,0.6541980745869858,0.7162978701990245,341.9258388961634,0.7837850774028665,0.5353542827321665,0.7117267765737922,0.8637666433140774,0.9190397312549701,36.865996407616294,0.7117267765737922,0.7944444444444444,0.7240713693990801,0.06,0.267380250203927,0.4328429783555713
2023-05-09,27658.775390625,51.0,10.227698330580832,321,0.5286428221220879,0.8263271782322963,0.5344028758399858,377.39447478033736,56.39447478033736,10,0.6134625744591371,0.7525122539897078,0.6239191593221738,0.8478260869565217,24.303804218465643,0.0,0.6485784796773378,0.6941266788722479,0.7615941559557649,345.30380421846564,0.763347227659148,0.6096824280401891,0.6931732586585916,0.8455085677404538,0.8904132630187509,31.981269788049694,0.6931732586585916,0.7888888888888889,0.8263271782322963,0.06666666666666667,0.3018941647003199,0.4090341031455256
2023-05-10,27621.755859375,52.0,10.226358996969278,322,0.4089058595435151,0.7154368120819374,0.4917236419471136,385.8854581297407,63.8854581297407,8,0.5762704444744786,0.7457712645519312,0.5998836107085265,0.8204334365325078,27.168723638587096,0.0,0.5728418417569364,0.6157879771907464,0.664036770267849,349.1687236385871,0.7394307045065763,0.4813864817856658,0.6546665719544232,0.8262216835161125,0.8492539007004051,27.621038917495202,0.6546665719544232,0.75,0.7154368120819374,0.05333333333333334,0.2532458054001712,0.3807089581009157
2023-05-11,27000.7890625,52.0,10.203621369096474,323,0.0,0.0,0.0,,,0,0.47149400002457337,0.6101764891788528,0.4908138633069762,0.7993827160493827,29.66555549488743,0.0,0.49024249229643974,0.0,0.0,352.6655554948874,0.7191989302254608,0.0,0.5356362861445281,0.8067630010996303,0.6948441005730587,22.59903184158698,0.5356362861445281,0.5666666666666667,0.0,0.0,0.0,0.3114891475371128
2023-05-12,26804.990234375,49.0,10.19634335194055,324,0.0,0.0,0.0,,,0,0.38576781820192363,0.49923530932815224,0.40157497906934414,0.7846153846153846,31.829355745825865,0.0,0.4041788514021808,0.0,0.0,355.82935574582586,0.7021139906557902,0.0,0.43824787048188657,0.7877359082916593,0.5685088095597752,18.490116961298437,0.43824787048188657,0.4777777777777778,0.0,0.0,0.0,0.25485475707581956
2023-05-13,26784.078125,48.0,10.195562890138293,325,0.0,0.0,0.0,,,0,0.31562821489248294,0.40846525308667,0.32856134651128155,0.7607361963190185,33.69184168715111,0.0,0.32417310494226415,0.0,0.0,358.6918416871511,0.6877335510416889,0.0,0.3585664394851799,0.7695536615189373,0.4651435714579979,15.128277513789628,0.3585664394851799,0.4388888888888889,0.0,0.0,0.0,0.20851752851657962
2023-05-14,26930.638671875,48.0,10.201019901524239,326,0.0,0.0,0.0,,,0,0.2582412667302133,0.33419884343454814,0.2688229198728667,0.7522935779816514,35.28170991977868,0.0,0.23400885965762877,0.0,0.0,361.2817099197787,0.6756912763067007,0.0,0.29337254139696534,0.7524877732985307,0.38057201301108917,12.377681602191513,0.29337254139696534,0.43333333333333335,0.0,0.0,0.0,0.17060525060447423
2023-05-15,27192.693359375,50.0,10.210703589703963,327,0.0,0.0,0.0,,,0,0.21128830914290178,0.2734354173555394,0.2199460253505273,0.7439024390243902,36.62492403501318,0.0,0.1587768621340418,0.0,0.0,363.6249240350132,0.6656817334335942,0.0,0.24003207932478982,0.7367048569594513,0.31137710155452747,10.127194038156691,0.24003207932478982,0.4222222222222222,0.0,0.0,0.0,0.13958611413093344
2023-05-16,27036.650390625,54.0,10.204948646397272,328,0.0,0.0,0.0,,,0,0.17287225293510144,0.22371988692725947,0.17995583892315867,0.7386018237082067,37.74497490117773,0.0,0.08679487825709294,0.0,0.0,365.7449749011777,0.6574486544879561,0.0,0.19638988308391891,0.7222946383282703,0.2547630830900679,8.28588603121911,0.19638988308391891,0.40555555555555556,0.0,0.0,0.0,0.11420682065258189
2023-05-17,27398.802734375,50.0,10.218254595595742,329,0.0,0.0,0.0,,,0,0.14144093421962844,0.1830435438495759,0.14723659548258436,0.7333333333333333,38.663116161040875,0.0,0.0,0.0,0.0,367.6631161610409,0.6507757412769789,0.0,0.16068263161411547,0.7092912025007627,0.20844252252823736,6.779361298270181,0.16068263161411547,0.3888888888888889,0.0,0.0,0.0,0.09344194417029426
2023-05-18,26832.208984375,51.0,10.19735827265725,330,0.0,0.0,0.0,,,0,0.11572440072515054,0.14976289951328936,0.12046630539484174,0.7280966767371602,39.398577300917054,0.0,0.0,0.0,0.0,369.39857730091705,0.6454794080297863,0.0,0.1314676076842763,0.6976890580514943,0.17054388206855783,5.546750153130147,0.1314676076842763,0.38333333333333336,0.0,0.0,0.0,0.0764524997756953
2023-05-19,26890.12890625,48.0,10.19951454308742,331,0.0,0.0,0.0,,,0,0.09468360059330498,0.12253328141996402,0.09856334077759778,0.7259036144578314,39.9687564274717,0.0,0.0,0.0,0.0,370.9687564274717,0.6414030133584819,0.0,0.10756440628713514,0.6874552317436738,0.13953590351063822,4.538250125288302,0.10756440628713514,0.37222222222222223,0.0,0.0,0.0,0.06255204527102343
2023-05-20,27129.5859375,48.0,10.208380143372853,332,0.0,0.0,0.0,,,0,0.07746840048543134,0.10025450297997054,0.08064273336348908,0.7207207207207207,40.38939468483068,0.0,0.0,0.0,0.0,372.3893946848307,0.6384122451355996,0.0,0.08800724150765601,0.6785383250876602,0.11416573923597671,3.713113738872247,0.08800724150765601,0.3611111111111111,0.0,0.0,0.0,0.051178946130837344
2023-05-21,26753.826171875,52.0,10.194432776558315,333,0.0,0.0,0.0,,,0,0.06338323676080745,0.0820264115290668,0.06598041820649106,0.7155688622754491,40.67473406053642,0.0,0.0,0.0,0.0,373.6747340605364,0.6363914041758802,0.0,0.07200592486990037,0.6708752485582457,0.09340833210216276,3.0380021499863834,0.07200592486990037,0.35,0.0,0.0,0.0,0.041873683197957826
2023-05-22,26851.27734375,49.0,10.198068672129459,334,0.0,0.0,0.0,,,0,0.05185901189520609,0.06711251852378192,0.05398397853258359,0.7134328358208956,40.83766016236541,0.0,0.0,0.0,0.0,374.8376601623654,0.6352403933139565,0.0,0.05891393852991848,0.664396183968375,0.07642499899267861,2.4856381227161317,0.05891393852991848,0.3333333333333333,0.0,0.0,0.0,0.03426028625287458
2023-05-23,27225.7265625,50.0,10.211917634772885,335,0.0,0.0,0.0,,,0,0.042430100641532256,0.05491024242854884,0.04416870970847748,0.7053571428571429,40.88983139735353,0.0,0.0,0.0,0.0,375.88983139735353,0.6348722636248953,0.0,0.04820231334266057,0.6590281984513786,0.06252954463037341,2.0337039185859256,0.04820231334266057,0.3277777777777778,0.0,0.0,0.0,0.028031143297806475
2023-05-24,26334.818359375,50.0,10.178647234584988,336,0.0,0.0,0.0,,,0,0.03471553688852639,0.044926561986994504,0.03613803521602703,0.7002967359050445,40.841795848057075,0.0,0.0,0.0,0.0,376.8417958480571,0.6352112033779039,0.0,0.03943825637126774,0.6546978357107469,0.05116053651576006,1.6639395697521209,0.03943825637126774,0.32222222222222224,0.0,0.0,0.0,0.022934571789114386
2023-05-25,26476.20703125,51.0,10.184001760790126,337,0.0,0.0,0.0,,,0,0.028403621090612497,0.03675809617117732,0.029567483358567567,0.6952662721893491,40.70309701774124,0.0,0.0,0.0,0.0,377.70309701774124,0.6361908808614837,0.0,0.03226766430376451,0.6513329348290626,0.041858620785621865,1.3614051025244625,0.03226766430376451,0.31666666666666665,0.0,0.0,0.0,0.01876464964563904
2023-05-26,26719.291015625,49.0,10.193141093452184,338,0.0,0.0,0.0,,,0,0.023239326346864767,0.030074805958235987,0.024191577293373463,0.6873156342182891,40.48236950459835,0.0,0.0,0.0,0.0,378.48236950459835,0.637753071636885,0.0,0.026400816248534596,0.6488638687941213,0.034247962460963344,1.1138769020654693,0.026400816248534596,0.3111111111111111,0.0,0.0,0.0,0.015352895164613758
2023-05-27,26868.353515625,48.0,10.198704423797032,339,0.0,0.0,0.0,,,0,0.019013994283798446,0.024606659420374898,0.019793108694578287,0.6823529411764706,40.18742556413571,0.0,0.0,0.0,0.0,379.1874255641357,0.6398465156333137,0.0,0.02160066783971012,0.6472243500376108,0.028021060195333642,0.9113538289626566,0.02160066783971012,0.3055555555555556,0.0,0.0,0.0,0.01256145968013853
2023-05-28,28085.646484375,50.0,10.243013923550633,340,0.0,0.0,0.0,,,0,0.01555690441401691,0.020132721343943095,0.016194361659200417,0.6774193548387096,39.82533342752669,0.0,0.0,0.0,0.0,379.8253334275267,0.642425960935941,0.0,0.017673273687035553,0.646351915655489,0.02292632197800025,0.7456531327876281,0.017673273687035553,0.3,0.0,0.0,0.0,0.010277557920113341
2023-05-29,27745.884765625,52.0,10.2308428114433,341,0.0,0.0,0.0,,,0,0.012728376338741106,0.016472226554135258,0.013249932266618523,0.672514619883041,39.40248816107089,0.0,0.0,0.0,0.0,380.4024881610709,0.645451359975891,0.0,0.014459951198483633,0.6461881782591984,0.018757899800182023,0.6100798359171502,0.014459951198483633,0.29444444444444445,0.0,0.0,0.0,0.008408911025547278
2023-05-30,27702.349609375,51.0,10.229272512021266,342,0.0,0.0,0.0,,,0,0.01041412609533363,0.01347727627156521,0.010840853672687882,0.6676384839650146,38.92467577713472,0.0,0.0,0.0,0.0,380.9246757771347,0.6488871907309564,0.0,0.011830869162395698,0.646678907799518,0.01534737256378529,0.49915622938675924,0.011830869162395698,0.28888888888888886,0.0,0.0,0.0,0.006880018111811408
2023-05-31,27219.658203125,51.0,10.211694719298,343,0.0,0.0,0.0,,,0,0.008520648623454788,0.011026862404007898,0.008869789368562812,0.6627906976744186,38.39713123928766,0.0,0.0,0.0,0.0,381.39713123928766,0.6527018809492132,0.0,0.009679802041960115,0.6477739938267353,0.0125569411885516,0.4084005513164394,0.009679802041960115,0.2833333333333333,0.0,0.0,0.0,0.0056291057278456975
2023-06-01,26819.97265625,52.0,10.196902137306813,344,0.0,0.0,0.0,,,0,0.006971439782826644,0.009021978330551916,0.0072571003924604815,0.6579710144927536,37.82459094314032,0.0,0.0,0.0,0.0,381.8245909431403,0.6568673176614738,0.0,0.007919838034331004,0.6494273254330513,0.010273860972451308,0.33414590562254126,0.007919838034331004,0.2777777777777778,0.0,0.0,0.0,0.004605631959146479
2023-06-02,27249.58984375,50.0,10.21279374837261,345,0.0,0.0,0.0,,,0,0.005703905276858163,0.00738161863408793,0.005937627593831303,0.653179190751445,37.211340199007054,0.0,0.0,0.0,0.0,382.21134019900705,0.661358427613968,0.0,0.006479867482634457,0.6515966167386724,0.008405886250187433,0.27339210460026103,0.006479867482634457,0.2722222222222222,0.0,0.0,0.0,0.0037682443302107555
2023-06-03,27075.12890625,53.0,10.20637083293819,346,0.0,0.0,0.0,,,0,0.0046668315901566785,0.006039506155162851,0.004858058940407429,0.6512968299711815,36.56125619241027,0.0,0.0,0.0,0.0,382.56125619241027,0.666152816927979,0.0,0.005301709758519101,0.6542431985912736,0.006877543295607899,0.22368444921839536,0.005301709758519101,0.26666666666666666,0.0,0.0,0.0,0.003083108997445163
2023-06-04,27119.06640625,52.0,10.20799231691349,347,0.0,0.0,0.0,,,0,0.0038183167555827366,0.004941414126951423,0.003974775496696987,0.6494252873563219,35.877846853108394,0.0,0.0,0.0,0.0,382.8778468531084,0.6712304604296504,0.0,0.004337762529697446,0.6573317916527965,0.0056270808782246445,0.1830145493605053,0.004337762529697446,0.2611111111111111,0.0,0.0,0.0,0.002522543725182406
2023-06-05,25760.09765625,53.0,10.156581971214598,348,0.0,0.0,0.0,,,0,0.003124077345476784,0.004042975194778437,0.00325208904275208,0.6446991404011462,35.1642860223115,0.0,0.0,0.0,0.0,383.1642860223115,0.6765734328068476,0.0,0.003549078433388819,0.660830271862624,0.0046039752640019815,0.14973917674950432,0.003549078433388819,0.25555555555555554,0.0,0.0,0.0,0.0020638994115128773
2023-06-06,27238.783203125,44.0,10.212397089776934,349,0.0,0.0,0.0,,,0,0.002556063282662823,0.003307888795727812,0.0026608001258880652,0.6428571428571429,34.423445270638126,0.0,0.0,0.0,0.0,383.4234452706381,0.6821656751302764,0.0,0.0029037914454999427,0.6647094360931063,0.0037668888523652573,0.12251387188595807,0.0029037914454999427,0.25,0.0,0.0,0.0,0.0016886449730559904
2023-06-07,26345.998046875,53.0,10.179071665656124,350,0.0,0.0,0.0,,,0,0.002091324503996855,0.0027064544692318457,0.002177018284817508,0.6410256410256411,33.657922685790766,0.0,0.0,0.0,0.0,383.65792268579077,0.6879927913924008,0.0,0.002375829364499953,0.6689427734202507,0.0030819999701170286,0.1002386224521475,0.002375829364499953,0.24444444444444444,0.0,0.0,0.0,0.0013816186143185375
2023-06-08,26508.216796875,50.0,10.18521003171983,351,0.0,0.0,0.0,,,0,0.0017110836850883358,0.002214371838462419,0.0017811967784870518,0.6392045454545454,32.87006891854793,0.0,0.0,0.0,0.0,383.87006891854793,0.6940418706241028,0.0,0.001943860389136325,0.6735062456391329,0.0025216363391866595,0.08201341836993886,0.001943860389136325,0.2388888888888889,0.0,0.0,0.0,0.0011304152298969852
2023-06-09,26480.375,50.0,10.18415917158209,352,0.0,0.0,0.0,,,0,0.0013999775605268202,0.0018117587769237971,0.001457342818762133,0.6373937677053825,32.062010748185344,0.0,0.0,0.0,0.0,384.06201074818534,0.7003013308877575,0.0,0.001590431227475175,0.6783780793207009,0.002063157004789085,0.0671018877572227,0.001590431227475175,0.23333333333333334,0.0,0.0,0.0,0.0009248851880975333
2023-06-10,25851.240234375,49.0,10.160113856904617,353,0.0,0.0,0.0,,,0,0.00114543618588558,0.0014823480902103794,0.001192371397169018,0.635593220338983,31.235672403571584,0.0,0.0,0.0,0.0,384.2356724035716,0.7067607820496933,0.0,0.0013012619133887795,0.6835385707259722,0.0016880375493728875,0.05490154452863675,0.0013012619133887795,0.22777777777777777,0.0,0.0,0.0,0.0007567242448070726
2023-06-11,25940.16796875,47.0,10.163547933128962,354,0.0,0.0,0.0,,,0,0.0009371750611791109,0.001212830255626674,0.0009755765976837419,0.6338028169014085,30.392794853682915,0.0,0.0,0.0,0.0,384.3927948536829,0.7134109047311257,0.0,0.0010646688382271831,0.6889699041814548,0.0013811216313050897,0.044919445523430065,0.0010646688382271831,0.2222222222222222,0.0,0.0,0.0,0.0006191380184785138
2023-06-12,25902.5,47.0,10.162094768125908,355,0.0,0.0,0.0,,,0,0.0007667795955101815,0.0009923156636945513,0.000798199034468516,0.6320224719101124,29.5349532609265,0.0,0.0,0.0,0.0,384.5349532609265,0.7202433432453679,0.0,0.0008710926858222406,0.694655984011257,0.001130008607431437,0.03675227361007914,0.0008710926858222406,0.21666666666666667,0.0,0.0,0.0,0.0005065674696642386
2023-06-13,25918.728515625,45.0,10.162721095081881,356,0.0,0.0,0.0,,,0,0.0006273651235992394,0.0008118946339319055,0.0006530719372924221,0.6302521008403361,28.663572772242162,0.0,0.0,0.0,0.0,384.66357277224216,0.7272506106670082,0.0,0.0007127121974909241,0.7005822797668482,0.0009245524969893575,0.030070042044610206,0.0007127121974909241,0.2111111111111111,0.0,0.0,0.0,0.0004144642933616497
2023-06-14,25124.67578125,46.0,10.131605741049261,357,0.0,0.0,0.0,,,0,0.0005132987374902868,0.0006642774277624681,0.0005343315850574363,0.6284916201117319,27.779942806289682,0.0,0.0,0.0,0.0,384.7799428062897,0.7344260044590117,0.0,0.0005831281615834833,0.7067356842563324,0.0007564520429912924,0.024602761672862895,0.0005831281615834833,0.20555555555555555,0.0,0.0,0.0,0.000339107149114077
2023-06-15,25576.39453125,41.0,10.149425116459378,358,0.0,0.0,0.0,,,0,0.00041997169431023457,0.0005434997136238376,0.000437180387774266,0.6267409470752089,26.885229979951703,0.0,0.0,0.0,0.0,384.8852299799517,0.7417635313169472,0.0,0.0004771048594773954,0.7131043837218987,0.0006189153079019664,0.020129532277796913,0.0004771048594773954,0.2,0.0,0.0,0.0,0.00027745130382060844
2023-06-16,26327.462890625,47.0,10.178367889724749,359,0.0,0.0,0.0,,,0,0.00034361320443564646,0.0004446815838740489,0.00035769304454258123,0.625,25.980489803741136,0.0,0.0,0.0,0.0,384.98048980374114,0.7492578400843081,0.0,0.0003903585213905962,0.7196777394241548,0.0005063852519197907,0.016469617318197474,0.0003903585213905962,0.19444444444444445,0.0,0.0,0.0,0.00022700561221686142
2023-06-17,26510.67578125,47.0,10.185302790517955,360,0.0,0.0,0.0,,,0,0.000281138076356438,0.00036383038680604,0.00029265794553483916,0.6232686980609419,25.066677263360134,0.0,0.0,0.0,0.0,385.06667726336013,0.7569041617560467,0.0,0.0003193842447741242,0.7264461798481351,0.00041431520611619237,0.013475141442161569,0.0003193842447741242,0.18888888888888888,0.0,0.0,0.0,0.00018573186454106842
2023-06-18,26336.212890625,49.0,10.178700187079642,361,0.0,0.0,0.0,,,0,0.00023002206247344924,0.00029767940738676,0.0002394474099830502,0.6215469613259669,24.14465639349163,0.0,0.0,0.0,0.0,385.14465639349163,0.7646982557245567,0.0,0.00026131438208791975,0.7334011027347571,0.000338985168640521,0.011025115725404919,0.00026131438208791975,0.18333333333333332,0.0,0.0,0.0,0.00015196243462451051
2023-06-19,26851.029296875,47.0,10.198059434281383,362,0.0,0.0,0.0,,,0,0.00018819986929645844,0.00024355587877098543,0.00019591151725885923,0.6198347107438017,23.215208939801073,0.0,0.0,0.0,0.0,385.2152089398011,0.7726363615379541,0.0,0.0002138026762537525,0.7405347861535202,0.00027735150161497174,0.00902054922987675,0.0002138026762537525,0.17777777777777778,0.0,0.0,0.0,0.00012433290105641769
2023-06-20,28327.48828125,49.0,10.251587929566524,363,0.0,0.0,0.0,,,0,0.0001539817112425569,0.00019927299172171534,0.0001602912413936121,0.6181318681318682,22.279042195985824,0.0,0.0,0.0,0.0,385.2790421959858,0.7807151555382856,0.0,0.00017492946238943386,0.7478403078598412,0.00022692395586679503,0.007380449369899159,0.00017492946238943386,0.17222222222222222,0.0,0.0,0.0,0.00010172691904615992
2023-06-21,30027.296875,59.0,10.309862142773344,364,0.0,0.0,0.0,,,0,0.0001259850364711829,0.00016304153868140344,0.00013114737932204624,0.6164383561643836,21.336796094438682,0.0,0.0,0.0,0.0,385.3367960944387,0.7889317118302829,0.0,0.00014312410559135498,0.7553114722181034,0.000185665054800105,0.006038549484462948,0.00014312410559135498,0.16666666666666666,0.0,0.0,0.0,8.323111558322175e-05
2023-06-22,29912.28125,65.0,10.30602441919365,365,0.0,0.0,0.0,,,0,0.00010307866620369509,0.0001333976225575119,0.00010730240126349237,0.6136986301369863,20.389049621610297,0.0,0.0,0.0,0.0,385.3890496216103,0.7972834671018996,0.0,0.00011710154093838133,0.7629427440151572,0.00015190777210917681,0.004940631396378775,0.00011710154093838133,0.16111111111111112,0.0,0.0,0.0,6.809818547718142e-05
2023-06-23,30695.46875,65.0,10.331870324961804,366,0.0,0.0,0.0,,,0,8.433709053029598e-05,0.000109143509365237,8.77928737610392e-05,0.6109589041095891,19.436326622384627,0.0,0.0,0.0,0.0,385.4363266223846,0.8057681888781975,0.0,9.581035167685744e-05,0.7707291885357099,0.00012428817718023556,0.004042334778855361,9.581035167685744e-05,0.15555555555555556,0.0,0.0,0.0,5.571669720860298e-05
2023-06-24,30548.6953125,62.0,10.32707725705931,367,0.0,0.0,0.0,,,0,6.900307407024216e-05,8.92992349351939e-05,7.183053307721389e-05,0.6082191780821918,18.47910105165664,0.0,0.0,0.0,0.0,385.47910105165664,0.814383946841808,0.0,7.839028773561063e-05,0.7786664173186368,0.00010169032678382908,0.003307364819063477,7.839028773561063e-05,0.15,0.0,0.0,0.0,4.5586388625220614e-05
2023-06-25,30480.26171875,64.0,10.324834596336881,368,0.0,0.0,0.0,,,0,5.64570606029254e-05,7.306301040152227e-05,5.877043615408409e-05,0.6054794520547945,17.51780172575991,0.0,0.0,0.0,0.0,385.5178017257599,0.8231290868975961,0.0,6.413750814731779e-05,0.7867505390602658,8.320117645949652e-05,0.0027060257610519354,6.413750814731779e-05,0.14444444444444443,0.0,0.0,0.0,3.7297954329725954e-05
2023-06-26,30271.130859375,55.0,10.317949760398704,369,0.0,0.0,0.0,,,0,4.6192140493302594e-05,5.977882669215458e-05,4.808490230788698e-05,0.6027397260273972,16.552816621377133,0.0,0.0,0.0,0.0,385.55281662137713,0.8320022076974241,0.0,5.2476143029623644e-05,0.7949781151761127,6.807368983049714e-05,0.0022140210772243108,5.2476143029623644e-05,0.1388888888888889,0.0,0.0,0.0,3.0516508087957595e-05
2023-06-27,30688.1640625,59.0,10.331632323813947,370,0.0,0.0,0.0,,,0,3.77935694945203e-05,4.890994911176284e-05,3.934219279736207e-05,0.6,15.584496765030792,0.0,0.0,0.0,0.0,385.5844967650308,0.8410021393739947,0.0,4.2935026115146613e-05,0.8033461195757275,5.569665531586129e-05,0.001811471790456254,4.2935026115146613e-05,0.13333333333333333,0.0,0.0,0.0,2.4968052071965303e-05
2023-06-28,30086.24609375,62.0,10.31182340590091,371,0.0,0.0,0.0,,,0,3.0922011404607517e-05,4.001723109144232e-05,3.2189066834205325e-05,0.5972602739726027,14.613159752146032,0.0,0.0,0.0,0.0,385.61315975214603,0.8501279242614533,0.0,3.51286577305745e-05,0.8118519022458595,4.556999071297742e-05,0.0014821132831005714,3.51286577305745e-05,0.12777777777777777,0.0,0.0,0.0,2.042840624069888e-05
2023-06-29,30445.3515625,54.0,10.32368860343864,372,0.6221020467331725,0.5289503372566364,0.9729595872305055,374.4671458666258,2.467145866625799,16,0.11313476286990785,0.09620552996300871,0.17692807964204715,0.5945205479452055,12.551634620191749,0.0,0.0,0.6749737134449474,0.9216685544064713,384.55163462019175,0.869825548077805,0.5948350805258494,0.10818057445193402,0.822392565124395,0.16761338533903267,2.910303547231628,0.10818057445193402,0.37222222222222223,0.5289503372566364,0.10666666666666667,0.278779239145166,0.050703848540590755
2023-06-30,30477.251953125,56.0,10.324735846717806,373,0.7552273891246759,0.7612119159465178,0.9574953369184162,376.9090985198461,3.9090985198461112,15,0.22987887673441115,0.21711578196001036,0.3188493991468415,0.5917808219178082,10.823774039206455,0.0,0.0,0.8343687192495962,0.9051482536448665,383.82377403920646,0.8866861823113107,0.7323708346221548,0.22166971266470142,0.8340823137038341,0.30171063412191157,5.108430175007696,0.22166971266470142,0.4111111111111111,0.7612119159465178,0.1,0.3379896075344618,0.10293762290311276
2023-07-01,30590.078125,59.0,10.328430991080884,374,0.8702609786632026,0.8307696311808069,0.9504575039416288,378.573064449352,4.573064449351989,28,0.34631198617600956,0.32868920909106425,0.43368723638225737,0.589041095890411,9.323706459220318,0.0,0.0,0.8767210802321384,0.992631520201128,383.3237064592203,0.9015888002327864,0.8520789421575782,0.33628957257249714,0.8463562203454618,0.42733261340904183,9.270533779551752,0.33628957257249714,0.43333333333333335,0.8307696311808069,0.18666666666666668,0.4572093217996678,0.16735065906612276
2023-07-02,30620.76953125,63.0,10.329433800550028,375,0.6812190364481338,0.5585715578583301,0.9268417126162132,381.8375232268142,6.8375232268141986,31,0.40720417713457757,0.37048599977602165,0.5233516866066129,0.5863013698630137,8.182165198991129,0.0,0.0,0.6839896327463335,0.9959493592219002,383.18216519899113,0.913097195604281,0.6771600850155175,0.398266029380319,0.8584909431197925,0.5307174762841069,13.221345819633251,0.398266029380319,0.45555555555555555,0.5585715578583301,0.20666666666666667,0.37528003863830794,0.20515600080652008
2023-07-03,31156.439453125,62.0,10.346776226867988,376,0.8072236618680106,0.8839156944364631,0.955166190045737,380.1282939385902,4.128293938590218,14,0.4799349925406563,0.46383685335064734,0.6018634145046354,0.5835616438356165,6.891320317048155,0.0,0.0,0.9117548530090915,0.8853516482022624,382.89132031704816,0.9262878627494754,0.797371477462941,0.4708306563044321,0.8708176557797347,0.5951964166328625,13.362919306972659,0.4708306563044321,0.5055555555555555,0.8839156944364631,0.09333333333333334,0.3596343927407619,0.2332429811582004
2023-07-04,30777.58203125,64.0,10.334541847817544,377,0.6591185393706931,0.608763990634826,0.9526559648176435,381.36512985154405,4.365129851544054,15,0.5125138192370265,0.49018724194777075,0.6656438781979096,0.5808219178082191,5.745968844143022,0.0,0.0,0.7281884892519466,0.9051482536448665,382.745968844143,0.9381512475344034,0.6550858749177283,0.5043316051432132,0.8830601270078562,0.6515512960895904,13.660570342068539,0.5043316051432132,0.5222222222222223,0.608763990634826,0.1,0.2955761399353903,0.2445762827540531
2023-07-05,30514.166015625,61.0,10.325946314296251,378,0.0,0.0,0.0,,,0,0.4193294884666581,0.40106228886635786,0.5446177185255624,0.5780821917808219,4.614460368657433,0.0,0.0,0.0,0.0,382.61446036865743,0.9500204371077261,0.0,0.4126349496626289,0.8952347288441961,0.5330874240733012,11.176830279874258,0.4126349496626289,0.45,0.0,0.0,0.0,0.20010786770786163
2023-07-06,29909.337890625,56.0,10.305926014656304,379,0.528186212366031,0.7014729147512531,0.9604416147085368,382.6325876476126,3.6325876476125813,8,0.4391216200847258,0.4556824026636115,0.6202220632861032,0.6684931506849315,3.616186776177017,0.7014661100122465,0.07014661100122464,0.795417115460307,0.664036770267849,382.616186776177,0.9606166537618381,0.5282247147211213,0.43365127058235475,0.9071223515564946,0.5568963961086735,10.599224774442574,0.43365127058235475,0.46111111111111114,0.7014729147512531,0.05333333333333334,0.25026841042447473,0.20922796638360944
2023-07-07,30342.265625,55.0,10.320296924636603,380,0.6239385921804664,0.6495183893217048,0.9257677724102354,386.9418675369841,6.941867536984091,12,0.472724705920315,0.49092530932871936,0.6757758285814,0.7068493150684931,3.028156372444357,0.649509243671265,0.13509753536835115,0.7484377665909895,0.8336546070121552,383.02815637244436,0.9669135556236236,0.6348864889801235,0.4702394921092218,0.9179934795686998,0.6072160708183973,10.853911179089378,0.4702394921092218,0.49444444444444446,0.6495183893217048,0.08,0.2810547086593617,0.22228737407010984
2023-07-08,30292.541015625,58.0,10.318656790090897,381,0.7360305766295857,0.8177919992689631,0.9117083711921736,389.3191597626839,8.31915976268391,13,0.5205985005947278,0.5503556165905819,0.7186726545106314,0.736986301369863,2.627299552467207,0.8177991711907158,0.2168774524874227,0.8541380937424461,0.8617231593133063,383.6272995524672,0.9712297594100954,0.7548875658001825,0.52199368732576,0.9276728031762262,0.6534900869083807,11.244109146527672,0.52199368732576,0.5333333333333333,0.8177919992689631,0.08666666666666667,0.3332165409363047,0.2424563135003271
2023-07-09,30171.234375,55.0,10.314644245303557,382,0.7648588922655202,0.7004114109391605,0.8891055612576416,392.5785378050774,10.578537805077417,28,0.5650094808985082,0.5776384882903234,0.7496604557373605,0.7506849315068493,2.4797984336681793,0.7007941874590573,0.28695687123332847,0.7705365754560601,0.992631520201128,384.4797984336682,0.9728228142180407,0.7928909999904493,0.5712477441738852,0.9358818960929197,0.7151521656888802,14.290634756249911,0.5712477441738852,0.6277777777777778,0.7004114109391605,0.18666666666666668,0.4127039605574672,0.27341043114707986
2023-07-10,30414.470703125,56.0,10.322673784108723,383,0.7636402884344644,0.7148758383817158,0.8516928726240266,397.44763657533485,14.447636575334855,31,0.601124173177773,0.6025907337614855,0.7682118042622088,0.7589041095890411,2.714830637636396,0.7213060476297745,0.3590874759963059,0.7667461014594853,0.9959493592219002,385.7148306376364,0.9702856319896158,0.8045174492886016,0.6136604178311064,0.9421371208014099,0.766206200876702,17.328701164204475,0.6136604178311064,0.6888888888888889,0.7148758383817158,0.20666666666666667,0.4351575723346521,0.30281900227209296
2023-07-11,30620.951171875,57.0,10.329439732474308,384,0.7842733857247141,0.7814899282549973,0.8031810651348371,403.725759414618,19.725759414617983,28,0.6344240300044895,0.635117860033033,0.7745698516935957,0.7671232876712328,3.4301571878251025,0.7815903258300286,0.43724650857930875,0.7900951861429947,0.992631520201128,387.4301571878251,0.9626042975090185,0.8431817759860551,0.6553915738592788,0.9458584256573387,0.8073744407538703,19.268937316167296,0.6553915738592788,0.75,0.7814899282549973,0.18666666666666668,0.440738247111835,0.3278952286065915
2023-07-12,30391.646484375,64.0,10.32192306293534,385,0.6916496912098961,0.660865219608,0.7497710666725352,410.91886271364694,25.918862713646945,30,0.6448286956781998,0.6397991981375725,0.7700609816897664,0.7753424657534247,4.667176761712881,0.6608627453602958,0.5033327831153384,0.6950870679701769,0.9950547536867305,389.6671767617129,0.9494641372601581,0.7601619771726372,0.6744407380980713,0.9465140095851239,0.8414981340143903,21.220039622318694,0.6744407380980713,0.7666666666666667,0.660865219608,0.2,0.40971299230129576,0.34277118564199227
2023-07-13,31476.048828125,57.0,10.356982180934805,386,0.7542407283368302,0.7734736103658958,0.7312412842551123,414.1710619527023,28.171061952702303,33,0.6647217925252235,0.6641036367245403,0.7630028548834656,0.7780821917808219,6.000880113235667,0.797700665998207,0.583102849715159,0.7562956136960863,0.9972829600991421,392.00088011323567,0.9354978367199088,0.8323439250929007,0.7031504084607675,0.9445110690641756,0.8698226478479815,23.36185060007893,0.7031504084607675,0.7888888888888889,0.7734736103658958,0.22,0.4677743164946425,0.36549902761520137
2023-07-14,30334.068359375,60.0,10.320026728165043,387,0.45359565323094225,0.3533928633505659,0.6678333470746481,423.3344955298275,36.33449552982751,30,0.6263352217444451,0.6076107688383632,0.7456993080091352,0.7753424657534247,7.985033962434898,0.0,0.583102849715159,0.45584994348335744,0.9950547536867305,394.9850339624349,0.915099387320801,0.5145042298430574,0.6688511032575474,0.9391634905653802,0.8925921216368449,24.568786854610032,0.6688511032575474,0.7555555555555555,0.3533928633505659,0.2,0.2814275845163027,0.3502133106881289
2023-07-15,30295.806640625,56.0,10.318764587221185,388,0.5283203135419705,0.43720839199116635,0.7025849335017155,419.76900849704197,31.769008497041966,42,0.6085143293439952,0.5766285185025092,0.7378603308259679,0.7753424657534247,9.345412489540308,0.4709200777015304,0.6301948574853121,0.5285579709337833,0.9995503664595334,397.3454124895403,0.901371382964939,0.5836860081150246,0.6533665405043614,0.9322921982743908,0.9120390752409699,27.738098335590024,0.6533665405043614,0.7222222222222222,0.43720839199116635,0.28,0.3658274637935329,0.35305224761638415
2023-07-16,30249.1328125,57.0,10.317222795692699,389,0.6742640563588811,0.6759621896825847,0.673407784931923,424.5863790517868,35.58637905178682,38,0.6204688251648836,0.5946891859897956,0.7261416861179597,0.7726027397260274,10.939790257373318,0.6141166442944473,0.6214599109135321,0.6749392670961071,0.9989995977858408,399.9397902573733,0.8855439189468775,0.7523203298862419,0.6713581385737942,0.9237925111239338,0.9278500793400374,29.60389863821002,0.6713581385737942,0.7555555555555555,0.6759621896825847,0.25333333333333335,0.45648906378048043,0.3718589414644016
2023-07-17,30145.888671875,54.0,10.313803830398586,390,0.42617173649708284,0.3173564211023782,0.6733098179445218,425.5994731538656,35.599473153865574,29,0.585142081770738,0.544265046919356,0.7165358919046074,0.7643835616438356,12.383569580848757,0.0,0.5565089865464057,0.42876008940356114,0.9939631673505832,402.38356958084876,0.8714513685692568,0.47249359723014084,0.6352009492385845,0.9142759397503561,0.9398706407965002,29.494098885808196,0.6352009492385845,0.7,0.3173564211023782,0.19333333333333333,0.26028615589078885,0.3515729804510175
2023-07-18,29856.5625,56.0,10.304159943903676,391,0.5118214024040029,0.43367775045244533,0.6567086043624638,428.84633951014877,37.846339510148766,44,0.5718110491586044,0.524158265743554,0.7056582032605813,0.7616438356164383,13.90383338363921,0.6066085039550679,0.5353899198228408,0.5119757224929125,0.9996985792838805,404.9038333836392,0.8568545989655996,0.5692882401709423,0.623216820317195,0.9038356959713094,0.9507484477942056,32.131535452024885,0.623216820317195,0.6833333333333333,0.43367775045244533,0.29333333333333333,0.37088976764844817,0.35508512357782307
2023-07-19,29913.923828125,50.0,10.306079330853958,392,0.6395927699270889,0.6473687755034945,0.6282461367459934,433.8340926626979,41.83409266269791,50,0.5841349983892379,0.5465601766089977,0.6915832820761106,0.7534246575342466,15.659096172120996,0.6174812244083299,0.5270586235177681,0.6396508474974691,0.9999092042625951,407.659096172121,0.8403053364092795,0.7184994891889067,0.6405409419302335,0.8922847215054858,0.9596867671520946,35.38034718802036,0.6405409419302335,0.7111111111111111,0.6473687755034945,0.3333333333333333,0.4964123151551753,0.3807809765918871
2023-07-20,29792.015625,56.0,10.301995704546313,393,0.5526654062777897,0.4973428481868879,0.6474020829130449,432.13089481297413,39.130894812974134,69,0.5784132543689746,0.5376115714413413,0.683550336773735,0.7397260273972602,16.98974366172604,0.0,0.45492801875479066,0.552666528887689,0.9999979687391211,409.98974366172604,0.827972837923863,0.6098163722151019,0.6349546565274822,0.8805916517633725,0.9670160765315539,41.493011335653016,0.6349546565274822,0.6888888888888889,0.4973428481868879,0.46,0.48205507450741164,0.39919444894016426
2023-07-21,29908.744140625,50.0,10.305906162799479,394,0.5006505928889803,0.3958612376985075,0.7120697450605747,424.56214742396554,30.56214742396554,82,0.5642745886453392,0.5118387834880987,0.6887356837349785,0.7342465753424657,17.37759163908214,0.0,0.37676898617178783,0.5006506684217239,0.9999998491308444,411.37759163908214,0.8244124307435582,0.5308643164969569,0.6160291401582957,0.8703772479415881,0.9730131260950612,48.85791836553429,0.6160291401582957,0.6388888888888888,0.3958612376985075,0.5466666666666666,0.45041705248084624,0.4085076495839246
2023-07-22,29771.802734375,52.0,10.301317007580348,395,0.5878165755331014,0.5271782057989396,0.6921016389583884,428.12202113381204,33.12202113381204,71,0.5685549498976595,0.5146277693627971,0.6893476755937803,0.7315068493150685,17.97229921000877,0.45729361540121327,0.3564120731758796,0.5878173759025023,0.9999986384046582,412.97229921000877,0.8189827861805299,0.6287583805930103,0.6183435475100619,0.8610328003486685,0.9779195828786242,52.88375138998259,0.6183435475100619,0.6388888888888888,0.5271782057989396,0.47333333333333333,0.5049417774508619,0.42604112737791316
2023-07-23,30084.5390625,54.0,10.31176666636374,396,0.565582398553429,0.4206107304173828,0.881949060776134,407.305888097873,11.30588809787298,57,0.5680144860168903,0.4975337622818127,0.7243661092632991,0.7397260273972602,16.43264100885301,0.4093662543520392,0.3175786320112628,0.56559506263355,0.9999776092809898,412.432641008853,0.8331139094728268,0.5528409934068371,0.6064339922185665,0.8559566383712427,0.9819301331335997,53.63216022816758,0.6064339922185665,0.6055555555555555,0.4206107304173828,0.38,0.4038700493344417,0.42201002227910017
2023-07-24,29176.916015625,55.0,10.281133128198881,397,0.6685154634916014,0.5621153555277741,0.8671506901962417,409.8288259764521,12.828825976452094,53,0.5862873910122923,0.5092758701447148,0.7503269421601977,0.7479452054794521,15.184658624814858,0.4865464388613236,0.3662332758973951,0.6685487777972491,0.9999501692221211,412.18465862481486,0.8447467259438323,0.6615523776714833,0.6164555168463696,0.8539184724753498,0.9852065033315125,53.51722200486438,0.6164555168463696,0.6333333333333333,0.5621153555277741,0.35333333333333333,0.4668411323205571,0.4301611331957287
2023-07-25,29227.390625,50.0,10.282861583679122,398,0.5176943584884204,0.37765727649140957,0.8309339215141193,414.6684503706651,16.668450370665084,56,0.5738159305534065,0.4853452167532047,0.7649827565881834,0.7726027397260274,14.421210219657723,0.5608042293682355,0.37522169106406567,0.5177085167903439,0.9999726519818308,412.4212102196577,0.8519429886623111,0.522890859473483,0.5994437609603902,0.8535592936002518,0.9878912576315704,53.968636185798125,0.5994437609603902,0.5888888888888889,0.37765727649140957,0.37333333333333335,0.37592172190131606,0.42029942205129
2023-07-26,29354.97265625,51.0,10.287217237012586,399,0.4255946065032706,0.2780076041407867,0.806134451434917,418.3954263473337,19.395426347333682,69,0.5468665989079272,0.4476474690054923,0.7724648829239531,0.7780821917808219,13.990183184198315,0.0,0.313810026634621,0.4255954709987011,0.9999979687391211,412.9901831841983,0.8560328907335462,0.435942593416672,0.5697162759524415,0.8540090385335781,0.9900924778329432,56.701611424743916,0.5697162759524415,0.5222222222222223,0.2780076041407867,0.46,0.34004558277109215,0.4057078149094358
2023-07-27,29210.689453125,51.0,10.282289998428292,400,0.47417940750703413,0.34922746676834754,0.7502421429587434,425.8623340552587,25.862334055258714,63,0.5336507459259466,0.4297529231441932,0.7684243847484604,0.7835616438356164,14.216102314775526,0.4284999035338227,0.35666001698800326,0.4741826053981891,0.9999932559922726,414.2161023147755,0.8538867609656464,0.49936973680033436,0.5569259961066038,0.8539868062484995,0.9918926193164576,57.84677298388138,0.5569259961066038,0.49444444444444446,0.34922746676834754,0.42,0.37598000763559764,0.4003027590414652
2023-07-28,29319.24609375,52.0,10.285999442632827,401,0.34354342997072324,0.21832107594719033,0.6781305620701295,435.9573896140295,34.95738961402952,68,0.49908577938863324,0.3913107691083745,0.752007326079673,0.7835616438356164,15.286701105180668,0.4080492743295113,0.3368040940254476,0.3435442822996498,0.9999975190129178,416.28670110518067,0.8437894903591603,0.3749298041881045,0.5238357793941493,0.8521327488140742,0.9933662374430867,59.692814259539304,0.5238357793941493,0.42777777777777776,0.21832107594719033,0.4533333333333333,0.2924317069328355,0.38068984047625976
2023-07-29,29356.91796875,52.0,10.287283503401898,402,0.41931599891638505,0.3090147226920161,0.6628053969559219,439.0146465721406,37.01464657214058,72,0.4845821829391335,0.3763478515781275,0.7357887935117182,0.7835616438356164,16.45126734012922,0.44430589418843164,0.31948656100345774,0.4193164663620445,0.9999988852198829,418.4512673401292,0.8329415066950752,0.4594442497161911,0.5121282285436114,0.8486434320651652,0.9945721734025041,61.93048439416852,0.5121282285436114,0.40555555555555556,0.3090147226920161,0.48,0.36853946225010376,0.37848068079877684
2023-07-30,29275.30859375,52.0,10.28449972961446,403,0.47159989923280893,0.3794526173979352,0.6534301059135388,441.29677345884943,38.29677345884943,72,0.48222176771980174,0.37691235445445614,0.7208144866756856,0.7863013698630137,17.62702982762636,0.6378354079282395,0.38327010179628174,0.4716004249635859,0.9999988852198829,420.62702982762636,0.8221307058854593,0.5169760157546976,0.5130096444001725,0.8438229363961278,0.9955588482783911,63.76130541341061,0.5130096444001725,0.40555555555555556,0.3794526173979352,0.48,0.41686077026076696,0.385458878882775
2023-07-31,29230.111328125,50.0,10.282954666792017,404,0.502587193362783,0.42392517042206646,0.6487774265538427,442.93990124576845,38.93990124576845,73,0.4859245723821619,0.3854601391758398,0.707716839380805,0.7808219178082192,18.752065200782738,0.0,0.38327010179628174,0.5025876520769742,0.999999087295143,422.75206520078274,0.8119177151246447,0.5497660696093624,0.5196926308018434,0.83802198707404,0.9963661644632551,65.44106806551777,0.5196926308018434,0.4111111111111111,0.42392517042206646,0.4866666666666667,0.4479877746413003,0.39682776902068867
2023-08-01,29675.732421875,53.0,10.298084900618106,405,0.533285977974568,0.4924455598476397,0.6009867238915313,450.8264191249483,45.8264191249483,70,0.49453573703532666,0.40491203384343977,0.6883113638373006,0.7808219178082192,20.42581319356043,0.4525118966719738,0.3827919299233577,0.5332868648605178,0.9999983369439447,425.42581319356043,0.7969578559642804,0.5970192791394985,0.5337520214086897,0.83055578141772,0.997026559459744,66.26996478087817,0.5337520214086897,0.45,0.4924455598476397,0.4666666666666667,0.4819673824268651,0.41230769873090256
2023-08-02,29151.958984375,53.0,10.280277393101196,406,0.5113825265687757,0.47906108824880517,0.5639994295780263,457.5431834983961,51.543183498396104,79,0.49759878967777194,0.4183936800989607,0.6657091939719779,0.7726027397260274,22.484610365449555,0.4141159908312925,0.38326690357128307,0.511382667148642,0.9999997250984922,428.48461036544956,0.7789339662295152,0.5818816685179838,0.5425028663376523,0.8211699968380464,0.9975671350304255,68.58451663890031,0.5425028663376523,0.46111111111111114,0.47906108824880517,0.5266666666666666,0.4975639087940096,0.4278088278332856
2023-08-03,29178.6796875,52.0,10.28119357388037,407,0.5035086693288627,0.4251619253449317,0.6489138508646269,445.9209781193986,38.920978119398626,72,0.49867331325069747,0.41962427014368264,0.6626554952251869,0.7753424657534247,23.14521681820662,0.6583987851177613,0.4004521381969268,0.5035092306309418,0.9999988852198829,430.1452168182066,0.773237467001974,0.5400789998157273,0.5420621633336659,0.8124549914133059,0.9980092714285086,69.2055136136457,0.5420621633336659,0.45555555555555555,0.4251619253449317,0.48,0.44630228873479955,0.4311712752699245
2023-08-04,29074.091796875,54.0,10.277602740334075,408,0.38888080548362824,0.3095021449442277,0.5477048486697457,462.18168610029664,54.181686100296645,74,0.4787110391112303,0.39960206556196354,0.6417553776696521,0.7616438356164383,25.196309130786574,0.4912746829438685,0.3934991835544901,0.3888810960787593,0.9999992527404032,433.1963091307866,0.7558147365239736,0.4423479465005628,0.523932305727647,0.8021567632516091,0.9983710862124894,70.07723841116467,0.523932305727647,0.4222222222222222,0.3095021449442277,0.49333333333333335,0.3729532380804451,0.42058617759911
2023-08-05,29042.126953125,50.0,10.276502708444154,409,0.5582946801819667,0.5255878906140974,0.6112332822765044,453.3048929763367,44.3048929763367,59,0.4931807920331824,0.42250857920780605,0.6362059057799888,0.7589041095890411,26.11141235417233,0.5970966516879516,0.4532088487232853,0.5583030597543739,0.9999849909968057,435.11141235417233,0.7481686908290932,0.6053137009077285,0.5387289230331164,0.7923407500838789,0.9986645234460014,68.06319506368018,0.5387289230331164,0.46111111111111114,0.5255878906140974,0.3933333333333333,0.4680492044757467,0.4292158188494075
2023-08-06,29041.85546875,49.0,10.276493360449624,410,0.6315233503914216,0.6565799341686793,0.5957422750636067,456.61524168461875,46.61524168461875,59,0.5183339844619531,0.4650670073825103,0.6288488820133739,0.7315068493150685,27.159396099929097,0.561457264793408,0.46650458484924384,0.6315328290696705,0.9999849909968057,437.1593960999291,0.7395073425721017,0.6885619841998151,0.5659712977906979,0.7827346759908285,0.9989046084552384,66.41534141573833,0.5659712977906979,0.5222222222222223,0.6565799341686793,0.3933333333333333,0.5349052552129627,0.44843208000641754
2023-08-07,29180.578125,49.0,10.281258634252001,411,0.43757026205142385,0.3465982947874079,0.6207257599272481,453.9179314509332,42.917931450933224,58,0.5036496712964024,0.443527241456128,0.6273719507249873,0.7095890410958904,27.755447085739036,0.0,0.4256996574162926,0.4375782837397768,0.9999816679925603,438.75544708573904,0.7346259238217195,0.46807386341715457,0.5481717642682354,0.7739876301418995,0.9991004374620241,64.88527934014954,0.5481717642682354,0.48333333333333334,0.3465982947874079,0.38666666666666666,0.36210168589293373,0.4327356447130568
2023-08-08,29765.4921875,54.0,10.301105021231054,412,0.37923633751271024,0.30660847766630667,0.5216928888731507,470.5608579755906,58.56085797559058,59,0.48102906515391286,0.41863292076706954,0.6081575758428351,0.6931506849315069,29.784533837153447,0.0,0.3812690679974495,0.37924202955754327,0.9999849909968057,441.78453383715345,0.7182487906586974,0.4309768457541032,0.5268635972656659,0.7638532956904083,0.9992612653774389,63.81522855103144,0.5268635972656659,0.42777777777777776,0.30660847766630667,0.3933333333333333,0.33873088464007167,0.4156438701543322
2023-08-09,29561.494140625,50.0,10.294227919813993,413,0.2016023588779646,0.09053079520879678,0.6699738664198626,449.0464915431208,36.046491543120794,60,0.4302242094673768,0.3589779888473836,0.6193969014022946,0.6767123287671233,29.476148856769328,0.439755631015473,0.3614610903061729,0.20160483626859396,0.9999877116507956,442.4761488567693,0.7207140912472384,0.2075762537183165,0.4688113529843296,0.7560098039734682,0.9993933465180491,63.12155063266208,0.4688113529843296,0.35555555555555557,0.09053079520879678,0.4,0.1640218846104078,0.369894418237255
2023-08-10,29429.591796875,53.0,10.289755970824665,414,0.2669192091996665,0.15747016972141917,0.589051059830517,461.6318169064501,47.631816906450126,74,0.400532391236884,0.3223402035517537,0.6138794756619714,0.6684931506849315,30.300498194834177,0.0,0.36146109030617285,0.26691940865775615,0.9999992527404032,444.3004981948342,0.714142896034404,0.2882920729725982,0.4359896657094693,0.7483976388936383,0.9995035112857498,65.0994505176326,0.4359896657094693,0.3277777777777778,0.15747016972141917,0.49333333333333335,0.24864238424444599,0.34784859387492606
2023-08-11,29397.71484375,51.0,10.288672223902859,415,0.4953058534483947,0.4796046464383093,0.5198274899289519,473.88324453260907,58.88324453260907,75,0.417763929820795,0.35093373862203653,0.5967791146196042,0.6602739726027397,32.117902607955614,0.4197800292202915,0.3581879035610046,0.49530615647890724,0.9999993881955461,447.1179026079556,0.6998665643036589,0.5578736665584282,0.4581503931365527,0.7395738071500056,0.9995936707238945,66.89955042351758,0.4581503931365527,0.34444444444444444,0.4796046464383093,0.5,0.48766100672932366,0.37326903257572563
2023-08-12,29415.96484375,54.0,10.289292827839994,416,0.4673886750844455,0.42986922918870096,0.5298971566359986,473.1565101813182,57.1565101813182,75,0.4267866107778224,0.3652856459977937,0.5846187586225849,0.6520547945205479,33.59776999589491,0.0,0.31677630447787536,0.46738896103509353,0.9999993881955461,449.5977699958949,0.688452774171188,0.5189807044470272,0.46921044973845716,0.7302790738811297,0.999667437536922,68.37235943742347,0.46921044973845716,0.36666666666666664,0.42986922918870096,0.5,0.45665668211348454,0.3884304234007727
2023-08-13,29282.9140625,54.0,10.28475948711555,417,0.43209015368987286,0.4305794634440186,0.43436679723173405,492.04793522209934,75.04793522209934,75,0.42775089130728605,0.37715724916983456,0.5573002201878847,0.6438356164383562,36.64064287458103,0.0,0.2509364259660992,0.4320904180447151,0.9999993881955461,453.64064287458103,0.6655654797596157,0.5125167188714053,0.4770843168535386,0.7185129658590361,0.9997277922021264,69.57738499425557,0.4770843168535386,0.38333333333333336,0.4305794634440186,0.5,0.4571092282914013,0.40091747883543244
2023-08-14,29408.443359375,50.0,10.289037101190267,418,0.29918441013462305,0.21070123035133273,0.5062442851626889,479.26623542733694,61.26623542733694,60,0.40437516745771096,0.34689251847556146,0.5480173229105764,0.6356164383561644,38.08117549865301,0.0,0.20180895767171242,0.2991880866623097,0.9999877116507956,456.081175498653,0.6549972956020403,0.33165817673267417,0.45064320046792683,0.706964662175946,0.9997750502837025,67.83604226802728,0.45064320046792683,0.32222222222222224,0.21070123035133273,0.4,0.2722853275779306,0.37752981497043203
2023-08-15,29170.34765625,53.0,10.280907981071513,419,0.45536668517222734,0.4659585707655602,0.43994209737020995,492.9000941853812,73.90009418538119,60,0.4136463524967139,0.36854089161919756,0.528367281903237,0.6273972602739726,40.58773918310334,0.0,0.14209929250291725,0.4553722809458336,0.9999877116507956,459.58773918310334,0.637006843708507,0.5280325380939156,0.4647139891271975,0.6942450588182297,0.9998137159868102,66.41130731020414,0.4647139891271975,0.3388888888888889,0.4659585707655602,0.4,0.4383614746411962,0.38859011672875277
2023-08-16,28701.779296875,52.0,10.26471439623281,420,0.4047801575803663,0.3736189486945076,0.4567438177931336,490.5269357122467,70.52693571224671,45,0.4120343170573779,0.3694641747237994,0.5153448338832182,0.6164383561643836,42.53432932873608,0.0,0.08595356602357644,0.40488007759136563,0.9997532108480275,462.5343293287361,0.6233770919924552,0.4584061964469023,0.4635671177307802,0.6813599739408162,0.9998027150524861,62.51834234471247,0.4635671177307802,0.3333333333333333,0.3736189486945076,0.3,0.3422203556769569,0.38015925108297166
2023-08-17,26664.55078125,50.0,10.191090276136746,421,0.41877290715605936,0.47166328034495725,0.4494682789035612,492.97209975671745,71.97209975671745,15,0.41325951525713817,0.3880458302912826,0.5033672784323715,0.6082191780821918,44.43316460759149,0.6908369681836551,0.15503726284194197,0.4626567034402789,0.9051482536448665,465.4331646075915,0.6103627484483345,0.4732974516255242,0.4653362693480063,0.6684513874876377,0.9825928129783734,53.87864373658293,0.4653362693480063,0.3388888888888889,0.47166328034495725,0.1,0.2536175134532733,0.3571516624230265
2023-08-18,26049.556640625,37.0,10.167756027482936,422,0.10915414137798668,0.032770940578792374,0.9626042440140691,425.4301621894084,3.4301621894084064,13,0.3579676290972924,0.32345039579810253,0.5868649085381347,0.6,39.62335485347887,0.0,0.15503726284194197,0.12666961563963292,0.8617231593133063,461.6233548534789,0.6438693163630088,0.09293519202555327,0.3976269825621057,0.6639819200104323,0.9606165123119975,46.44616305720422,0.3976269825621057,0.2833333333333333,0.032770940578792374,0.08666666666666667,0.04835419763329726,0.3010066688248939
2023-08-19,26096.205078125,39.0,10.169545183433726,423,0.0,0.0,0.0,,,0,0.2928826056250574,0.2646412329257202,0.48016219789483744,0.5863013698630137,35.176384123567345,0.0,0.11106169974039468,0.0,0.0,458.17638412356735,0.6764824916537682,0.0,0.32533116755081376,0.6662547512183116,0.785958964618907,38.001406137712536,0.32533116755081376,0.2722222222222222,0.0,0.0,0.0,0.24627818358400408
2023-08-20,26189.583984375,37.0,10.173117052853833,424,0.0,0.0,0.0,,,0,0.23963122278413787,0.2165246451210438,0.39285998009577605,0.5780821917808219,31.057696320314108,0.0,0.11106169974039468,0.0,0.0,455.0576963203141,0.7081597928273233,0.0,0.2661800461779385,0.6738738496926773,0.6430573346881966,31.092059567219344,0.2661800461779385,0.26666666666666666,0.0,0.0,0.0,0.20150033202327605
2023-08-21,26124.140625,38.0,10.170615093989227,425,0.0,0.0,0.0,,,0,0.19606190955065825,0.17715652782630856,0.3214308928056349,0.5698630136986301,27.23602640308502,0.0,0.06908369681836553,0.0,0.0,452.236026403085,0.7388779586444946,0.0,0.21778367414558603,0.6856927785930076,0.5261378192903426,25.438957827724916,0.21778367414558603,0.25555555555555554,0.0,0.0,0.0,0.16486390801904402
2023-08-22,26031.65625,37.0,10.167068624469975,426,0.0,0.0,0.0,,,0,0.16041428963235674,0.144946250039707,0.26298891229551946,0.5616438356164384,23.6830869541634,0.0,0.06908369681836553,0.0,0.0,449.6830869541634,0.7686301222160703,0.0,0.17818664248275218,0.7007722956153826,0.4304763976011894,20.813692768138566,0.17818664248275218,0.25,0.0,0.0,0.0,0.13488865201558145
2023-08-23,26431.640625,37.0,10.182317080019136,427,0.0,0.0,0.0,,,0,0.1312480551537464,0.11859238639612389,0.21517274642360681,0.5534246575342465,20.37328459561536,0.0,0.06908369681836553,0.0,0.0,447.37328459561536,0.7974231370519246,0.0,0.14578907112225178,0.718345175876572,0.3522079616737004,17.02938499211337,0.14578907112225178,0.24444444444444444,0.0,0.0,0.0,0.110363442558203
2023-08-24,26162.373046875,41.0,10.17207751425801,428,0.0,0.0,0.0,,,0,0.10738477239851978,0.09703013432410136,0.17605042889204192,0.5452054794520548,17.28346341407189,0.0,0.06908369681836553,0.0,0.0,445.2834634140719,0.8252751093314152,0.0,0.11928196728184236,0.7377869819592707,0.2881701504603003,13.933133175365485,0.11928196728184236,0.2388888888888889,0.0,0.0,0.0,0.09029736209307518
2023-08-25,26047.66796875,39.0,10.16768352182107,429,0.0,0.0,0.0,,,0,0.08786026832606163,0.07938829171971928,0.14404126000257975,0.5698630136986301,14.392672821246833,0.0,0.06908369681836553,0.0,0.0,443.39267282124683,0.8522131674555002,0.0,0.09759433686696192,0.7585917429585851,0.2357755776493366,11.399836234389943,0.09759433686696192,0.22777777777777777,0.0,0.0,0.0,0.07387965989433423
2023-08-26,26008.462890625,38.0,10.166177259834624,430,0.24599693290599864,0.1932794911346883,0.8134135841648176,448.586402665783,18.586402665782998,9,0.11661238915877745,0.10009578252244092,0.26574531894116843,0.5589041095890411,13.887313758821676,0.0,0.06908369681836553,0.34342826237588564,0.7162978701990245,443.8873137588217,0.8570118902506535,0.2511885638742345,0.12552055995919328,0.7764863151935065,0.32314326720382525,10.963502373591771,0.12552055995919328,0.25,0.1932794911346883,0.06,0.12105199863402494,0.08245644875609617
2023-08-27,26089.693359375,38.0,10.169295624875618,431,0.0,0.0,0.8040612051287493,450.6271898226708,19.6271898226708,10,0.09541013658445427,0.08189654933654256,0.3636209346116377,0.5780821917808219,13.5292067172835,0.0,0.0,0.0,0.7615941559557649,444.5292067172835,0.860428705580411,0.0,0.10269863996661267,0.7917485679911255,0.40286161061326875,10.788320123847813,0.10269863996661267,0.23333333333333334,0.0,0.06666666666666667,0.0,0.06746436716407868
2023-08-28,26106.150390625,39.0,10.169926212700739,432,0.3389335345793347,0.21465606715936603,0.7946349404135553,452.6885217814398,20.688521781439817,17,0.1396871180380689,0.10603464348614682,0.44198711748471364,0.5753424657534246,13.306284342441245,0.0,0.0,0.3623372332286766,0.935409070603099,445.30628434244124,0.8625625561778139,0.3502383662632815,0.14770586292964336,0.8046238385705233,0.49968842152051063,11.917716464966393,0.14770586292964336,0.2722222222222222,0.21465606715936603,0.11333333333333333,0.16626045542868165,0.0854272923030974
2023-08-29,27727.392578125,39.0,10.23017610527159,433,0.0505525528630712,0.008610415315389702,0.7881301342271017,454.4282852020841,21.428285202084112,20,0.1234808334607966,0.08832114745510006,0.5049222114378751,0.589041095890411,13.175046329073894,0.0,0.0,0.05243890725522131,0.9640275800758169,446.1750463290739,0.8638212625251995,0.05244130308180253,0.13038503386639957,0.8153870065622826,0.5841137230760208,13.38722256224523,0.13038503386639957,0.2611111111111111,0.008610415315389702,0.13333333333333333,0.02576261565750369,0.0745791692766258
2023-08-30,27297.265625,49.0,10.214541815900267,434,0.24358490002726096,0.12298283191538656,0.7784068593856689,456.5455342389876,22.545534238987614,18,0.14531793647288102,0.09462327190242487,0.5546466928829286,0.6109589041095891,13.162711844303772,0.0,0.0,0.2572701236814088,0.9468060128462683,447.1627118443038,0.8639396571958514,0.25395751265827815,0.15285275728310477,0.8242147612229314,0.6500577757615204,14.225909369109733,0.15285275728310477,0.2833333333333333,0.12298283191538656,0.12,0.12178090355694085,0.08316130278213762
2023-08-31,25931.47265625,52.0,10.163212670450678,435,0.35048927342565817,0.21887290629115985,0.7783504367515898,457.5520581037955,22.552058103795503,20,0.1826218159188405,0.11721411451855848,0.5953201008590487,0.6191780821917808,13.152173392826796,0.0,0.0,0.36356768278153784,0.9640275800758169,448.1521733928268,0.8640408251872178,0.3654419224844205,0.19150533277425308,0.8314558637618925,0.707143194727756,15.2757440292716,0.19150533277425308,0.3,0.21887290629115985,0.13333333333333333,0.1795108475700578,0.10067940183448676
2023-09-01,25800.724609375,40.0,10.158157856150005,436,0.23128090278718455,0.13131746273576198,0.7842351393342696,457.8741742881357,21.87417428813569,13,0.19146892262217577,0.11977835964895911,0.6296682896727253,0.6082191780821918,13.078078239999058,0.0,0.0,0.26839350931625033,0.8617231593133063,449.07807823999906,0.8647524651640012,0.24050160457488487,0.20041374582891341,0.8375097912895486,0.7352486428342196,14.861972387585853,0.20041374582891341,0.3111111111111111,0.13131746273576198,0.08666666666666667,0.11120756384227636,0.10259361310863031
2023-09-02,25868.798828125,39.0,10.160792843028482,437,0.0,0.0,0.772599608813946,460.2194901566829,23.219490156682923,9,0.1566563912363256,0.09800047607642108,0.6556558022438563,0.5945205479452055,13.13916508920704,0.0,0.0,0.0,0.7162978701990245,450.13916508920704,0.8641657198284183,0.0,0.16397488295092916,0.8423563237511612,0.7318030478096387,13.796159226206607,0.16397488295092916,0.29444444444444445,0.0,0.06,0.0,0.08394022890706115
2023-09-03,25969.56640625,40.0,10.164680608570169,438,0.0,0.0,0.0,,,0,0.12817341101153912,0.08018220769888997,0.536445656381337,0.5808219178082191,13.099196048014278,0.0,0.0,0.0,0.0,451.0991960480143,0.8645495814503725,0.0,0.13416126786894203,0.846391461514654,0.5987479482078861,11.287766639623586,0.13416126786894203,0.2722222222222222,0.0,0.0,0.0,0.0686783691057773
2023-09-04,25812.416015625,40.0,10.158610896066135,439,0.26981737721922383,0.23616981382272786,0.9169758302280011,446.800674806126,7.800674806125983,8,0.15392685941293632,0.10854359063049684,0.6056329607170942,0.5643835616438356,11.689813072596394,0.0,0.0,0.4063289704731095,0.664036770267849,450.6898130725964,0.878194826483521,0.26519364381731786,0.15798533622319216,0.8521738915089935,0.6106186431278794,10.689990886964752,0.15798533622319216,0.29444444444444445,0.23616981382272786,0.05333333333333334,0.13023692196947595,0.07987083326281341
2023-09-05,25779.982421875,40.0,10.157353594641705,440,0.0,0.0,0.0,,,0,0.12594015770149333,0.08880839233404286,0.4955178769503497,0.547945205479452,10.319418951980197,0.0,0.0,0.0,0.0,450.3194189519802,0.891669072157047,0.0,0.1292607296371572,0.8593548334450032,0.4995970716500831,8.746356180243888,0.1292607296371572,0.2611111111111111,0.0,0.0,0.0,0.06534886357866551
2023-09-06,25753.236328125,42.0,10.156315580840111,441,0.0,0.0,0.0,,,0,0.10304194721031272,0.07266141190967143,0.4054237175048315,0.5342465753424658,8.98430046189884,0.0,0.0,0.0,0.0,449.98430046189884,0.9049952710203291,0.0,0.10575877879403771,0.8676530948223351,0.40876124044097706,7.156109602017726,0.10575877879403771,0.2388888888888889,0.0,0.0,0.0,0.05346725201890814
2023-09-07,26240.1953125,41.0,10.175047686342062,442,0.0,0.0,0.0,,,0,0.08430704771752859,0.05945024610791298,0.3317103143221349,0.5205479452054794,7.681098018491923,0.0,0.0,0.0,0.0,449.6810980184919,0.9181949624272472,0.0,0.08652990992239448,0.8768425252959554,0.33444101490625394,5.85499876528723,0.08652990992239448,0.2222222222222222,0.0,0.0,0.0,0.04374593347001575
2023-09-08,25905.654296875,46.0,10.162216536481553,443,0.0,0.0,0.0,,,0,0.06897849358706884,0.0486411104519288,0.2713993480817467,0.5095890410958904,6.406771998266606,0.0,0.0,0.0,0.0,449.4067719982666,0.9312883252202251,0.0,0.07079719902741366,0.8867417616458225,0.2736335576505714,4.790453535235006,0.07079719902741366,0.21666666666666667,0.0,0.0,0.0,0.03579212738455834
2023-09-09,25895.677734375,41.0,10.161831350918474,444,0.0,0.0,0.8733866555065478,456.1839225151872,12.183922515187191,11,0.05643694929851086,0.03979727218794174,0.3808515857953469,0.4986301369863014,6.052214904639982,0.0,0.0,0.0,0.8004990217606297,450.05221490464,0.9349643934653924,0.0,0.05792498102242935,0.8955095128857443,0.3694272783978547,5.919461983374095,0.05792498102242935,0.2111111111111111,0.0,0.07333333333333333,0.0,0.029284467860093182
2023-09-10,25832.2265625,40.0,10.159378083013618,445,0.0,0.0,0.0,,,0,0.0461756857896907,0.032561404517406876,0.3116058429234656,0.4904109589041096,5.636187058025428,0.0,0.0,0.0,0.0,450.6361870580254,0.9392963004210738,0.0,0.04739316629107856,0.9034707469830769,0.3022586823255175,4.843196168215169,0.04739316629107856,0.20555555555555555,0.0,0.0,0.0,0.023960019158258055
2023-09-11,25162.654296875,40.0,10.133116201946136,446,0.0,0.0,0.0,,,0,0.03778010655520148,0.026641149150605625,0.2549502351191991,0.4821917808219178,5.164542815850325,0.0,0.0,0.0,0.0,451.1645428158503,0.9442315951648437,0.0,0.03877622696542791,0.9108818102888527,0.2473025582663325,3.9626150467215013,0.03877622696542791,0.2,0.0,0.0,0.0,0.01960365203857477
2023-09-12,25833.34375,30.0,10.159421329899054,447,0.06259951421097872,0.19732190430221408,0.6462972995357116,486.28460985601964,39.28460985601964,2,0.04229272612897916,0.057674013723625336,0.3261042468312923,0.4767123287671233,7.509311105390282,0.0,0.0,0.31715978542630463,0.197375320224904,454.5093111053903,0.9199492347694803,0.07209473859208732,0.04483413817027507,0.912530432921694,0.23822487862243638,3.605775947317592,0.04483413817027507,0.2111111111111111,0.19732190430221408,0.013333333333333334,0.06715535875022141,0.028249416895237797
2023-09-13,26228.32421875,41.0,10.17459518285774,448,0.0,0.0,0.6069811119104875,492.93318449706567,44.93318449706567,3,0.03460313956007386,0.047187829410238906,0.37717276775478237,0.4684931506849315,10.168727618883167,0.0,0.0,0.0,0.2913126124515909,458.16872761888317,0.8931632871834335,0.0,0.03668247668477051,0.9090091336965558,0.24787719386410081,3.4956348659871206,0.03668247668477051,0.2,0.0,0.02,0.0,0.023113159277921833
2023-09-14,26539.673828125,45.0,10.186396017988711,449,0.0,0.0,0.0,,,0,0.028311659640060428,0.03860822406292274,0.30859590089027644,0.46301369863013697,12.479628273948208,0.0,0.0,0.0,0.0,461.4796282739482,0.8705217483184918,0.0,0.03001293546935769,0.9020114272641804,0.202808613161537,2.8600648903530983,0.03001293546935769,0.19444444444444445,0.0,0.0,0.0,0.018910766681936045
2023-09-15,26608.693359375,45.0,10.18899325939803,450,0.0,0.0,0.0,,,0,0.02316408516004944,0.03158854696057315,0.2524875552738625,0.4575342465753425,14.475205057102244,0.0,0.0,0.0,0.0,464.47520505710224,0.8514320250277968,0.0,0.024556038111292654,0.8928151723121106,0.16593431985943935,2.3400530921070803,0.024556038111292654,0.18888888888888888,0.0,0.0,0.0,0.015472445467038581
2023-09-16,26568.28125,43.0,10.18747334904391,451,0.0,0.0,0.0,,,0,0.018952433312767723,0.025845174785923485,0.20658072704225114,0.4520547945205479,16.185488813289282,0.0,0.0,0.0,0.0,467.1854888132893,0.8354048974022966,0.0,0.020091303909239442,0.8823769405103262,0.13576444352135947,1.9145888935421564,0.020091303909239442,0.18333333333333332,0.0,0.0,0.0,0.012659273563940657
2023-09-17,26534.1875,46.0,10.186189274857261,452,0.0,0.0,0.0,,,0,0.015506536346809954,0.02114605209757376,0.16902059485275092,0.4465753424657534,17.637650306982266,0.0,0.0,0.0,0.0,469.63765030698227,0.822033695807317,0.0,0.016438339562104998,0.8714054414734154,0.11107999924474865,1.566481821989037,0.016438339562104998,0.17777777777777778,0.0,0.0,0.0,0.010357587461405991
2023-09-18,26754.28125,46.0,10.194449786247013,453,0.0,0.0,0.0,,,0,0.012687166101935416,0.017301315352560347,0.1382895776067962,0.4410958904109589,18.85627261079975,0.0,0.0,0.0,0.0,471.85627261079975,0.8109781720233497,0.0,0.01344955055081318,0.860418665209767,0.09088363574570343,1.2816669452637575,0.01344955055081318,0.17222222222222222,0.0,0.0,0.0,0.008474389741150355
2023-09-19,27211.1171875,46.0,10.211380888909446,454,0.0,0.0,0.0,,,0,0.010380408628856249,0.014155621652094828,0.11314601804192415,0.43561643835616437,19.863597552348892,0.0,0.0,0.0,0.0,473.8635975523489,0.8019519068214024,0.0,0.0110041777233926,0.8497883455027915,0.07435933833739371,1.0486365915794378,0.0110041777233926,0.16666666666666666,0.0,0.0,0.0,0.006933591606395745
2023-09-20,27132.0078125,47.0,10.208469410010053,455,0.0,0.0,0.0,,,0,0.00849306160542784,0.011581872260804859,0.0925740147615743,0.4301369863013699,20.679748689940993,0.0,0.0,0.0,0.0,475.679748689941,0.794712404245039,0.0,0.009003418137321218,0.8397745380013819,0.060839458639685755,0.857975393110449,0.009003418137321218,0.16111111111111112,0.0,0.0,0.0,0.005672938587051064
2023-09-21,26567.6328125,47.0,10.187448942293356,456,0.0,0.0,0.0,,,0,0.006948868586259141,0.009476077304294884,0.07574237571401533,0.4246575342465753,21.32293305252432,0.0,0.0,0.0,0.0,477.3229330525243,0.7890532433387856,0.0,0.007366433021444632,0.8305524844263643,0.049777738887015616,0.7019798670903673,0.007366433021444632,0.15555555555555556,0.0,0.0,0.0,0.004641495207587234
2023-09-22,26579.568359375,43.0,10.187898092834212,457,0.0,0.0,0.0,,,0,0.0056854379342120235,0.00775315415805945,0.061971034675103454,0.4191780821917808,21.80962366629018,0.0,0.0,0.0,0.0,478.8096236662902,0.7847978173826607,0.0,0.006027081563000153,0.8222334540547818,0.04072724090755823,0.5743471639830278,0.006027081563000153,0.15,0.0,0.0,0.0,0.0037975869880259184
2023-09-23,26579.390625,47.0,10.187891405932195,458,0.0,0.0,0.0,,,0,0.004651721946173473,0.006343489765685004,0.05070357382508464,0.4136986301369863,22.15472469779263,0.0,0.0,0.0,0.0,480.15472469779263,0.7817943068515195,0.0,0.004931248551545579,0.8148808818360067,0.03332228801527491,0.4699204068952045,0.004931248551545579,0.14444444444444443,0.0,0.0,0.0,0.00310711662656666
2023-09-24,26256.826171875,44.0,10.17568127885688,459,0.0,0.0,0.0,,,0,0.0038059543195964776,0.005190127990105912,0.04148474222052379,0.40821917808219177,22.371720869152,0.0,0.0,0.0,0.0,481.371720869152,0.7799116177278818,0.0,0.004034657905810019,0.8085228338163476,0.027263690194315834,0.3844803329142582,0.004034657905810019,0.1388888888888889,0.0,0.0,0.0,0.002542186330827267
2023-09-25,26298.48046875,47.0,10.177266439643097,460,0.0,0.0,0.0,,,0,0.0031139626251243907,0.0042464683555412,0.03394206181679219,0.40273972602739727,22.472812643239024,0.0,0.0,0.0,0.0,482.472812643239,0.7790360801061411,0.0,0.0033010837411172876,0.8031616058690373,0.022306655613531137,0.3145748178389385,0.0033010837411172876,0.13333333333333333,0.0,0.0,0.0,0.0020799706343132183
2023-09-26,26217.25,46.0,10.174172870047572,461,0.5074463081010875,0.4299511685916354,0.8347323555880678,477.2579723968318,16.257972396831804,15,0.09481075271166314,0.08164732294392198,0.17954029704793323,0.3972602739726027,20.976161191200276,0.0,0.0,0.5606223135908334,0.9051482536448665,481.9761611912003,0.7920993463846177,0.496916090821997,0.09304926684673177,0.8011502859627792,0.18282330980104666,2.9846521236864043,0.09304926684673177,0.3333333333333333,0.4299511685916354,0.1,0.23991172876838626,0.04532210847687196
2023-09-27,26352.716796875,44.0,10.179326652900361,462,0.0,0.0,0.0,,,0,0.0775724340368153,0.06680235513593616,0.14689660667558171,0.3917808219178082,19.526809877450944,0.0,0.0,0.0,0.0,481.52680987745094,0.8049585012022831,0.0,0.07613121832914417,0.8018426887335981,0.14958270801903817,2.441988101197967,0.07613121832914417,0.32222222222222224,0.0,0.0,0.0,0.03708172511744069
2023-09-28,27021.546875,46.0,10.204389859135322,463,0.0,0.0,0.0,,,0,0.06346835512103069,0.05465647238394776,0.12018813273456685,0.3863013698630137,18.120253926915836,0.0,0.0,0.0,0.0,481.12025392691584,0.8176375326170968,0.0,0.062289178632936135,0.8047144785305979,0.12238585201557667,1.9979902646165184,0.062289178632936135,0.3111111111111111,0.0,0.0,0.0,0.03033959327790602
2023-09-29,26911.720703125,48.0,10.200317184565023,464,0.32169658576809174,0.18299044695243893,0.9619980854446125,467.4868536650654,3.4868536650653823,15,0.11041894251140542,0.07798992230549161,0.27324448777275695,0.38082191780821917,15.821834854358599,0.0,0.0,0.35540761910844815,0.9051482536448665,479.8218348543586,0.838787262839813,0.3045352008115479,0.10633390993813827,0.8109095302231824,0.26470628867544754,4.361992034686242,0.10633390993813827,0.36666666666666664,0.18299044695243893,0.1,0.14370009350995147,0.050950593320096105
2023-09-30,26967.916015625,47.0,10.202403142685709,465,0.0,0.0,0.9863593723680892,466.2361064189436,1.2361064189436206,10,0.09034277114569535,0.06380993643176586,0.4029017395173628,0.37534246575342467,13.527955955747643,0.0,0.0,0.0,0.7615941559557649,478.52795595574764,0.8604406633427156,0.0,0.08700047176756767,0.8199151907903701,0.35504953727186883,5.387084392016016,0.08700047176756767,0.3388888888888889,0.0,0.06666666666666667,0.0,0.04168684908007863
2023-10-01,27983.75,48.0,10.23937926354209,466,0.22435468612772955,0.08657720802234745,0.9533718926173367,470.29751960676066,4.297519606760659,28,0.11470857386970156,0.06794944035732614,0.5029872218991762,0.3698630136986301,11.744104874891775,0.0,0.0,0.22602011074791437,0.992631520201128,477.7441048748918,0.8776652220184056,0.21705098617096877,0.11064601984091332,0.8304151964681947,0.47097353416809773,9.498523593467649,0.11064601984091332,0.3888888888888889,0.08657720802234745,0.18666666666666668,0.11772504218872275,0.055511975099832106
2023-10-02,27530.78515625,50.0,10.223060117753576,467,0.0,0.0,0.0,,,0,0.09385246952975582,0.055594996655994114,0.4115349997356896,0.3643835616438356,10.034906277926893,0.0,0.0,0.0,0.0,477.0349062779269,0.8944923228880594,0.0,0.09052856168801998,0.8420655830899884,0.38534198250117085,7.771519303746258,0.09052856168801998,0.35,0.0,0.0,0.0,0.04541888871804445
2023-10-03,27429.978515625,50.0,10.219391800687632,468,0.0,0.0,0.0,,,0,0.0767883841607093,0.045486815445813365,0.33671045432920055,0.3589041095890411,8.393250404482501,0.0,0.0,0.0,0.0,476.3932504044825,0.9109581349499611,0.0,0.07406882319928908,0.8545915016099834,0.3152798038645943,6.3585157939742105,0.07406882319928908,0.3277777777777778,0.0,0.0,0.0,0.037160908951127274
2023-10-04,27799.39453125,49.0,10.232769519990114,469,0.0,0.0,0.0,,,0,0.06282685976785306,0.037216485364756385,0.27549037172389135,0.35342465753424657,6.812704614223264,0.0,0.0,0.0,0.0,475.81270461422326,0.9270973359202201,0.0,0.06060176443578197,0.867774380575481,0.2579562031619408,5.202422013251627,0.06060176443578197,0.3111111111111111,0.0,0.0,0.0,0.030404380050922313
2023-10-05,27415.912109375,48.0,10.218878857734271,470,0.0,0.0,0.0,,,0,0.05140379435551613,0.030449851662073403,0.22540121322863835,0.34794520547945207,5.287448899226831,0.0,0.0,0.0,0.0,475.28744889922683,0.9429430107014665,0.0,0.049583261811094334,0.881441404234751,0.21105507531431517,4.256527101751331,0.049583261811094334,0.3,0.0,0.0,0.0,0.02487631095075462
2023-10-06,27946.59765625,50.0,10.238050741522427,471,0.08737220619445663,0.8035814771559017,0.998847250453955,471.10380730255633,0.10380730255633352,1,0.05794350559895985,0.1710192381154967,0.3660277654514232,0.3424657534246575,3.889006842401045,0.0,0.0,0.8766325290604327,0.09966799462495582,474.88900684240105,0.9577091128622303,0.0859146289075805,0.056188964919546364,0.895308260348838,0.19080287882534075,3.6644312650692705,0.056188964919546364,0.3055555555555556,0.8035814771559017,0.006666666666666667,0.11819019437977728,0.04184247157421328
2023-10-07,27968.83984375,49.0,10.238846306742609,472,0.06419182662477266,0.4822575749299677,0.9940115892561042,472.5405771863943,0.5405771863942732,1,0.05907956396728945,0.22760802662721868,0.48020664250681966,0.336986301369863,2.6653468751622995,0.0,0.0,0.6440565686740495,0.09966799462495582,474.6653468751623,0.9708192607175506,0.06358848945862007,0.05753433301755976,0.9090375331431494,0.17423289987981622,3.179989216874857,0.05753433301755976,0.3111111111111111,0.4822575749299677,0.006666666666666667,0.08700233952952807,0.05005335665699779
2023-10-08,27935.08984375,50.0,10.237638878059547,473,0.7074875500498486,0.5883940881926633,0.954118356145108,477.22707969654624,4.227079696546241,27,0.1769719250732093,0.29320549236639043,0.5663724086228721,0.3315068493150685,1.9093214295798475,0.0,0.0,0.7139073953722681,0.9910074536781177,474.90932142957985,0.9790087659080684,0.7148131501734614,0.17703957250045096,0.9217595754640436,0.3227373642067801,7.510900268352156,0.17703957250045096,0.49444444444444446,0.5883940881926633,0.18,0.36636162981904,0.1075639517773691
2023-10-09,27583.677734375,50.0,10.22497949033162,474,0.7532829283672045,0.6439968406530456,0.9674844184848002,476.97503632198413,2.9750363219841347,29,0.2817557438539357,0.35698573750941864,0.6393018649614044,0.32602739726027397,1.1060561812374203,0.0,0.0,0.7578579902262235,0.9939631673505832,475.1060561812374,0.9877856945377811,0.7595661921548789,0.28295350334671054,0.9337643243865413,0.4447784193238352,11.418009310469944,0.28295350334671054,0.5444444444444444,0.6439968406530456,0.19333333333333333,0.39797238486399933,0.1603654850658473
2023-10-10,27391.01953125,50.0,10.217970484319029,475,0.8442813530173805,0.7783725886394104,0.9715530943376884,477.59734237666044,2.5973423766604355,28,0.3840331273381984,0.4336015286239626,0.699711179393456,0.32054794520547947,0.3433215331824613,0.0,0.0,0.8505486032181523,0.992631520201128,475.34332153318246,0.9961925829609025,0.8527817611094505,0.38655864112175414,0.9451149168546069,0.5443880740287975,14.432916708566317,0.38655864112175414,0.5722222222222222,0.7783725886394104,0.18666666666666668,0.43968254908648685,0.21115040579687266
2023-10-11,26873.3203125,47.0,10.198889263476758,476,0.6847478030394721,0.6482405101250003,0.9537247930735733,480.2642113412048,4.2642113412048275,15,0.43870852292024815,0.4726267979877876,0.7458954727898409,0.3150684931506849,-0.1880222946248864,0.0,0.0,0.756503479161693,0.9051482536448665,475.8119777053751,1.0,0.6978489324132373,0.4431568759020238,0.9550940228810421,0.6099808339589918,14.53602276155426,0.4431568759020238,0.6111111111111112,0.6482405101250003,0.1,0.3069316687493874,0.22856518087914807
2023-10-12,26756.798828125,45.0,10.19454388182958,477,0.6588621022695483,0.6370653470290243,0.9395520516296865,482.61168523073087,5.61168523073087,14,0.4787364464383027,0.5025247159952851,0.781105759851631,0.3095890410958904,-0.5404311017338728,0.0,0.0,0.7441812568004939,0.8853516482022624,476.4595688982661,1.0,0.6755013006415409,0.4854013167637542,0.9632587459935797,0.6600482547304956,14.438564077635302,0.4854013167637542,0.6722222222222223,0.6370653470290243,0.09333333333333334,0.29547796553501693,0.24073114172566965
2023-10-13,26862.375,44.0,10.198481887612811,478,0.4798030465256379,0.48298555996343256,0.93852809083033,483.70982426004076,5.709824260040762,10,0.47893037372690905,0.4989721421713119,0.8097280018477581,0.3041095890410959,-0.8499305910886505,0.0,0.0,0.6299983301782399,0.7615941559557649,477.15006940891135,1.0,0.4921348167155266,0.48662558948225826,0.969938973994747,0.6785111458623627,13.631552427156155,0.48662558948225826,0.6777777777777778,0.48298555996343256,0.06666666666666667,0.2187378728151736,0.2367323655601249
2023-10-14,26861.70703125,47.0,10.198457020971082,479,0.0,0.0,0.0,,,0,0.3918521239583801,0.40824993450380065,0.6625047287845293,0.3013698630136986,-1.2251920338381979,0.0,0.0,0.0,0.0,477.7748079661618,1.0,0.0,0.3981482095763931,0.9754046150866111,0.5551454829782967,11.153088349491398,0.3981482095763931,0.5833333333333334,0.0,0.0,0.0,0.19369011727646582
2023-10-15,27159.65234375,45.0,10.209487781286953,480,0.0,0.0,0.0,,,0,0.32060628323867457,0.3340226736849278,0.5420493235509785,0.29863013698630136,-1.6599523868021038,0.0,0.0,0.0,0.0,478.3400476131979,1.0,0.0,0.32575762601704883,0.9798765032526817,0.45420994061860637,9.125254104129326,0.32575762601704883,0.5611111111111111,0.0,0.0,0.0,0.15847373231710837
2023-10-16,28519.466796875,47.0,10.258342178591718,481,0.06368898416546363,0.4759984146109961,0.993947041410608,481.5464216803461,0.5464216803461,1,0.27389404704354525,0.35983644476239474,0.624212544980002,0.2958904109589041,-2.3545834280261033,0.0,0.0,0.6390113938292943,0.09966799462495582,478.6454165719739,1.0,0.0638438434270247,0.278136938273408,0.9835353208431032,0.3897477686197608,7.647935176105811,0.278136938273408,0.5444444444444444,0.4759984146109961,0.006666666666666667,0.08632305467287862,0.14535542729088477
2023-10-17,28415.748046875,52.0,10.254698779158943,482,0.07430723116376232,0.6145863131413447,0.9961255293915583,482.3493796232092,0.34937962320918814,1,0.23760553506540288,0.40615460264947656,0.691833087600285,0.4849315068493151,-3.0018250421941275,0.6379918613784834,0.06379918613784834,0.745547569642347,0.09966799462495582,478.9981749578059,1.0,0.07442270493841618,0.24109798675795494,0.9865288988716299,0.3370059915297962,6.439219689541118,0.24109798675795494,0.5388888888888889,0.6145863131413447,0.006666666666666667,0.10062669918432585,0.13722293127151042
2023-10-18,28328.341796875,50.0,10.251618059409257,483,0.21549360814847962,0.6081118519850985,0.9924589685942198,483.6812647867939,0.6812647867939177,3,0.23358518471687137,0.44287410252868054,0.7464923386900912,0.4767123287671233,-3.5558164870523683,0.0,0.06379918613784834,0.7397331901799804,0.2913126124515909,479.44418351294763,1.0,0.21614707787131074,0.23656145786947416,0.9889781899858789,0.32869810442466796,5.81390701871546,0.23656145786947416,0.5333333333333333,0.6081118519850985,0.02,0.15516797017281642,0.1404856656172024
2023-10-19,28719.806640625,52.0,10.265342290570729,484,0.44728320899900387,0.5179020199039741,0.9990903378480229,484.0819068531107,0.08190685311069501,8,0.2724393709499864,0.45651554205146117,0.792419247627897,0.4657534246575342,-4.114128549893962,0.0,0.06379918613784834,0.6735819897723218,0.664036770267849,479.88587145010604,1.0,0.4474460633507258,0.2749041134115199,0.9909821554429918,0.38966877094160995,6.2113784698581025,0.2749041134115199,0.5555555555555556,0.5179020199039741,0.05333333333333334,0.20861621139937755,0.15287303757759788
2023-10-20,29682.94921875,53.0,10.298328059553281,485,0.0,0.0,0.0,,,0,0.22290493986817067,0.37351271622392274,0.6483430207864611,0.4575342465753425,-4.714506130560153,0.0,0.06379918613784834,0.0,0.0,480.28549386943985,1.0,0.0,0.22492154733669806,0.992621763544266,0.31881990349768086,5.082036929883902,0.22492154733669806,0.5333333333333333,0.0,0.0,0.0,0.12507793983621643
2023-10-21,29918.412109375,63.0,10.30622935946936,486,0.2788027250294437,0.6158444353651897,0.9543833334822663,490.202088405601,4.202088405600989,4,0.23306817353385667,0.4175730287950622,0.7039867140038802,0.44931506849315067,-4.770068555687658,0.0,0.06379918613784834,0.7337899368762119,0.3799489622552249,481.22993144431234,1.0,0.2840585564085128,0.2356737308043007,0.9939632610816722,0.3299342778172343,4.885302942632284,0.2356737308043007,0.5388888888888889,0.6158444353651897,0.02666666666666667,0.17541636443503322,0.13423038067236492
2023-10-22,29993.896484375,53.0,10.308749189424594,487,0.0,0.0,0.0,,,0,0.19069214198224635,0.3416506599232327,0.5759891296395383,0.4410958904109589,-4.915577416517294,0.0,0.06379918613784834,0.0,0.0,482.0844225834827,1.0,0.0,0.19282396156715512,0.9950608499759135,0.26994622730500983,3.997066043971868,0.19282396156715512,0.5111111111111111,0.0,0.0,0.0,0.10982485691375311
2023-10-23,33086.234375,53.0,10.406872594953755,488,0.0,0.0,0.0,,,0,0.15602084344001974,0.27953235811900856,0.4712638333414404,0.4328767123287671,-5.142466385839327,0.0,0.06379918613784834,0.0,0.0,482.8575336141607,1.0,0.0,0.157765059464036,0.9959588772530201,0.2208650950677353,3.27032676324971,0.157765059464036,0.4777777777777778,0.0,0.0,0.0,0.08985670111125255
2023-10-24,33901.52734375,66.0,10.43121534674153,489,0.0,0.0,0.0,,,0,0.12765341736001615,0.22870829300646153,0.38557950000663305,0.4246575342465753,-5.44298497713072,0.0,0.06379918613784834,0.0,0.0,483.5570150228693,1.0,0.0,0.1290805031978476,0.9966936268433801,0.18070780505541978,2.675721897204308,0.1290805031978476,0.4388888888888889,0.0,0.0,0.0,0.0735191190910248
2023-10-25,34502.8203125,72.0,10.448796347866656,490,0.0,0.0,0.0,,,0,0.10444370511274048,0.1871249670052867,0.31547413636906335,0.41643835616438357,-5.810120845441986,0.0,0.06379918613784834,0.0,0.0,484.189879154558,1.0,0.0,0.10561132079823894,0.9972947855991292,0.1478518404998889,2.1892270068035247,0.10561132079823894,0.4,0.0,0.0,0.0,0.060152006529020294
2023-10-26,34156.6484375,71.0,10.438712529432724,491,0.6008085445849886,0.6094818045838903,0.7543968033816534,516.3653106473757,25.365310647375736,15,0.1946918577440583,0.26391711929230555,0.39527825764407964,0.40821917808219177,-3.745794036602206,0.0,0.06379918613784834,0.6637681088878451,0.9051482536448665,487.2542059633978,1.0,0.6725060020041675,0.2086830810174987,0.9977866427629238,0.28554209743533937,4.518458460111975,0.2086830810174987,0.5444444444444444,0.6094818045838903,0.1,0.29578520486564064,0.10299440622658762
2023-10-27,33909.80078125,70.0,10.431459360176152,492,0.0,0.0,0.0,,,0,0.15929333815422952,0.21593218851188634,0.32340948352697424,0.4,-1.9733078762233731,0.0,0.0,0.0,0.0,490.0266921237766,1.0,0.0,0.17074070265068073,0.9981890713514832,0.23362535244709584,3.6969205582734337,0.17074070265068073,0.5111111111111111,0.0,0.0,0.0,0.08426815054902623
2023-10-28,34089.57421875,65.0,10.436746875137551,493,0.0,0.0,0.0,,,0,0.1303309130352787,0.17667179060063426,0.26460775924934254,0.3917808219178082,-0.4648680168330088,0.0,0.0,0.0,0.0,492.535131983167,1.0,0.0,0.13969693853237514,0.9985183311057588,0.19114801563853295,3.0247531840419,0.13969693853237514,0.4722222222222222,0.0,0.0,0.0,0.06894666863102146
2023-10-29,34538.48046875,72.0,10.44982935735569,494,0.0,0.0,0.0,,,0,0.10663438339250074,0.14454964685506438,0.21649725756764387,0.3835616438356164,0.8046728083297126,0.0,0.0,0.0,0.0,494.8046728083297,0.9910990411984633,0.0,0.11429749516285237,0.9971693693044323,0.1563938309769815,2.474798059670645,0.11429749516285237,0.43333333333333335,0.0,0.0,0.0,0.05641091069810846
2023-10-30,34502.36328125,68.0,10.448783101579169,495,0.6445160993450182,0.5768737446542098,0.9764813894579671,497.1419628535618,2.141962853561779,15,0.20443105902023118,0.22315402827309083,0.3546761906386118,0.37534246575342467,0.02727186025657602,0.0,0.0,0.7120558391950377,0.9051482536448665,495.0272718602566,0.9996970252366086,0.6506022213172982,0.2118074453727516,0.9976289431102825,0.2925309987347788,4.752107503366892,0.2118074453727516,0.5666666666666667,0.5768737446542098,0.1,0.28618605231341626,0.09818820917361896
2023-10-31,34667.78125,66.0,10.453566040380862,496,0.869092041189969,0.9549550222242631,0.9680343359124162,498.92389492156656,2.923894921566557,15,0.3252785103238198,0.35620875444603123,0.4661958534156671,0.36712328767123287,-0.6016211815233987,0.0,0.0,0.9601654068162804,0.9051482536448665,495.3983788184766,1.0,0.8804596709195911,0.33338057729035875,0.9980600443629584,0.40391595417297654,6.615360684572911,0.33338057729035875,0.65,0.9549550222242631,0.1,0.3872485053854909,0.1507446266666866
2023-11-01,35437.25390625,66.0,10.475518916001551,497,0.0,0.0,0.0,,,0,0.2661369629922162,0.29144352636493465,0.3814329709764549,0.3589041095890411,-1.2658577431338927,0.0,0.0,0.0,0.0,495.7341422568661,1.0,0.0,0.27276592687392986,0.9984127635696931,0.33047668977788985,5.412567832832382,0.27276592687392986,0.6166666666666667,0.0,0.0,0.0,0.12333651272728902
2023-11-02,34938.2421875,72.0,10.461337272963412,498,0.0,0.0,0.0,,,0,0.21774842426635868,0.23845379429858288,0.3120815217080085,0.3506849315068493,-1.9620717750671588,0.0,0.0,0.0,0.0,496.03792822493284,1.0,0.0,0.2231721219877608,0.9987013520115671,0.2703900189091826,4.428464590499221,0.2231721219877608,0.5833333333333334,0.0,0.0,0.0,0.10091169223141828
2023-11-03,34732.32421875,65.0,10.455426066008267,499,0.09034883660337192,0.8568945035131713,0.9863387051644394,500.2379922101346,1.237992210134621,1,0.19458486287308835,0.3508975596103262,0.434673736881905,0.3424657534246575,-2.562065681238437,0.0,0.0,0.9064979880788082,0.09966799462495582,496.43793431876156,1.0,0.09084732297703134,0.19911306762217362,0.9989374698276456,0.23934965085750498,3.8051073922266347,0.19911306762217362,0.5555555555555556,0.8568945035131713,0.006666666666666667,0.12283437223191007,0.1048976340496895
2023-11-04,35082.1953125,68.0,10.46544902470195,500,0.09123402299665843,0.8713888361839558,0.985563874919331,501.30872057811087,1.308720578110865,1,0.1757938010773738,0.44553233716916796,0.5348355801614371,0.33424657534246577,-3.0981812755861142,0.0,0.0,0.9153793385726896,0.09966799462495582,496.9018187244139,1.0,0.09176623528241463,0.1795954617422174,0.99913065713171,0.21395298608795058,3.295087866367246,0.1795954617422174,0.5388888888888889,0.8713888361839558,0.006666666666666667,0.12407683059467847,0.10838476069423295
2023-11-05,35049.35546875,70.0,10.464512503384956,501,0.0,0.0,5.804294907100006e-05,1378.8894588206526,877.8894588206526,11,0.14383129179057855,0.36452645768386466,0.43760330066827957,0.32602739726027397,79.90064159072233,0.0,0.0,0.0,0.8004990217606297,580.9006415907223,0.4115664018289388,0.0,0.1469417414254506,0.8923007925312061,0.3205977198466195,4.695980981573201,0.1469417414254506,0.4888888888888889,0.0,0.07333333333333333,0.0,0.08867844056800876
2023-11-06,35037.37109375,74.0,10.464170516372448,502,0.0,0.0,0.0007049074704271979,1155.1699610248052,653.1699610248052,1,0.11768014782865517,0.298248919923162,0.35816722917776095,0.3178082191780822,133.5929577273016,0.0,0.0,0.0,0.09966799462495582,635.5929577273016,0.22664594404960686,0.0,0.12022506116627776,0.7712726382618244,0.2804286788972261,4.0239844394689825,0.12022506116627776,0.4444444444444444,0.0,0.006666666666666667,0.0,0.07255508773746171
2023-11-07,35443.5625,68.0,10.475696921676048,503,0.17894485468116564,0.8662181163384686,0.9707893999957156,505.66811516211914,2.668115162119136,2,0.12881918543820253,0.4015160465441268,0.4695530784173891,0.3095890410958904,120.21916319728416,0.0,0.0,0.9066222386733187,0.197375320224904,623.2191631972842,0.2629560213549328,0.10612616069113887,0.11766162471625251,0.6788514351878441,0.2653280682295312,3.6559872686564403,0.11766162471625251,0.4388888888888889,0.8662181163384686,0.013333333333333334,0.16313676729555507,0.0890244840207514
2023-11-08,35655.27734375,66.0,10.481652446969523,504,0.0,0.0,0.0,,,0,0.10539751535852934,0.32851312899064916,0.3841797914324092,0.3013698630136986,108.02382528917315,0.0,0.0,0.0,0.0,612.0238252891731,0.3011144886962038,0.0,0.09626860204057022,0.6101719903711821,0.21708660127870733,2.9912623107189056,0.09626860204057022,0.3888888888888889,0.0,0.0,0.0,0.0728382141987966
2023-11-09,36693.125,69.0,10.510344686793989,505,0.7829981021381017,0.9708181436541111,0.7276049625685627,533.6197310708977,28.61973107089773,15,0.2285976220457243,0.4452958589294604,0.4466207316389825,0.29315068493150687,99.5567686969564,0.0,0.0,0.8650495639638165,0.9051482536448665,604.5567686969564,0.330818193500456,0.5712657708096285,0.18263172363494445,0.5593803909401409,0.3421887198907363,5.1746691633154684,0.18263172363494445,0.5666666666666667,0.9708181436541111,0.1,0.39109542042999146,0.13070316078628658
2023-11-10,37313.96875,70.0,10.527123032844324,506,0.0,0.0,0.0,,,0,0.18703441803741078,0.3643329754877403,0.3654169622500766,0.28493150684931506,91.80086035161753,0.0,0.0,0.0,0.0,597.8008603516175,0.3605914930957761,0.0,0.14942595570131817,0.5232369549684381,0.2799725890015115,4.233820224530837,0.14942595570131817,0.5166666666666667,0.0,0.0,0.0,0.10693894973423447
2023-11-11,37138.05078125,70.0,10.522397350525916,507,0.0,0.0,0.0,,,0,0.153028160212427,0.29809061630815115,0.29897751456824445,0.27671232876712326,84.68837184869187,0.0,0.0,0.0,0.0,591.6883718486919,0.39024446245293526,0.0,0.12225760011926032,0.49905650178380123,0.22906848191032758,3.4640347291615936,0.12225760011926032,0.46111111111111114,0.0,0.0,0.0,0.08749550432801001
2023-11-12,37054.51953125,73.0,10.520145607933834,508,0.7093625510387804,0.8963216075414902,0.9866561721281721,509.20902910707605,1.2090291070760486,10,0.25417986763540035,0.4068598874414855,0.42400999776095855,0.2684931506849315,75.83319634949032,0.0,0.0,0.9314180597257391,0.7615941559557649,583.8331963494903,0.430593378930858,0.5091302031969908,0.1925980734061204,0.48660866126508423,0.3258913317367707,4.652392051132213,0.1925980734061204,0.5888888888888889,0.8963216075414902,0.06666666666666667,0.3169872659255022,0.12922127916391768
2023-11-13,36502.35546875,72.0,10.505132070878805,509,0.41383267487321007,0.865998879624177,0.9416851404649896,514.4075875462307,5.4075875462307295,5,0.28320765076954757,0.4903397042019748,0.5181327509798732,0.5041095890410959,68.22123360632281,0.8972875435012388,0.08972875435012388,0.895514629508481,0.46211715726000974,577.2212336063228,0.4685962728507976,0.313027161549269,0.21449427125032924,0.48333368155339573,0.35065966365008683,4.715593496380901,0.21449427125032924,0.6166666666666667,0.865998879624177,0.03333333333333333,0.23532165614722725,0.1485122567972467
2023-11-14,35537.640625,69.0,10.47834771303901,510,0.40890683006049705,0.8498936554629333,0.9400128669651591,515.5675543995867,5.567554399586697,5,0.30606204700426565,0.5557131498857855,0.5948382266135616,0.4904109589041096,61.349454634252766,0.0,0.08972875435012388,0.8848553308104639,0.46211715726000974,571.3494546342528,0.5057763987588124,0.31912018079232735,0.23351716389432886,0.4874141755907442,0.3709246624882546,4.767303769766191,0.23351716389432886,0.6388888888888888,0.8498936554629333,0.03333333333333333,0.23268599813673205,0.16381657340442585
2023-11-15,37880.58203125,60.0,10.542193912315287,511,0.07496740638468045,0.6236877096584063,0.99618760972727,511.34377083600987,0.3437708360098668,1,0.2640448396188865,0.5680721607535346,0.6678108417251449,0.4794520547945205,54.634627605848664,0.0,0.08972875435012388,0.7521713130356232,0.09966799462495582,565.6346276058487,0.5449553480587613,0.058895267582690605,0.2017677282013037,0.4978762069485655,0.3216052683312912,4.0823394479905195,0.2017677282013037,0.5944444444444444,0.6236877096584063,0.006666666666666667,0.10151817643602218,0.15248959213744337
2023-11-16,36154.76953125,70.0,10.495564156124622,512,0.40091689589253915,0.8159652586090365,0.9511481399117299,516.50769102112,4.5076910211199674,5,0.28893066803227785,0.6131436330908986,0.7193267141227058,0.5917808219178082,48.95587174063644,0.8557178025167074,0.17530053460179462,0.8675654854921642,0.46211715726000974,560.9558717406364,0.5804485394425378,0.3290490059082356,0.22490977869347312,0.5128893583111058,0.34715288450014914,4.249186821083152,0.22490977869347312,0.6277777777777778,0.8159652586090365,0.03333333333333333,0.2270672493435982,0.16604916617492607
2023-11-17,36596.68359375,63.0,10.507712903091303,513,0.34234044435791855,0.8955296001653618,0.9093110119923233,521.5561286325694,8.556128632569425,4,0.2986415364551216,0.6644865361953465,0.7538693137353636,0.5753424657534246,44.2035152541539,0.0,0.17530053460179462,0.901016921656853,0.3799489622552249,557.2035152541539,0.611922175059999,0.2921808219428796,0.23714087746609244,0.5308953249927227,0.3531158077283447,4.20388012634076,0.23714087746609244,0.65,0.8955296001653618,0.02666666666666667,0.2196015797962748,0.17578596865153492
2023-11-18,36585.703125,69.0,10.507412818075638,514,0.0,0.0,0.0,,,0,0.2443430752814631,0.5436708023416471,0.6168021657834792,0.5534246575342465,39.80852605209827,0.0,0.17530053460179462,0.0,0.0,553.8085260520983,0.6425459442979602,0.0,0.19402435429043927,0.551195437593675,0.2889129335959184,3.4395382851878944,0.19402435429043927,0.5666666666666667,0.0,0.0,0.0,0.14382488344216493
2023-11-19,37386.546875,66.0,10.529066209467143,515,0.6295738566896905,0.746538125883477,0.9632293745155331,518.3717337285419,3.371733728541926,10,0.3143850355375044,0.5805557702583435,0.6797889310074889,0.5342465753424658,35.43359344985481,0.0,0.17530053460179462,0.8266526886614628,0.7615941559557649,550.4335934498548,0.674551944872133,0.545960166656459,0.25801268381153375,0.5736238934624854,0.37485497402498136,4.632349506062823,0.25801268381153375,0.6555555555555556,0.746538125883477,0.06666666666666667,0.28404993332342965,0.16932034705694032
2023-11-20,37476.95703125,69.0,10.531481543922137,516,0.5403011622592724,0.7242537516548705,0.9688873877729929,518.8446199860057,2.844619986005682,8,0.3554606949414622,0.6066826759668029,0.7323522867830351,0.6301369863013698,31.425119786631058,0.8401781860831584,0.2593183532101105,0.8136615116077592,0.664036770267849,547.4251197866311,0.7052746358500607,0.4758497953407319,0.297619431362297,0.5975603920784082,0.42743348243277546,5.244649595869582,0.297619431362297,0.6833333333333333,0.7242537516548705,0.05333333333333334,0.2551137950312928,0.18491915577954984
2023-11-21,35813.8125,71.0,10.486088922000189,517,0.7175400123398743,0.7556679720216937,0.963162074312523,520.3780221890488,3.3780221890488065,13,0.42129329810480987,0.6337709116131467,0.7743177026974873,0.6602739726027397,27.849205729718506,0.7809914849711125,0.33741750170722173,0.832680431742917,0.8617231593133063,544.8492057297185,0.7338610164230143,0.6435938739558328,0.3605238754702126,0.6223423237774274,0.5063952418655993,6.654713305711477,0.3605238754702126,0.7055555555555556,0.7556679720216937,0.08666666666666667,0.3177894290012413,0.20907738727440284
2023-11-22,37432.33984375,62.0,10.530290311468026,518,0.6723288124853496,0.7867409303899087,0.9264130767847096,524.8791550906506,6.879155090650556,11,0.4669361189012716,0.6615836422998307,0.8019714070769823,0.6821917808219178,24.947296145045357,0.8153468959748423,0.41895219130470596,0.8398871131742539,0.8004990217606297,542.9472961450454,0.7579088286578126,0.6204497858177446,0.4077831318970366,0.6469907792102247,0.5598686563919684,7.444765431945753,0.4077831318970366,0.7277777777777777,0.7867409303899087,0.07333333333333333,0.3045226619415494,0.22643107357752038
2023-11-23,37289.62109375,66.0,10.526470312052592,519,0.7124105739023775,0.8083502834073997,0.9288832109432487,525.6395036591276,6.639503659127627,12,0.5115678379923817,0.6882684861375705,0.8250462805072125,0.7232876712328767,22.29893495591034,0.8438163894460077,0.41360507589918283,0.8545632302755212,0.8336546070121552,541.2989349559103,0.7805426126169759,0.6645146479806963,0.4544615893667929,0.6712729307387248,0.6096479201410933,8.272989898864706,0.4544615893667929,0.7555555555555555,0.8083502834073997,0.08,0.3204761773823837,0.24353018336022278
2023-11-24,37720.28125,66.0,10.537953192976223,520,0.8227807095306559,0.7834422469827627,0.9415882191668102,525.4168511157484,5.416851115748386,22,0.568151996453886,0.7055728062912417,0.8462357238998667,0.7863013698630137,19.786355542561523,0.7973855391690832,0.49334362981609114,0.8432349500673757,0.9757431300314515,539.7863555425615,0.8026404731142243,0.7718770290008541,0.5121734874820767,0.695157938443361,0.6762106855757039,10.768809917252941,0.5121734874820767,0.8277777777777777,0.7834422469827627,0.14666666666666667,0.4008083503665822,0.2721262137250154
2023-11-25,37796.79296875,73.0,10.539979535911824,521,0.7794070218088143,0.701717228572385,0.9436241854696584,526.2224570644003,5.22245706440026,25,0.606562001063873,0.7048717921605405,0.8639427169125561,0.8082191780821918,17.49455568749852,0.6850183207337418,0.5618454618894653,0.7899814783438169,0.9866142981514303,538.4945556874985,0.8233417198040187,0.7380346255328942,0.5532391489458617,0.7184640805089351,0.7326477060440176,13.356299023206951,0.5532391489458617,0.8888888888888888,0.701717228572385,0.16666666666666666,0.39485421966731676,0.29444039662361565
2023-11-26,37479.12109375,73.0,10.531539286070732,522,0.8126628885272882,0.742585250050227,0.9319337472295011,528.3444198138253,6.344419813825311,40,0.6440348896935848,0.7117287845041199,0.8763047224247278,0.8301369863013699,15.527876080481974,0.7925164344117432,0.5555253250789689,0.8132083075513558,0.999329299739067,537.527876080482,0.8415313960262646,0.7801615480420242,0.5944977669633458,0.7408399560575404,0.7811352685340266,18.20060829171478,0.5944977669633458,0.9111111111111111,0.742585250050227,0.26666666666666666,0.49298679218355357,0.3305397412708771
2023-11-27,37254.16796875,66.0,10.525519109326812,523,0.8175138519390927,0.7654218245006978,0.9402808919544303,528.5418964415327,5.5418964415326855,24,0.6755765191927681,0.7214911554125886,0.88793675324831,0.8465753424657534,13.672068495820213,0.7312095769430356,0.6286462827732725,0.8310813736317629,0.9836748576936802,536.6720684958202,0.8590639848451055,0.7885010585412313,0.6297710927047795,0.7623352340189158,0.8179606483812363,19.255043147766635,0.6297710927047795,0.95,0.7654218245006978,0.16,0.40924982062710175,0.34485066479019066
2023-11-28,37831.0859375,68.0,10.540886422938044,524,0.8305774983640943,0.7944472877214224,0.9014196992310594,533.3405883432542,9.34058834325424,29,0.7037585154057364,0.7347559067414674,0.8903881979724462,0.8684931506849315,12.35478467176631,0.7528121340677483,0.7039274961800474,0.8356220085881103,0.9939631673505832,536.3547846717663,0.8717301314612838,0.8195249244046177,0.6642717893774772,0.7822252153720736,0.849961106375663,21.026853484536336,0.6642717893774772,0.9777777777777777,0.7944472877214224,0.19333333333333333,0.4514002003958198,0.36422330762757776
2023-11-29,37858.4921875,72.0,10.541610597966539,525,0.8016848431212794,0.7491752118480766,0.9331728657125835,531.2248334275979,6.2248334275979005,23,0.7215633022631078,0.7373775985790327,0.898167228470653,0.8849315068493151,10.866217886607387,0.7946565236429113,0.7833931485443384,0.8179653003269937,0.9800963962661914,535.8662178866074,0.8862681211973537,0.7853167908301061,0.6862799714597734,0.8011421073403062,0.8736220681739408,21.38560739643882,0.6862799714597734,0.9944444444444445,0.7491752118480766,0.15333333333333332,0.39719582087100724,0.370218310035474
2023-11-30,37712.74609375,74.0,10.537753408968067,526,0.7330710760451977,0.7407287712432237,0.9259277406760584,532.9263173087115,6.926317308711532,15,0.7236556247689423,0.7379869026997947,0.9032145943261812,0.8958904109589041,9.586227355379151,0.6971022225533378,0.7690855521913564,0.8098906152591628,0.9051482536448665,535.5862273553792,0.8989627886685905,0.7244558640441534,0.6932210428387515,0.8189276857636306,0.8793541018959272,20.22458786981358,0.6932210428387515,0.9944444444444445,0.7407287712432237,0.1,0.332502969519916,0.36336097539628165
2023-12-01,38688.75,71.0,10.563304139082696,527,0.7468439981688958,0.730674111492955,0.9463509704608152,531.9627596618037,4.962759661803716,16,0.727871692659843,0.7366573042985511,0.9110575718052055,0.8986301369863013,8.241135194086269,0.7519206833585014,0.7661784720300953,0.8103173256787982,0.9216685544064713,535.2411351940863,0.9124991100412916,0.7360409587156127,0.7010064820890899,0.8359406719959326,0.8870476387160261,19.45648098439293,0.7010064820890899,0.9944444444444445,0.730674111492955,0.10666666666666667,0.33841197421808006,0.35882479336388134
2023-12-02,39476.33203125,74.0,10.583456582221416,528,0.8009523448711098,0.7347580290105432,0.9498854914232093,532.6272453296858,4.62724532968582,24,0.7411590839709824,0.7363119815189133,0.9181171935539334,0.9068493150684932,6.992193302238547,0.7145529152161209,0.7560990739542232,0.8142450105403926,0.9836748576936802,534.9921933022385,0.9252502507652974,0.792577720423209,0.7176557981498388,0.8521787772267261,0.9046162239846904,20.282575350866942,0.7176557981498388,1.0,0.7347580290105432,0.16,0.3993324451188596,0.3661898209556955
2023-12-03,39978.390625,73.0,10.596094352741906,529,0.7699790617662394,0.7012770680759978,0.9548337351812053,533.1596247650629,4.159624765062858,21,0.7463990799337563,0.729941997256565,0.9247929283952554,0.9123287671232877,5.817662965364661,0.7026773477467912,0.7419851697843015,0.7934231801867525,0.970451936613454,534.8176629653647,0.9374042125710479,0.7643258957250335,0.7261412704362378,0.8676743109256936,0.9165863535535564,20.41301619616386,0.7261412704362378,1.0,0.7012770680759978,0.14,0.3681162564519087,0.366540081955007
2023-12-04,41980.09765625,74.0,10.644950919628469,530,0.816060158563161,0.7691197339352028,0.9613453479333641,533.5479414325938,3.5479414325938023,21,0.759064730593648,0.7370652221072262,0.9314388228567296,0.9232876712328767,4.696737105100738,0.7778949740289749,0.7400361132702906,0.8409073420069957,0.970451936613454,534.6967371051007,0.9491523386241335,0.8119041711982237,0.7417345251202352,0.8824884977799554,0.9263800959280832,20.519740524134065,0.7417345251202352,1.0,0.7691197339352028,0.14,0.3890877762186839,0.370639662730221
2023-12-05,44080.6484375,75.0,10.6937761541882,531,0.7990523339944365,0.7183898582054963,0.9694585820012499,533.7915773580819,2.791577358081895,25,0.7663352039392458,0.7336697013978208,0.9383515063375514,0.9315068493150684,3.6105314149084506,0.8155566411345566,0.7530899453103721,0.809893324566227,0.9866142981514303,534.6105314149085,0.9606770182608088,0.7961492332107782,0.7516281084094248,0.8967045924128378,0.9373317690596008,21.33433315610969,0.7516281084094248,1.0,0.7183898582054963,0.16666666666666666,0.4004567472175063,0.3760609508188183
2023-12-06,43746.4453125,72.0,10.6861656384848,532,0.4513682035589004,0.7855604440037234,0.9300837743538258,538.5232555247296,6.5232555247296204,6,0.7090684765973647,0.7431043818716212,0.9368482823405103,0.936986301369863,2.9831718063200015,0.7574404093796165,0.7495823428071594,0.8404591145691246,0.5370495669980352,534.98317180632,0.9673969673892678,0.45852606005048585,0.6983368268896176,0.9095577514994615,0.8645531868665889,18.546272582271563,0.6983368268896176,0.9666666666666667,0.7855604440037234,0.04,0.23874361231889554,0.3510941620006505
2023-12-07,43292.6640625,72.0,10.675738478447814,533,0.6044895206628728,0.7652518195278597,0.9773075076865563,535.0658536637587,2.0658536637587304,9,0.6900541209729115,0.7471311887182099,0.9442045051307004,0.9452054794520548,1.9910462689332462,0.8420267914879435,0.7606640642616502,0.8439080245972453,0.7162978701990245,534.9910462689332,0.9781201768111397,0.6046905331270188,0.6813102280236906,0.9220236470106757,0.8375976747452135,16.810586658222185,0.6813102280236906,0.95,0.7652518195278597,0.06,0.27640323564119923,0.33751399357165934
2023-12-08,44166.6015625,72.0,10.695724161682614,534,0.7239697583102845,0.774470278392567,0.9492366916777522,538.6887389817346,4.688738981734559,13,0.6962206004887975,0.7521019322953657,0.9451194481392552,0.9534246575342465,1.3432074796762663,0.8345061260137532,0.7688334634562507,0.8401419301382183,0.8617231593133063,535.3432074796763,0.9851862912184534,0.7348149142258262,0.6910383527877152,0.9335077641393625,0.8419841264848668,16.117752720363605,0.6910383527877152,0.9555555555555556,0.774470278392567,0.08666666666666667,0.3225103753285299,0.3347860629819994
2023-12-09,43725.984375,73.0,10.685697812497887,535,0.4631486499847417,0.7968512057825308,0.970955280721451,537.6527379959028,2.6527379959028394,6,0.6538438822153327,0.7602381638384866,0.949816872245109,0.9561643835616438,0.563162766935875,0.8174961750133939,0.771117428593299,0.8623946064673694,0.5370495669980352,535.5631627669359,0.9937621724552265,0.4674699468539794,0.6503895517088542,0.9444631111058832,0.7865414793054428,14.27816131666113,0.6503895517088542,0.9055555555555556,0.7968512057825308,0.04,0.2407965925368513,0.31769706835560885
2023-12-10,43779.69921875,74.0,10.686925500764309,536,0.8419464117358783,0.8540295154631113,0.8279077206223985,552.9968221398259,16.996822139825895,35,0.6880443421281592,0.7772911368611456,0.9276515719500706,0.9616438356164384,1.2235112786397622,0.7562412858073256,0.7770313349186978,0.8434833247167587,0.9981778976111987,537.2235112786398,0.9864974190794623,0.9030879732883627,0.6963347192687647,0.9521057125556248,0.8250208280883075,18.04576834999547,0.6963347192687647,0.9611111111111111,0.8540295154631113,0.23333333333333334,0.5082465534748127,0.35234242928637316
2023-12-11,41243.83203125,74.0,10.627256854067472,537,0.853218616329489,0.8454166120462727,0.8672241382783948,549.8212032558162,12.821203255816158,38,0.7180760283465828,0.789677586894805,0.9166647658279476,0.9506849315068493,1.4232914669422598,0.8616834282772349,0.788007609410571,0.8540730328826385,0.9989995977858408,538.4232914669423,0.9843100406142761,0.897553915472411,0.7329200276694277,0.957961044929925,0.8566533316696772,21.67381046817811,0.7329200276694277,0.9888888888888889,0.8454166120462727,0.25333333333333335,0.5220587766882377,0.38319994699580306
2023-12-12,41450.22265625,67.0,10.632248532231763,538,0.8824006077999548,0.8676000042878219,0.9084611696434196,546.6402819910008,8.640281991000847,36,0.7479532246108322,0.8038452991480808,0.9151732028853061,0.9506849315068493,1.2058619930430723,0.9415774329240972,0.8107100611813687,0.8837191677602815,0.9985079423323265,539.2058619930431,0.9866908933236292,0.9120438074449806,0.765487987628619,0.9631846537287803,0.8824450790628862,24.278572201236635,0.765487987628619,1.0,0.8676000042878219,0.24,0.5188911026536673,0.40787106620632385
2023-12-13,42890.7421875,65.0,10.666411281802802,539,0.8672605098858123,0.8597073884309148,0.8809163217108754,550.4113374729978,11.411337472997843,38,0.7696454582971922,0.8140020426540505,0.9089446790354095,0.9561643835616438,1.2730501339910916,0.7657222790787866,0.8170145543145683,0.868128988047631,0.9989995977858408,540.2730501339911,0.985954569016914,0.9072322300114689,0.7912596680618644,0.9673246383266227,0.903636809739787,26.773377255557246,0.7912596680618644,1.0,0.8597073884309148,0.25333333333333335,0.5273358905842777,0.4295919433659518
2023-12-14,43023.97265625,72.0,10.669512742962004,540,0.8985338264790532,0.9234563291848843,0.8638532726660016,553.1717113112637,13.17171131126372,40,0.7930797070575306,0.833902822023293,0.9007462415136989,0.9671232876712329,1.5014940556360443,0.8766209568284891,0.8268871525945197,0.89913687781762,0.999329299739067,541.501494055636,0.9834551277230354,0.9463684596833191,0.8194612665384925,0.9702574545805158,0.9210354442851106,29.178217754546836,0.8194612665384925,1.0,0.9234563291848843,0.26666666666666666,0.5618718964702186,0.4536428439303639
2023-12-15,41929.7578125,70.0,10.64375106415242,541,0.9121794482927664,0.9214267562683965,0.9046143711754987,550.0221881761789,9.022188176178929,33,0.814734205463937,0.8498162646133118,0.9014495378158442,0.9753424657534246,1.3129887337829587,0.9232660762044331,0.8376580961015074,0.914664628584534,0.9972829600991421,542.312988733783,0.9855171366937848,0.9439751511178996,0.8421001546438391,0.9730319422374738,0.9348986289785708,29.873087253720136,0.8421001546438391,1.0,0.9214267562683965,0.22,0.5195717907565067,0.4656299251714808
2023-12-16,42240.1171875,67.0,10.651125692701578,542,0.832725195547104,0.8277066190266608,0.9209074225735117,549.4156189541769,7.415618954176921,20,0.8180052945699673,0.8457963290521024,0.904987335044511,0.9808219178082191,0.9894297071538176,0.8422231062994033,0.8461363657934861,0.863798103661737,0.9640275800758169,542.9894297071538,0.9890665460619078,0.85685142016783,0.8447822029209283,0.9759473247510072,0.9401948019053428,28.077980480316473,0.8447822029209283,1.0,0.8277066190266608,0.13333333333333333,0.3987506018446374,0.45347004820296377
2023-12-17,41364.6640625,73.0,10.630182270293107,543,0.8962061920328501,0.9414245302190842,0.9122585402414656,551.2648657778232,8.264865777823161,20,0.8322236395632188,0.8631832747188264,0.9063093723530482,0.9917808219178083,0.7775664757889444,0.9764613016313373,0.8595798168078254,0.9296478758028552,0.9640275800758169,543.777566475789,0.9913975868232071,0.9265309007711107,0.8596456025300523,0.9787564633095889,0.9445280342999745,26.609256756622568,0.8596456025300523,1.0,0.9414245302190842,0.13333333333333333,0.4307713396449223,0.4493430102833198
2023-12-18,42623.5390625,65.0,10.660161939804896,544,0.838898170172365,0.8446596406471517,0.894984317104192,553.9854175284478,9.985417528447783,21,0.8334371905830635,0.8598153412512491,0.9042502713987107,0.9945205479452055,0.7497427665183523,0.866548200585635,0.8627840242650135,0.8644407193413755,0.970451936613454,544.7497427665184,0.9917041270737739,0.874049291806899,0.8622644551258426,0.9811105839939861,0.9492414710842434,25.5893918917821,0.8622644551258426,1.0,0.8446596406471517,0.14,0.41158568378534593,0.4424780418291427
2023-12-19,42270.52734375,73.0,10.651845369086281,545,0.874745996409547,0.9199053456565107,0.8889279209784047,555.5965212967768,10.596521296776814,20,0.840947882551515,0.8707407965976603,0.9014643895041096,1.0,0.7827692932096397,0.9498673613531669,0.8760211428989908,0.90738689897311,0.9640275800758169,545.7827692932096,0.9913402766949065,0.9137438037955714,0.8716243367021569,0.982970528121426,0.9519298545372568,24.57313882054899,0.8716243367021569,1.0,0.9199053456565107,0.13333333333333333,0.42483606756281067,0.43927041014435503
2023-12-20,43652.25,74.0,10.684010106331032,546,0.8532000081377982,0.9062951754660619,0.7846511735719464,567.8264422352004,21.826442235200375,33,0.843175541749021,0.8772052291191879,0.880225622970989,0.9945205479452055,1.8821667162563926,0.9141296668025926,0.8918099809985176,0.8555245023468362,0.9972829600991421,547.8821667162564,0.9793041960562703,0.9322818849914033,0.8826529818456562,0.9823039222913976,0.9601758737303268,26.10529539863099,0.8826529818456562,1.0,0.9062951754660619,0.22,0.5144354319849807,0.45293677775174146
2023-12-21,43869.15234375,70.0,10.68896667197108,547,0.8149243955188057,0.7723142236448967,0.8997712106585143,556.5053282518771,9.505328251877131,28,0.8380389697071636,0.8581341372147713,0.8837793661869027,0.9972602739726028,1.7034201958392714,0.8132168111471004,0.8869633192855041,0.8209737238181646,0.992631520201128,548.7034201958393,0.9812510978433653,0.8436776493730888,0.8755665577597348,0.9821124996644826,0.9660769003613815,26.449787144334444,0.8755665577597348,0.9944444444444445,0.7723142236448967,0.18666666666666668,0.437626012816443,0.45015300230895994
2023-12-22,43997.90234375,74.0,10.691897237758274,548,0.8676486303945525,0.8708539032740686,0.8991100082443917,557.5714896185373,9.57148961853727,24,0.8434225443775979,0.8604468219528253,0.8865667556519006,1.0,1.5479982360961912,0.874563509201488,0.8802619269132432,0.8820481926607718,0.9836748576936802,549.5479982360962,0.9829470948242579,0.8991472289146385,0.8798539525151717,0.9822642442389871,0.9692765289672539,26.004371299909998,0.8798539525151717,0.9944444444444445,0.8708539032740686,0.16,0.44219637161200015,0.4487063421822399
2023-12-23,43739.54296875,70.0,10.686007845359297,549,0.8501488136142007,0.8785713635413019,0.9050184587838583,557.9819945139567,8.981994513956693,19,0.8446455024206165,0.8637421931507301,0.8899216107668019,1.0,1.351235976844805,0.9752100726781004,0.9012107062731746,0.8890561715483786,0.9562374581277391,550.3512359768448,0.9850984110787693,0.8794756621182424,0.8797851724430027,0.9827795473007656,0.9669057888146148,24.730849245380906,0.8797851724430027,0.9888888888888889,0.8785713635413019,0.12666666666666668,0.40488451093549854,0.4407387365010142
2023-12-24,43016.1171875,71.0,10.669330142762817,550,0.5486926339839653,0.7595184339372494,0.9376376227854879,555.7952560846093,5.795256084609264,8,0.7908358899775889,0.8447924187482789,0.8985972493156538,1.0,0.8697140823461496,0.7602991679456953,0.8895785273848953,0.8262985704280231,0.664036770267849,550.8697140823461,0.9903830516753955,0.5608366671748459,0.8217945351215196,0.9841620026416074,0.9118386945333846,21.68887665531165,0.8217945351215196,0.95,0.7595184339372494,0.05333333333333334,0.26249587466863505,0.4083309434405816
2023-12-25,43613.140625,73.0,10.68311377440979,551,0.47348485578954247,0.8281302078345146,0.9684592800529586,553.8843957226563,2.884395722656336,6,0.7331357019433986,0.8417629258548671,0.9112994367224364,1.0,0.1568266195184833,0.7659783850052455,0.8738497582649766,0.8816408854702135,0.5370495669980352,551.1568266195185,0.9982589993083938,0.47925962151342727,0.7595154599200482,0.9867250929446594,0.8436952167996847,18.836353627073166,0.7595154599200482,0.9277777777777778,0.8281302078345146,0.04,0.2464240963144739,0.37889333487219834
2023-12-26,42520.40234375,71.0,10.657739294869959,552,0.689674511801033,0.745499231628492,0.9671063919241365,555.0102090217713,3.0102090217712885,12,0.7252336673720594,0.8242604359955261,0.9214461558500182,1.0,-0.476184580267045,0.8010329796142218,0.8697307455964584,0.8272904701778696,0.8336546070121552,551.523815419733,1.0,0.6989634633844349,0.7485060060044821,0.9891387124092668,0.8418696513837702,17.59338024033259,0.7485060060044821,0.9166666666666666,0.745499231628492,0.08,0.3052841908285115,0.36550985413698256
2023-12-27,43442.85546875,73.0,10.679201686074299,553,0.3030297612653041,0.696051323616676,0.9782236470766927,554.9815261387856,1.9815261387856253,4,0.6484693208071948,0.8009496882902806,0.9317693360730499,1.0,-1.1468787975001078,0.7123684764709521,0.8433214630804198,0.7975538595148169,0.3799489622552249,551.8531212024999,1.0,0.3057102645468508,0.6679976893758219,0.9911134919712181,0.7578840715422165,15.121856560272116,0.6679976893758219,0.8277777777777777,0.696051323616676,0.02666666666666667,0.1887870721280399,0.33337843922626564
2023-12-28,42627.85546875,73.0,10.660263202811265,554,0.22824982335274344,0.6768213082515112,0.9759259606422988,556.1931699899784,2.1931699899784007,3,0.5720657758154764,0.7783808919195953,0.9397978132674588,0.947945205479452,-1.733540817740277,0.0,0.7566666430218563,0.7835219403371113,0.2913126124515909,552.2664591822597,1.0,0.23048554932365042,0.5884500275481543,0.9927292207037239,0.6730528971621027,12.917882640222638,0.5884500275481543,0.7333333333333333,0.6768213082515112,0.02,0.16546129235210152,0.3028480488855085
2023-12-29,42099.40234375,65.0,10.647788823459257,555,0.3121869719939698,0.7466677330667892,0.9484898897100095,559.7595734014297,4.759573401429748,4,0.524815084211566,0.7726148630372669,0.941378190802468,0.9013698630136986,-2.019910892105031,0.0,0.6616799068865397,0.8216550195082859,0.3799489622552249,552.980089107895,1.0,0.3188612123442236,0.5394338793292578,0.9940511805757741,0.6197612726335794,11.29644943290943,0.5394338793292578,0.6833333333333333,0.7466677330667892,0.02666666666666667,0.19690825488928876,0.28358626815892307
2023-12-30,42156.90234375,68.0,10.64915370669594,556,0.0811273698994669,0.7516898722822769,0.9172149882889459,563.7772048101041,7.777204810104081,1,0.44414459070027523,0.7688103192636323,0.9369848812545549,0.8684931506849315,-1.9916141585613332,0.0,0.5702669402062803,0.8139761435428083,0.09966799462495582,554.0083858414387,1.0,0.08398059348787602,0.45662419099446105,0.9951327841074515,0.5251988584501932,9.424367717834988,0.45662419099446105,0.5611111111111111,0.7516898722822769,0.006666666666666667,0.11354988944863655,0.25267056293887097
2023-12-31,42265.1875,67.0,10.651719035647995,557,0.08213409710524755,0.7839470161825257,0.8881561980045999,567.6746887524043,10.674688752404336,1,0.37832450095572473,0.7715624459761583,0.9281069388454721,0.8356164383561644,-1.6900615003740995,0.0,0.48894525909157033,0.8240769508237105,0.09966799462495582,555.3099384996259,1.0,0.08612470492824807,0.38926064807333144,0.9960177324515511,0.44782961048196823,7.892664496410444,0.38926064807333144,0.5111111111111111,0.7839470161825257,0.006666666666666667,0.11644893560809184,0.22790299433327474
2024-01-01,44167.33203125,65.0,10.69574070048532,558,0.08232905064866491,0.7911676745710368,0.8812328266622529,569.37900712689,11.379007126889974,1,0.3245071463544411,0.7751270329934089,0.9195843729939777,0.8136986301369863,-1.350150202539453,0.0,0.4014889081714215,0.8260329803811522,0.09966799462495582,556.6498497974605,1.0,0.08659979039655812,0.334231401223009,0.9967417810967236,0.38452749850796597,6.6394527697903625,0.334231401223009,0.5,0.7911676745710368,0.006666666666666667,0.11709129713668769,0.20775541302480435
2024-01-02,44957.96875,71.0,10.713483304498926,559,0.0,0.0,0.0,,,0,0.26550584701727,0.6341948451764254,0.7523872142677999,0.7890410958904109,-1.1378495044984902,0.0,0.3039679009036115,0.0,0.0,557.8621504955015,1.0,0.0,0.27346205554609826,0.9973341845336829,0.31461340787015396,5.432279538919387,0.27346205554609826,0.46111111111111114,0.0,0.0,0.0,0.16998170156574902
2024-01-03,42848.17578125,70.0,10.66541835092017,560,0.08482036901688746,0.8061936138382024,0.9230007697184969,567.211268949359,7.21126894935901,1,0.23265394192629132,0.6654673485694758,0.7834078607133811,0.7534246575342466,-1.2474572707977813,0.0,0.22793798410904192,0.8510291526990283,0.09966799462495582,558.7525427292022,1.0,0.08758290222781882,0.23966584585186562,0.9978188782548314,0.2755324236437543,4.626410531843134,0.23966584585186562,0.4388888888888889,0.8061936138382024,0.006666666666666667,0.11842055947122235,0.16060694845765325
2024-01-04,44179.921875,68.0,10.696025708638457,561,0.23579286639831853,0.727075964344097,0.9507334039758584,565.5469429239948,4.546942923994834,3,0.23322465546665988,0.6766689150739523,0.8138306867611041,0.7232876712328767,-1.6003715379604273,0.0,0.1513401456085174,0.8094152340812281,0.2913126124515909,559.3996284620396,1.0,0.24060639199903022,0.23983685424225917,0.998215445844862,0.2784015488815428,4.330699526053473,0.23983685424225917,0.4444444444444444,0.727075964344097,0.02,0.17272685721581946,0.1628105682318653
2024-01-05,44162.69140625,72.0,10.695635625793305,562,0.12495156466478437,0.050992429476946134,0.8359757455487968,578.1240110937771,16.124011093777085,11,0.21353863895722794,0.5629095540563148,0.8178570610861391,0.7452054794520548,-0.8170970016044521,0.7321865653335161,0.1444555041804468,0.15609208914454886,0.8004990217606297,561.1829029983955,1.0,0.13423452423907933,0.22063643060531737,0.9985399102367052,0.3733283621322858,5.543299612225569,0.22063643060531737,0.4,0.050992429476946134,0.07333333333333333,0.058969031196176316,0.14393028877083092
2024-01-06,43989.1953125,70.0,10.691699321665794,563,0.07973256639855607,0.7708873224808017,0.8456948820657614,578.0836979533335,15.083697953333512,1,0.1892102621283785,0.6007236937698579,0.822918483082434,0.7123287671232876,-0.20749748208652363,0.0,0.0732186565333516,0.799981646049813,0.09966799462495582,562.7925025179135,1.0,0.08526096863142034,0.196022710246427,0.9988053811027586,0.32357193167640763,4.717245137275465,0.196022710246427,0.3611111111111111,0.7708873224808017,0.006666666666666667,0.11528108054843782,0.13872134182130488
2024-01-07,43943.09765625,71.0,10.690650840865018,564,0.28000721268573475,0.4551141361791798,0.9308127544208499,570.4527430503672,6.452743050367189,5,0.20571879859335235,0.5742492287533709,0.8425356233257822,0.6931506849315069,-0.4779507647100445,0.0,0.0732186565333516,0.6059225637627408,0.46211715726000974,563.52204923529,1.0,0.2881537582348136,0.21277380988067912,0.9990225845386207,0.348761972691608,4.7686551123162895,0.21277380988067912,0.39444444444444443,0.4551141361791798,0.03333333333333333,0.15996452960231863,0.14258373959967102
2024-01-08,46970.50390625,71.0,10.757275107220892,565,0.2552926797066325,0.3750656362703492,0.987540143448347,566.1284318295866,1.1284318295865887,5,0.21473223152303964,0.5380340301200942,0.8689000815298848,0.6657534246575343,-1.2297238509675026,0.0,0.0732186565333516,0.5524414657536559,0.46211715726000974,563.7702761490325,1.0,0.256576253007853,0.22073789044925618,0.9992002964406896,0.3693720062494992,4.810717819167873,0.22073789044925618,0.4166666666666667,0.3750656362703492,0.03333333333333333,0.14243471912686662,0.14255664496825202
2024-01-09,46139.73046875,76.0,10.739429690114454,566,0.0,0.0,0.0,,,0,0.1756900076097597,0.44020966100734976,0.7109182485244512,0.6273972602739726,-2.005137595676615,0.0,0.0732186565333516,0.0,0.0,563.9948624043234,1.0,0.0,0.1806037285493914,0.9993456970878369,0.3022134596586811,3.9360418520464417,0.1806037285493914,0.3333333333333333,0.0,0.0,0.0,0.11663725497402437
2024-01-10,46627.77734375,73.0,10.749951722866403,567,0.08722351840993003,0.8088424480157143,0.9849151103164145,568.3679841549465,1.3679841549464982,1,0.15960519139160884,0.5072338040997797,0.7607358597593535,0.589041095890411,-2.5886498099030177,0.0,0.0732186565333516,0.8751406982567118,0.09966799462495582,564.411350190097,1.0,0.08775544666394629,0.16372222275203774,0.9994646612536846,0.26538701147073107,3.4022160607652703,0.16372222275203774,0.3055555555555556,0.8088424480157143,0.006666666666666667,0.11865385624650744,0.11700390975083946
2024-01-11,46368.5859375,76.0,10.74437748171888,568,0.7384816520554062,0.8034387649844881,0.8348737496198635,584.2427287260614,16.242728726061387,15,0.2648554569668447,0.561089251533363,0.7742154760976281,0.5616438356164384,-1.699947092192133,0.0,0.0732186565333516,0.8158681730663188,0.9051482536448665,566.3000529078079,1.0,0.7937639796672254,0.27827526946389003,0.9995619955711965,0.3817072373205739,5.510904049717039,0.27827526946389003,0.5222222222222223,0.8034387649844881,0.1,0.3491175404251359,0.159206388055257
2024-01-12,42853.16796875,71.0,10.665534852885886,569,0.8327981554677841,0.8857533237083243,0.8971731301440297,578.7655782818059,9.765578281805915,17,0.3681177657851973,0.6201190828379014,0.7965714131969738,0.5397260273972603,-1.5127541994304465,0.0,0.0732186565333516,0.8903036988200712,0.935409070603099,567.4872458005696,1.0,0.8697396139871336,0.3858142411953889,0.9996416327400699,0.48238029791739656,7.599830586132123,0.3858142411953889,0.5666666666666667,0.8857533237083243,0.11333333333333333,0.38916228015983756,0.2010165502560898
2024-01-13,42842.3828125,64.0,10.6652831442217,570,0.736801604769231,0.900078251460172,0.9518181717108394,574.4443132681419,4.444313268141855,11,0.4351511910550216,0.6710207498601324,0.8247980965631311,0.5287671232876713,-1.850176345375985,0.0,0.0732186565333516,0.9204278640449782,0.8004990217606297,568.149823654624,1.0,0.7514999678246916,0.45230255512798934,0.9997067904236936,0.5402200658888935,8.218043206835372,0.45230255512798934,0.6166666666666667,0.900078251460172,0.07333333333333333,0.33013284248433583,0.2244922397521345
2024-01-14,41796.26953125,60.0,10.640562368866341,571,0.6337043019481465,0.7656865272531812,0.9426080037998884,576.3194296000696,5.319429600069611,10,0.4712517566719534,0.6882327093861412,0.8462180796970868,0.5698630136986301,-2.07211863628595,0.8367324428861141,0.15689190082196303,0.832076109030639,0.7615941559557649,568.927881363714,1.0,0.6488647868606354,0.48804114271574317,0.9997601012557493,0.5804699004465065,8.542035351047122,0.48804114271574317,0.6833333333333333,0.7656865272531812,0.06666666666666667,0.2883992320840171,0.23611169290338588
2024-01-15,42511.96875,52.0,10.657540932912761,572,0.0808480839487676,0.7503663143254381,0.9117484535428604,580.3152030892783,8.31520308927827,1,0.40026927072228324,0.6995297284660134,0.8581326931235911,0.5452054794520548,-1.987611805279812,0.0,0.08367324428861142,0.8111739807045749,0.09966799462495582,570.0123881947202,1.0,0.0838918395784136,0.41455945123622867,0.9998037192092495,0.4930513721153154,7.170756196311281,0.41455945123622867,0.6,0.7503663143254381,0.006666666666666667,0.11342988557406228,0.21380590975259975
2024-01-16,43154.9453125,64.0,10.672552297418568,573,0.0,0.0,0.0,,,0,0.3274930396818681,0.5723425051085563,0.7021085671011199,0.5232876712328767,-2.006391339131369,0.0,0.08367324428861142,0.0,0.0,570.9936086608686,1.0,0.0,0.33918500555691433,0.9998394066257494,0.40340566809434897,5.866982342436502,0.33918500555691433,0.5611111111111111,0.0,0.0,0.0,0.1749321079793998
2024-01-17,42742.65234375,60.0,10.662952584592706,574,0.15290825668083322,0.739680069244873,0.8303847181175493,590.7279552799736,16.72795527997357,2,0.2957503518634981,0.6027675167697047,0.7254315036495615,0.5095890410958904,-1.1269297563594591,0.0,0.08367324428861142,0.7747080866371655,0.197375320224904,572.8730702436405,1.0,0.16470970815425245,0.3074622242109758,0.9998686054210677,0.365945604845359,5.163894643811683,0.3074622242109758,0.5388888888888889,0.739680069244873,0.013333333333333334,0.14838904666750422,0.1701060968317824
2024-01-18,41262.05859375,63.0,10.627698678588326,575,0.0,0.0,0.0,,,0,0.2419775606155893,0.49317342281157656,0.5935348666223685,0.4958904109589041,-0.4264645148039108,0.0,0.08367324428861142,0.0,0.0,574.5735354851961,1.0,0.0,0.251560001627162,0.9998924953445099,0.299410040328021,4.225004708573195,0.251560001627162,0.4888888888888889,0.0,0.0,0.0,0.13917771558964015
2024-01-19,41618.40625,51.0,10.6362978063264,576,0.0,0.0,0.0,,,0,0.19798164050366396,0.40350552775492626,0.4856194363273924,0.4849315068493151,0.11205165612727797,0.0,0.08367324428861142,0.0,0.0,576.1120516561273,0.9987557563124514,0.0,0.20582181951313255,0.9996858155204992,0.2449718511774717,3.456822034287159,0.20582181951313255,0.39444444444444443,0.0,0.0,0.0,0.11387267639152375
2024-01-20,41665.5859375,52.0,10.637430789779946,577,0.0,0.0,0.0,,,0,0.16198497859390687,0.33014088634493965,0.3973249933587756,0.473972602739726,0.504042477445978,0.0,0.08367324428861142,0.0,0.0,577.504042477446,0.994415181435741,0.0,0.1683996705107448,0.9987275184141794,0.20043151459974956,2.828308937144039,0.1683996705107448,0.31666666666666665,0.0,0.0,0.0,0.0931685534112467
2024-01-21,41545.78515625,56.0,10.63455135485539,578,0.0,0.0,0.0,,,0,0.1325331643041056,0.2701152706458597,0.32508408547536183,0.46301369863013697,0.7634627443534328,0.0,0.08367324428861142,0.0,0.0,578.7634627443534,0.9915529590559391,0.0,0.1377815485997003,0.9974230530763175,0.1639894210361587,2.3140709485723954,0.1377815485997003,0.2611111111111111,0.0,0.0,0.0,0.07622881642738366
2024-01-22,39507.3671875,55.0,10.584242444574134,579,0.07927485966485999,0.7496133007852767,0.8693476383859664,591.6010970586457,12.601097058645678,1,0.12284983618787912,0.35729673067120826,0.4240410950954717,0.4438356164383562,0.9860945838098587,0.0,0.08367324428861142,0.7953893319833125,0.09966799462495582,579.9860945838099,0.9891031985068671,0.08347467424634658,0.12790757144454507,0.9959103522455084,0.15229461623412183,2.0751489579228686,0.12790757144454507,0.2388888888888889,0.7496133007852767,0.006666666666666667,0.11336157382614943,0.08298022686352288
2024-01-23,39845.55078125,50.0,10.592766028832056,580,0.0,0.0,0.0,,,0,0.10051350233553745,0.2923336887309886,0.3469427141690223,0.4301369863013699,1.092285295699071,0.0,0.08367324428861142,0.0,0.0,581.0922852956991,0.9879368470317944,0.0,0.10465164936371868,0.994460624024833,0.12460468600973604,1.6978491473914379,0.10465164936371868,0.18333333333333332,0.0,0.0,0.0,0.0678929128883369
2024-01-24,40077.07421875,48.0,10.598559734560043,581,0.0,0.0,0.0,,,0,0.08223832009271245,0.2391821089617179,0.2838622206837455,0.4136986301369863,1.0931245112178658,0.0,0.0,0.0,0.0,582.0931245112179,0.9879276349421484,0.0,0.08562407675213346,0.9932728078279812,0.10194928855342039,1.3891493024111763,0.08562407675213346,0.14444444444444443,0.0,0.0,0.0,0.05554874690863928
2024-01-25,39933.80859375,52.0,10.594978577270549,582,0.0,0.0,0.0,,,0,0.06728589825767382,0.1956944527868601,0.2322509078321554,0.39452054794520547,0.9986457062110503,0.0,0.0,0.0,0.0,582.998645706211,0.9889652708433309,0.0,0.0700560627972001,0.9924896192853174,0.08341305427098031,1.1365767019727806,0.0700560627972001,0.12777777777777777,0.0,0.0,0.0,0.04544897474343213
2024-01-26,41816.87109375,49.0,10.641055151765366,583,0.0,0.0,0.0,,,0,0.0550520985744604,0.16011364318924914,0.19002347004449077,0.3726027397260274,0.8179267873953222,0.0,0.0,0.0,0.0,583.8179267873953,0.9909530963235178,0.0,0.0573185968340728,0.9922102514740812,0.06824704440352934,0.9299263925231841,0.0573185968340728,0.10555555555555556,0.0,0.0,0.0,0.03718552479008083
2024-01-27,42120.0546875,55.0,10.648279264620763,584,0.0,0.0,0.0,,,0,0.04504262610637669,0.13100207170029474,0.15547374821821972,0.3506849315068493,0.559181098942986,0.0,0.0,0.0,0.0,584.559181098943,0.993806138217032,0.0,0.04689703377333229,0.9925004127000723,0.05583849087561491,0.7608488666098778,0.04689703377333229,0.08888888888888889,0.0,0.0,0.0,0.030424520282793407
2024-01-28,42035.59375,54.0,10.646272008603455,585,0.0,0.0,0.0,,,0,0.036853057723399106,0.10718351320933205,0.1272057939967252,0.3315068493150685,0.22983976177181376,0.0,0.0,0.0,0.0,585.2298397617718,0.9974494829788282,0.0,0.038370300359999145,0.993400243659846,0.04568603798913947,0.6225127090444454,0.038370300359999145,0.07777777777777778,0.0,0.0,0.0,0.024892789322285513
2024-01-29,43288.24609375,55.0,10.67563642434037,586,0.0,0.0,0.0,,,0,0.030152501773690176,0.08769560171672622,0.10407746781550244,0.3150684931506849,-0.1633738290021256,0.0,0.0,0.0,0.0,585.8366261709979,1.0,0.0,0.03139388211272657,0.9946001993580558,0.03737948562747775,0.5093285801272736,0.03139388211272657,0.07222222222222222,0.0,0.0,0.0,0.02036682762732451
2024-01-30,42952.609375,61.0,10.667852679350434,587,0.0,0.0,0.0,,,0,0.024670228723928322,0.07175094685913963,0.08515429184904744,0.3013698630136986,-0.6143766016070913,0.0,0.0,0.0,0.0,586.3856233983929,1.0,0.0,0.025685903546776283,0.9955819812929547,0.030583215513390882,0.4167233837404965,0.025685903546776283,0.06666666666666667,0.0,0.0,0.0,0.016663768058720052
2024-01-31,42582.60546875,60.0,10.659201126541387,588,0.0,0.0,0.0,,,0,0.02018473259230499,0.058705320157477876,0.0696716933310388,0.28493150684931506,-1.1176648244401122,0.0,0.0,0.0,0.0,586.8823351755599,1.0,0.0,0.02101573926554423,0.9963852574215084,0.025022630874592538,0.3409554957876789,0.02101573926554423,0.06111111111111111,0.0,0.0,0.0,0.013633992048043678
2024-02-01,43075.7734375,63.0,10.670716016835627,589,0.0,0.0,0.0,,,0,0.0165147812118859,0.04803162558339098,0.05700411272539538,0.27123287671232876,-1.66825893081284,0.0,0.0,0.0,0.0,587.3317410691872,1.0,0.0,0.017194695762718006,0.9970424833448706,0.02047306162466662,0.2789635874626464,0.017194695762718006,0.05555555555555555,0.0,0.0,0.0,0.011155084402944826
2024-02-02,43185.859375,63.0,10.673268391365871,590,0.0,0.0,0.0,,,0,0.013512093718815735,0.039298602750047165,0.046639728593505306,0.25753424657534246,-2.2616535984834627,0.0,0.0,0.0,0.0,587.7383464015165,1.0,0.0,0.014068387442223822,0.9975802136458032,0.016750686783818143,0.22824293519671066,0.014068387442223822,0.05,0.0,0.0,0.0,0.009126887238773038
2024-02-03,42992.25,60.0,10.66877514587372,591,0.0,0.0,0.0,,,0,0.011055349406303783,0.032153402250038585,0.0381597779401407,0.2493150684931507,-2.8937725835187393,0.0,0.0,0.0,0.0,588.1062274164813,1.0,0.0,0.011510498816364944,0.9980201748011117,0.01370510736857848,0.18674421970639962,0.011510498816364944,0.044444444444444446,0.0,0.0,0.0,0.007467453195359758
2024-02-04,42583.58203125,60.0,10.659224059644975,592,0.0,0.0,0.0,,,0,0.009045285877884912,0.02630732911366793,0.03122163649647875,0.2410958904109589,-3.560927855693535,0.0,0.0,0.0,0.0,588.4390721443065,1.0,0.0,0.009417680849753135,0.9983801430190913,0.011213269665200573,0.15279072521432696,0.009417680849753135,0.03888888888888889,0.0,0.0,0.0,0.006109734432567074
2024-02-05,42658.66796875,60.0,10.660985767176623,593,0.0,0.0,0.0,,,0,0.0074006884455422,0.021524178365728303,0.025544975315300793,0.2328767123287671,-4.259782625756429,0.0,0.0,0.0,0.0,588.7402173742436,1.0,0.0,0.00770537524070711,0.9986746624701655,0.009174493362436831,0.1250105933571766,0.00770537524070711,0.03333333333333333,0.0,0.0,0.0,0.004998873626645787
2024-02-06,43084.671875,64.0,10.670922571885322,594,0.0,0.0,0.0,,,0,0.006055108728170891,0.017610691390141337,0.020900434348882467,0.22465753424657534,-4.987317893908539,0.0,0.0,0.0,0.0,589.0126821060915,1.0,0.0,0.0063043979242149075,0.9989156329301354,0.007506403660175589,0.10228139456496266,0.0063043979242149075,0.027777777777777776,0.0,0.0,0.0,0.004089987512710189
2024-02-07,44318.22265625,62.0,10.699151218095603,595,0.0,0.0,0.0,,,0,0.004954179868503455,0.01440874750102473,0.01710035537635838,0.21643835616438356,-5.740802184141444,0.0,0.0,0.0,0.0,589.2591978158586,1.0,0.0,0.005158143756175833,0.9991127905792017,0.006141602994689118,0.08368477737133308,0.005158143756175833,0.022222222222222223,0.0,0.0,0.0,0.0033463534194901547
2024-02-08,45301.56640625,66.0,10.721096889377717,596,0.0,0.0,0.0,,,0,0.004053419892411918,0.011788975228111141,0.013991199853384128,0.20821917808219179,-6.5177641610188175,0.0,0.0,0.0,0.0,589.4822358389812,1.0,0.0,0.004220299436871136,0.9992741013829831,0.005024947904745641,0.06846936330381796,0.004220299436871136,0.016666666666666666,0.0,0.0,0.0,0.002737925525037399
2024-02-09,47147.19921875,72.0,10.76102988478613,597,0.023587850575619,0.029196408927265827,0.9896796587128155,597.9336568746254,0.9336568746253988,2,0.007605134562085933,0.014953963173411992,0.19138910146418983,0.2,-6.712866919528892,0.0,0.0,0.11950759876534342,0.197375320224904,590.2871330804711,1.0,0.023685933754275464,0.007759505676399195,0.9994060829497133,0.039997742872047166,0.4196567517940329,0.007759505676399195,0.05555555555555555,0.029196408927265827,0.013333333333333334,0.021338955478780938,0.006119930971172588
2024-02-10,47771.27734375,74.0,10.774179845481193,598,0.5674245169245331,0.4718343985445713,0.7534246860177181,623.4813596299527,25.48135962995275,33,0.10939047680980361,0.09802313324089551,0.2935773895648313,0.1917808219178082,-4.551512010054466,0.0,0.0,0.5689704322914775,0.9972829600991421,593.4484879899455,1.0,0.6354657648207451,0.12188791642991663,0.9995140678679473,0.2140496005497008,6.343355524195117,0.12188791642991663,0.3277777777777778,0.4718343985445713,0.22,0.34773053761232764,0.0682309503604735
2024-02-11,48293.91796875,71.0,10.785060909739776,599,0.0,0.0,0.0,,,0,0.08950129920802113,0.0802007453789145,0.2401996823712256,0.18356164383561643,-2.6912385205299643,0.0,0.0,0.0,0.0,596.30876147947,1.0,0.0,0.09972647707902269,0.9996024191646842,0.1751314913588461,5.190018156159641,0.09972647707902269,0.2722222222222222,0.0,0.0,0.0,0.05582532302220558
2024-02-12,49958.22265625,70.0,10.818942388271429,600,0.0,0.0,0.0,,,0,0.07322833571565365,0.06561879167365732,0.19652701284918456,0.17534246575342466,-1.1033720300077903,0.0,0.0,0.0,0.0,598.8966279699922,1.0,0.0,0.0815943903373822,0.999674706589287,0.14328940202087406,4.246378491403342,0.0815943903373822,0.23333333333333334,0.0,0.0,0.0,0.045675264290895475
2024-02-13,49742.44140625,79.0,10.814613799511312,601,0.0,0.0,0.0,,,0,0.059914092858262075,0.05368810227844689,0.16079482869478734,0.16712328767123288,0.23803098522648725,0.0,0.0,0.0,0.0,601.2380309852265,0.997358705647656,0.0,0.06675904663967634,0.9992536155089904,0.11723678347162422,3.474309674784552,0.06675904663967634,0.2111111111111111,0.0,0.0,0.0,0.03737067078345993
2024-02-14,51826.6953125,74.0,10.85566064902172,602,0.0,0.0,0.0,,,0,0.04902062142948715,0.04392662913691109,0.1315594052957351,0.1589041095890411,1.356443237105168,0.0,0.0,0.0,0.0,603.3564432371052,0.9850414164630557,0.0,0.05462103815973519,0.9966695793188203,0.09592100465860164,2.842617006641906,0.05462103815973519,0.17777777777777778,0.0,0.0,0.0,0.030576003368285396
2024-02-15,51938.5546875,72.0,10.857816658250828,603,0.0,0.0,0.0,,,0,0.04010778116958039,0.03593996929383634,0.10763951342378325,0.1506849315068493,2.273101941185814,0.0,0.0,0.0,0.0,605.2731019411858,0.9750595935763233,0.0,0.044689940312510605,0.9927404910020026,0.07848082199340133,2.325777550888832,0.044689940312510605,0.15555555555555556,0.0,0.0,0.0,0.02501673002859714
2024-02-16,52160.203125,72.0,10.86207509086059,604,0.5708097602436619,0.5583064755683526,0.6360399591093296,644.7244499944666,40.72444999446657,21,0.13659905009214068,0.13091569770738473,0.20371232173024623,0.2602739726027397,5.030373184355426,0.9532846265714691,0.09532846265714691,0.5881896245532707,0.970451936613454,609.0303731843554,0.9456402805324816,0.6689413084899261,0.1581901890720407,0.9841768163711805,0.24065738828795635,5.721090723454498,0.1581901890720407,0.45,0.5583064755683526,0.14,0.3210515812998058,0.07884124844154417
2024-02-17,51662.99609375,76.0,10.852497061362802,605,0.7258261854596225,0.7857272509380057,0.6451521511857342,644.4442187024241,39.44421870242411,42,0.24373125652259192,0.24997234374931582,0.2839741089039713,0.3315068493150685,7.403120376552465,0.7191287112690008,0.16724133378404699,0.7261526880636759,0.9995503664595334,612.4031203765525,0.9210353207086213,0.8369090926354146,0.2815936260835632,0.9726965444325333,0.37863792977369765,12.31725604646277,0.2815936260835632,0.6833333333333333,0.7857272509380057,0.28,0.5200274898121117,0.15905692869073826
2024-02-18,52122.546875,72.0,10.861352895643515,606,0.7557500800357028,0.8211293622233122,0.6674622624440791,642.3845183373211,36.38451833732108,50,0.3368255880704303,0.3538190743809515,0.3536992277294454,0.38904109589041097,9.258491610911392,0.5865209363157552,0.2258934274156225,0.7558187051523815,0.9999092042625951,615.2584916109114,0.902242336726256,0.8525832499975944,0.38540992134065977,0.9598866884859374,0.49159634331713353,19.168664038014995,0.38540992134065977,0.7277777777777777,0.8211293622233122,0.3333333333333333,0.5725302625280553,0.23423389847934134
2024-02-19,51779.14453125,75.0,10.85474273194947,607,0.7436724449998933,0.8203150364629388,0.6424073916915634,646.827934904194,39.82793490419397,44,0.41079774387578716,0.4386365220322219,0.40619162117710317,0.4328767123287671,11.265105257890696,0.7732820891443737,0.30322163633005983,0.743896670867145,0.9996985792838805,618.2651052578907,0.8823488000878533,0.8443326781291668,0.4688504225749338,0.9457888905953766,0.5839785680383602,23.68345239473954,0.4688504225749338,0.7833333333333333,0.8203150364629388,0.29333333333333333,0.5436669971831403,0.29049446188003203
2024-02-20,52284.875,72.0,10.86446241128679,608,0.7299637929125059,0.7487807664911165,0.7026225574315782,639.7641890611789,31.764189061178854,74,0.468827934609736,0.4950263846611118,0.4600881550415531,0.4657534246575342,12.312637048680017,0.6994463496419068,0.37316627129425056,0.729964338385363,0.9999992527404032,620.31263704868,0.8721384643220828,0.795878293419515,0.5283100354557667,0.9323979040002323,0.6596186925296408,32.83191559569599,0.5283100354557667,0.8055555555555556,0.7487807664911165,0.49333333333333335,0.633678529556545,0.3528915650939435
2024-02-21,51839.1796875,78.0,10.85590150697156,609,0.8079892574423888,0.859286355339965,0.7367292360438282,636.4981356845269,27.498135684526915,74,0.5304936296702183,0.5612554702390851,0.510386533405603,0.4986301369863014,12.854113109236891,0.900463810587213,0.4632126523529719,0.8079898612205667,0.9999992527404032,621.8541131092369,0.8669070827025122,0.8623259297585547,0.5890401980562736,0.9204904819461013,0.7215060671134157,40.31702185102399,0.5890401980562736,0.8222222222222222,0.859286355339965,0.49333333333333335,0.6882384529440485,0.4138637265212353
2024-02-22,51304.97265625,74.0,10.845542959331544,610,0.7337645498484049,0.7187489213482123,0.7568793740624088,635.0696247025082,25.069624702508236,75,0.5674519787935249,0.5898906431680172,0.5552034135250222,0.5232876712328767,13.112733260977052,0.7949902689808617,0.542711679251058,0.7337649987690993,0.9999993881955461,623.112733260977,0.8644195513208599,0.7738127661455655,0.6226352104361448,0.9102957672869665,0.7721412164010758,46.62301787811053,0.6226352104361448,0.8277777777777777,0.7187489213482123,0.5,0.6216333777963385,0.45164002675307224
2024-02-23,50731.94921875,76.0,10.834311153216031,611,0.8035969184630092,0.8326388217313846,0.7619508690418728,635.4685881527462,24.46858815274618,59,0.6103874223697948,0.634026675634084,0.5927938599826313,0.547945205479452,13.289481345907461,0.8912572387417892,0.631837403125237,0.8036089798327545,0.9999849909968057,624.2894813459075,0.8627236116078854,0.8445320757003002,0.6629800950296276,0.9016462844362245,0.8135673572366631,48.87337826390861,0.6629800950296276,0.8388888888888889,0.8326388217313846,0.3933333333333333,0.6168481898373298,0.48167787458657363
2024-02-24,51571.1015625,72.0,10.85071674734625,612,0.8492784515131744,0.8854452998857375,0.7978036135214968,632.3303529147136,20.330352914713558,60,0.6538221549413183,0.6797391527707481,0.6300683606260614,0.5808219178082191,13.055278638174741,0.8308842264729469,0.7149258257725316,0.849288887871604,0.9999877116507956,625.0552786381747,0.8649715597130138,0.8771875046522203,0.7019268967791898,0.894978152668368,0.8474619671301417,50.896400397743406,0.7019268967791898,0.8888888888888888,0.8854452998857375,0.4,0.6443488217520235,0.5112544104348372
2024-02-25,51733.23828125,74.0,10.853855760714486,613,0.7991863966445515,0.8148973249329622,0.776900945112255,635.7198178458323,22.719817845832267,43,0.6802520170691788,0.7043133658911507,0.6567651941690057,0.6109589041095891,13.070949038904018,0.7765603017317152,0.7925818559457032,0.7994807205229679,0.9996318561900731,626.070949038904,0.8648209678129228,0.8342040755568174,0.7259772929205767,0.8894950281491961,0.8751292196864928,49.460691234517334,0.7259772929205767,0.8944444444444445,0.8148973249329622,0.2866666666666667,0.5365529832450382,0.5158541509457828
2024-02-26,54522.40234375,72.0,10.906366948371431,614,0.696521447625024,0.628662347540946,0.8123335133470574,632.705986318183,18.705986318183022,57,0.6832100953520597,0.6905586352820224,0.6850503431104695,0.6465753424657534,12.702857351216267,0.7269209977481902,0.7699454930633752,0.6965370435902473,0.9999776092809898,626.7028573512163,0.8683652486473571,0.7153551691030139,0.7240459976810197,0.8856532500579526,0.8978289268854922,50.831474646423274,0.7240459976810197,0.8888888888888888,0.628662347540946,0.38,0.5140009345334299,0.5155172025071731
2024-02-27,57085.37109375,79.0,10.952303164811905,615,0.7132627905922949,0.6657900826948648,0.7909594251812003,636.1057747316222,21.105774731622205,55,0.6886742217593751,0.6860552620843573,0.7043065398506023,0.684931506849315,12.59837329220727,0.8332766255639867,0.7813602844928738,0.713286616393653,0.9999665971563038,627.5983732922073,0.8693739487832136,0.7407480809970385,0.727082740102114,0.8826933770989092,0.9163994123892761,51.58938834707359,0.727082740102114,0.9,0.6657900826948648,0.36666666666666664,0.5244583028774104,0.5171428571199436
2024-02-28,62504.7890625,82.0,11.042998457788947,616,0.7890482529972163,0.8020975811752546,0.7699001291189427,639.5345027490486,23.534502749048556,59,0.7069240456208008,0.7071538655554295,0.7162326469903005,0.6958904109589041,12.735147526192122,0.7784300381044756,0.8005511946717458,0.7890600960027176,0.9999849909968057,628.7351475261921,0.8680537526874512,0.8278439003437615,0.7454029510551408,0.8800316272059168,0.9315967903179179,52.9367722839693,0.7454029510551408,0.9111111111111111,0.8020975811752546,0.3933333333333333,0.6031712391897615,0.5327843811326377
2024-02-29,61198.3828125,80.0,11.021876043518928,617,0.805330071552855,0.9165637896377663,0.6632747135075514,653.9509422890028,36.950942289002796,68,0.7248160503357197,0.7452283972067635,0.7066039318116188,0.7095890410958904,14.136651789316943,0.8643083367878855,0.809653819436097,0.8053320695713164,0.9999975190129178,631.1366517893169,0.8546408910261786,0.8912714750086224,0.7719245008648647,0.8754151297186916,0.9440332864442815,55.67554095961124,0.7719245008648647,0.9333333333333333,0.9165637896377663,0.4533333333333333,0.6916154380264218,0.5616627551133258
2024-03-01,62440.6328125,80.0,11.041971509307352,618,0.7473220595674832,0.8557698787304338,0.6098655069555656,662.5065143872382,44.50651438723821,87,0.7289080520142222,0.7653268483928852,0.6890151272923365,0.684931506849315,16.12425775102372,0.8516832142850093,0.8248775059004074,0.7473221010451029,0.9999999444983366,634.1242577510237,0.8359734544466514,0.8477956197973255,0.7857192497616757,0.8682439160328661,0.9542090424541096,61.37089714877283,0.7857192497616757,0.9333333333333333,0.8557698787304338,0.58,0.7324625003070168,0.5927172542394514
2024-03-02,62029.84765625,80.0,11.03537096199526,619,0.7475874346683312,0.8907355452045734,0.5748203124808507,668.832800835076,49.832800835076,79,0.7323043034058783,0.788128429631374,0.6682524336902481,0.6438356164383562,18.42983328283833,0.8800254578849901,0.822833670630185,0.7475876401813007,0.9999997250984922,637.4298332828383,0.8148298786646201,0.8595594689147102,0.7991447441531365,0.8585322728750032,0.9625346211167246,64.57618857626868,0.7991447441531365,0.9388888888888889,0.8907355452045734,0.5266666666666666,0.7218776617332048,0.6162009646928611
2024-03-03,63167.37109375,83.0,11.053543166654274,620,0.7884144034228671,0.91861227811848,0.6268852899914781,662.0292535092667,42.02925350926671,86,0.7425061397726035,0.8118527657199387,0.6607311348359263,0.6027397260273972,19.772635209164832,0.6887649201962871,0.8122111357517274,0.7884144568693918,0.9999999322101157,639.7726352091648,0.8027628434958763,0.8703906621793174,0.8120985474306239,0.8483923766242528,0.9693464958609774,68.47142701694709,0.8120985474306239,0.9388888888888889,0.91861227811848,0.5733333333333334,0.7607504613436786,0.642482691356646
2024-03-04,68330.4140625,82.0,11.132110247503281,621,0.7758413085065188,0.9240049522494651,0.5969268283211648,667.4364664854754,46.43646648547542,79,0.7485670795424062,0.8322440723616706,0.6491303518332423,0.5917808219178082,21.407285806908703,0.6855685806451924,0.791642269942068,0.7758415217865229,0.9999997250984922,642.4072858069087,0.7883140474170579,0.8671299090109881,0.8221042495361447,0.8374690440411264,0.9749198102677983,70.3857130138658,0.8221042495361447,0.95,0.9240049522494651,0.5266666666666666,0.7379363643125757,0.6598379046213605
2024-03-05,63801.19921875,90.0,11.06352726568836,622,0.7712703948459544,0.8033616619903883,0.7315736063642637,650.1301695738648,28.130169573864805,32,0.7526949550521422,0.8269927250214374,0.6641200344752463,0.5780821917808219,21.142798546618906,0.7089002953102208,0.7794438768257953,0.7738376804062295,0.9966823978396512,643.1427985466189,0.7906341105942962,0.7955979744988639,0.8172849268020936,0.8289536015962481,0.9788766443717715,63.406492465890196,0.8172849268020936,0.9333333333333333,0.8033616619903883,0.21333333333333335,0.47268318065239395,0.6258097729906392
2024-03-06,66106.8046875,75.0,11.099026965889227,623,0.8162903425548554,0.836622512490118,0.794738376213893,643.6768074510857,20.676807451085665,31,0.7642577527799082,0.8287435954702883,0.6878688238822729,0.5972602739726027,20.19365653752061,0.7255245112002088,0.7743402977726447,0.8196102894153113,0.9959493592219002,643.1936565375206,0.7990162771443925,0.8180450766602916,0.8174231358672205,0.8235104516959106,0.981980774344522,57.51440292663743,0.8174231358672205,0.9333333333333333,0.836622512490118,0.20666666666666667,0.4782179814296615,0.5989749017977342
2024-03-07,66925.484375,82.0,11.111335105941743,624,0.8311240709346638,0.8948009189005903,0.7490814156653822,650.0016841997576,26.00168419975762,33,0.7764152651716819,0.8407540179121613,0.6989983860246564,0.5698630136986301,19.842040124400228,0.5622288104122476,0.7578710790390504,0.8333884205261463,0.9972829600991421,643.8420401244002,0.8021440189446086,0.8541913934354495,0.8241082736068984,0.8196256457411284,0.9847629899362711,53.057238758157894,0.8241082736068984,0.95,0.8948009189005903,0.22,0.5105107894630709,0.5828905177368863
2024-03-08,68300.09375,81.0,11.13166641817873,625,0.8553068134960983,0.8922700473005676,0.8036161405022636,644.677020489895,19.67702048989497,42,0.7907591830488485,0.8501205687100533,0.7180197959296758,0.5835616438356165,18.921562063971123,0.940239887243424,0.7685674052069942,0.8556915611222731,0.9995503664595334,643.9215620639711,0.8103900706827202,0.8581834121908561,0.8303037533494362,0.8179464502759632,0.9874516038495915,51.04683171122009,0.8303037533494362,0.95,0.8922700473005676,0.28,0.5612560056512655,0.5789569700849552
2024-03-09,68498.8828125,84.0,11.13457271481075,626,0.6849968965501538,0.8671898783638664,0.48090484525888033,691.8877269816182,65.88772698161824,62,0.7715296764127221,0.853224079556201,0.6749079867168039,0.6109589041095891,22.48976824660417,0.912847384260142,0.7820091398225608,0.6850025390143585,0.9999917628565104,648.4897682466042,0.7788893269661596,0.8307211045532041,0.8303796353864848,0.8108451551287261,0.9897316327599404,53.03831685463462,0.8303796353864848,0.95,0.8671898783638664,0.41333333333333333,0.6447460532421803,0.5909186215680869
2024-03-10,69019.7890625,79.0,11.142148540467955,627,0.854208840210562,0.903445522395147,0.7897247197018725,648.2463765287616,21.24637652876163,34,0.786562251648693,0.8623552509814639,0.6957837563504526,0.6602739726027397,21.466588083000147,0.8344189473606738,0.7790202008798397,0.8561137550119182,0.9977749279342794,648.4665880830001,0.7877947872066172,0.8533732196119684,0.8345602870638456,0.8066541791428882,0.9911940500643656,49.5768046992465,0.8345602870638456,0.95,0.903445522395147,0.22666666666666666,0.5196324272841892,0.5779574953346509
2024-03-11,72123.90625,82.0,11.186140839050703,628,0.8587071740161117,0.8972999024732465,0.8055565354773034,647.4599702814213,19.459970281421306,39,0.799679510260951,0.8687088239799698,0.7157424434644255,0.6986301369863014,20.370719720944976,0.92834965981655,0.7866868454329936,0.8594111471903361,0.9991808656700278,648.370719720945,0.7974458628247028,0.8552383455937824,0.8383199340692886,0.804979939812309,0.9926461983563041,47.6537492993835,0.8383199340692886,0.95,0.8972999024732465,0.26,0.5467035720806868,0.5722749638339301
2024-03-12,71481.2890625,81.0,11.177191003001354,629,0.7138893742816733,0.8995051453233567,0.5047468559069288,690.532842573722,61.53284257372195,70,0.784081303719264,0.8743081551333128,0.6773796093630624,0.7232876712328767,23.386159992638,0.9425309205757545,0.7929373917020701,0.7138905615216945,0.9999983369439447,652.386159992638,0.7711701655832939,0.845788073278729,0.8396777775619141,0.7988327081343062,0.9939829508267841,51.71670397222286,0.8396777775619141,0.95,0.8995051453233567,0.4666666666666667,0.6918387823005094,0.5940138399187627
2024-03-13,73083.5,81.0,11.19935790206543,630,0.8318702397905205,0.8390677928310389,0.8212008443310461,647.7288809103463,17.728880910346334,64,0.7927702011867652,0.8679008165328993,0.7035289248117866,0.7424657534246575,21.942609603848382,0.7976311180988386,0.8038240114923253,0.8318748330122844,0.9999944784700996,651.9426096038484,0.7836390395606001,0.8164362104695431,0.8354520380905738,0.7960702229390868,0.9950759558528415,53.950030522727786,0.8354520380905738,0.9388888888888889,0.8390677928310389,0.4266666666666667,0.6401971209314394,0.6024108001028856
2024-03-14,71396.59375,88.0,11.176005440607048,631,0.847675606651138,0.8943207327816403,0.7822384765977557,653.1036064876644,22.103606487664365,65,0.8027530021802876,0.872704437669034,0.7178397524092355,0.7616438356164383,21.053180735640353,0.8023354582218569,0.8155006992499917,0.8476794387120022,0.9999954793514042,652.0531807356404,0.7914217793386663,0.8516422822718526,0.8383957188508062,0.7952250513753739,0.9959704146707619,55.95911588223182,0.8383957188508062,0.9444444444444444,0.8943207327816403,0.43333333333333335,0.6693061543802317,0.6145735917896757
2024-03-15,69403.7734375,83.0,11.147696517315048,632,0.8781651179773197,0.9253545056032169,0.8118749905365014,650.756801289226,18.75680128922602,61,0.8164642959615661,0.8822771772934308,0.7349370684323747,0.7808219178082192,19.92971602645798,0.9046768319906854,0.8350783529180381,0.878173953163048,0.9999899391393965,651.929716026458,0.8013629694415854,0.87359919458749,0.8447963508029305,0.7963410364783214,0.9967012373014226,56.87564026728058,0.8447963508029305,0.9611111111111111,0.9253545056032169,0.4066666666666667,0.6660093354663191,0.6239255451854291
2024-03-16,65315.1171875,81.0,11.08697879210875,633,0.8540647578465056,0.9141110903711461,0.771313161525976,656.3694730895745,23.369473089574512,69,0.8233007435770097,0.8880651614893791,0.7415509035403022,0.7863013698630137,19.35255003246914,0.927315062503091,0.8552574080483264,0.8540664926783602,0.9999979687391211,652.3525500324691,0.8065185882026227,0.8694492899297076,0.8492787033714354,0.7981915004281943,0.9973006430173676,59.0800693095932,0.8492787033714354,0.9611111111111111,0.9141110903711461,0.46,0.6945484068682373,0.6367660654913941
2024-03-17,68390.625,79.0,11.13299103281336,634,0.8066745276415689,0.934944893964443,0.6468241726601278,673.211270135288,39.21127013528803,46,0.8202777952251112,0.896588749212118,0.7243278615620886,0.7808219178082192,20.339094804166166,0.942303133888786,0.8932648403959803,0.8068375559373506,0.9997979416121844,654.3390948041662,0.7977261249404911,0.8772540316634198,0.8543651266972507,0.7981068867031573,0.9977546973073343,56.70187488966715,0.8543651266972507,0.9611111111111111,0.934944893964443,0.30666666666666664,0.5986021019879735,0.6298271630362268
2024-03-18,67548.59375,77.0,11.120602525258992,635,0.8173496755185728,0.93173064716933,0.6721774607401301,670.7509605355312,35.75096053553125,43,0.8197454098239224,0.9029781852043383,0.7148459705035507,0.7726027397260274,20.902129635724805,0.932051243540442,0.892445976025682,0.8176506885582481,0.9996318561900731,655.9021296357248,0.7927511738434674,0.8731102239626338,0.8577733262000476,0.7971331207286683,0.9980959989223777,54.21062490972767,0.8577733262000476,0.9611111111111111,0.93173064716933,0.2866666666666667,0.5814670466963844,0.6210344146108009
2024-03-19,61912.7734375,79.0,11.033481793401984,636,0.7386739802799414,0.8517649187544816,0.596572600653431,682.4898900402056,46.48989004020564,61,0.8050051499068349,0.8936666822134551,0.6933417214398925,0.7726027397260274,22.43429729329432,0.8200131047730373,0.8831625480769716,0.7386814120506584,0.9999899391393965,658.4342972932943,0.779369538644174,0.8220246691957367,0.8512735703810819,0.7939033785314875,0.9984403516891083,55.44505674432264,0.8512735703810819,0.95,0.8517649187544816,0.4066666666666667,0.6337052130756874,0.6233381961498712
2024-03-20,67913.671875,74.0,11.125992646370758,637,0.8257202500151228,0.9371147778040773,0.6829630017410913,671.3183131986965,34.3183131986965,66,0.8087715317447054,0.9015663359572046,0.6914546814946558,0.7808219178082192,22.66134642714212,0.9260843948570773,0.892329092826612,0.8257233061785456,0.9999962988044543,659.6613464271421,0.7774058480015684,0.869627341685725,0.8546106197091987,0.7909038275260476,0.9987232511646256,57.36413733626398,0.8546106197091987,0.9555555555555556,0.9371147778040773,0.44,0.6925589443262807,0.6359237867274001
2024-03-21,65491.390625,78.0,11.089673972144544,638,0.7461992179669376,0.7868877167930823,0.6890823320934746,671.5155068046442,33.51550680464425,67,0.7973947474214749,0.8807156779273642,0.6910233452398955,0.7863013698630137,22.790314082142345,0.7456167422452602,0.874055801069483,0.7462014791690668,0.9999969697163671,660.7903140821423,0.776292643464159,0.7826300729223754,0.8415232475661398,0.7882472486057042,0.9989548363558511,59.11611236603416,0.8415232475661398,0.9166666666666666,0.7868877167930823,0.44666666666666666,0.6273950344221705,0.6343731044900857
2024-03-22,63778.76171875,75.0,11.063175525492385,639,0.8120802576585799,0.875137048391358,0.7259119417905043,667.8293907432085,28.829390743208478,75,0.8000648401918576,0.8797013816480903,0.6973667264309154,0.7917808219178082,22.46070233557714,0.8485572472227922,0.8646584337341867,0.8120807544932025,0.9999993881955461,661.4607023355771,0.7791409134547813,0.8353948243011876,0.8404089887906939,0.7865915513055364,0.9991447548721593,62.00409193584612,0.8404089887906939,0.9111111111111111,0.875137048391358,0.5,0.6995739730694411,0.6462278078681503
2024-03-23,64062.203125,73.0,11.067609814157786,640,0.8170312087374918,0.9073350143577414,0.698145226448308,672.3395323342497,32.339532334249725,75,0.803149634472882,0.8847256785043904,0.6975082718886231,0.7945205479452054,22.496781383069674,0.9388635023109034,0.8787816721553933,0.8170317086011301,0.9999993881955461,662.4967813830697,0.7788286353626094,0.8535659873766237,0.8428011703517719,0.7851801120431859,0.9993001427491387,64.36698431114682,0.8428011703517719,0.9222222222222223,0.9073350143577414,0.5,0.7149054439458185,0.6587146507913626
2024-03-24,67234.171875,74.0,11.115936907308464,641,0.7985445196073084,0.8862897329672759,0.6829439585028182,675.3208227275218,34.32082272752177,74,0.8023123408609596,0.8850100520430968,0.6948602149093859,0.7917808219178082,22.718118653969896,0.8894412208561314,0.8874922484188206,0.79854511632781,0.9999992527404032,663.7181186539699,0.7769156130703173,0.8408037619547324,0.8424380051886738,0.7836774758663008,0.9994272536566413,66.11844170912012,0.8424380051886738,0.9166666666666666,0.8862897329672759,0.49333333333333335,0.70113494841978,0.6664274321783475
2024-03-25,69958.8125,75.0,11.155661955003344,642,0.7734692783517131,0.8266667424680085,0.7000240539727433,674.0976523539824,32.097652353982426,73,0.7970681476774601,0.8744021775748988,0.6957990947390871,0.7890410958904109,22.706645673018784,0.7962873854871128,0.8766533037684633,0.7734699843015245,0.999999087295143,664.7066456730188,0.7770146586946682,0.8064353708253551,0.8358920716680704,0.7824660545623675,0.9995312234090962,67.36963412564373,0.8358920716680704,0.8777777777777778,0.8266667424680085,0.4866666666666667,0.668791769767657,0.6668573117400401
2024-03-26,69987.8359375,81.0,11.156076733609908,643,0.8415169197912324,0.9173723679833421,0.7393316756905852,670.1807777638095,27.180777763809488,75,0.8051497426072369,0.8822149394673431,0.7037141094575412,0.8027397260273973,22.22799158642738,0.9228270967050795,0.8762045071886622,0.841517434635347,0.9999993881955461,665.2279915864274,0.781158125432223,0.8602460931538204,0.8403200755745703,0.7822282492659776,0.9996163442793597,68.75697337552668,0.8403200755745703,0.8944444444444445,0.9173723679833421,0.5,0.7196401651378189,0.676454194176
2024-03-27,69455.34375,83.0,11.148439289066957,644,0.83133993852031,0.8720645174871862,0.7737910643545203,667.0808046075124,23.08080460751239,92,0.8099115964096137,0.8803694081982236,0.7164553739842646,0.8082191780821918,21.404449969387883,0.8337353678553915,0.8653477305853228,0.8313399554945436,0.9999999795820788,665.4044499693879,0.7883388870367717,0.8375569386966569,0.8398176870513133,0.7833392743152128,0.9996860961525813,72.98297821634,0.8398176870513133,0.8888888888888888,0.8720645174871862,0.6133333333333333,0.7575438854126876,0.6911977744008522
2024-03-28,70744.953125,80.0,11.166836479038837,645,0.8418857048206434,0.8745936258502099,0.7951029813929206,665.6355272736255,20.635527273625485,99,0.8157250706661645,0.8793192659531301,0.7307549389676566,0.8136986301369863,20.42645733169627,0.9190875405608688,0.8640513602873655,0.8418857090595357,0.9999999949650026,665.4264573316963,0.7969521520852733,0.8426683483600539,0.840335989107448,0.7858143430006783,0.9997431686639305,77.71334581336909,0.840335989107448,0.8944444444444445,0.8745936258502099,0.66,0.7814502940180845,0.7076073234221671
2024-03-29,69892.828125,79.0,11.154718321026634,646,0.7713581459811718,0.7653074294495412,0.7805240396859519,668.3010765221142,22.30107652211416,104,0.8076583570870749,0.8585898411342958,0.7398038663709829,0.8191780821917808,19.700230587926512,0.926196770602312,0.874669726870293,0.771358147409937,0.9999999981477279,665.7002305879265,0.803408922674215,0.7803262506881483,0.8294251275766662,0.7890133574867759,0.9997898649337118,82.4927374836656,0.8294251275766662,0.8333333333333334,0.7653074294495412,0.6933333333333334,0.7356621121820898,0.7127081941057894
2024-03-30,69645.3046875,75.0,11.151170563977951,647,0.7928053438180119,0.8071880949192707,0.7717103102048671,670.3231440705488,23.32314407054878,103,0.8049578092199725,0.8492440690952002,0.7456050379771436,0.8246575342465754,19.140508062462004,0.8399077344434549,0.8660520608289307,0.7928053456116311,0.9999999977376298,666.140508062462,0.8084210038367254,0.8076810308636739,0.8254716554470312,0.792542020459494,0.9998280708980605,86.22133066845367,0.8254716554470312,0.8277777777777777,0.8071880949192707,0.6866666666666666,0.7566294393019143,0.7206938750505394
2024-03-31,71333.6484375,75.0,11.175123422674254,648,0.7666041178597393,0.7653095826438151,0.7685500990674078,671.6924574668546,23.69245746685465,89,0.7979844107908391,0.8339832533767666,0.7497768672662825,0.8273972602739726,18.669265148594718,0.8739594138652783,0.8788863279909325,0.7666041463803863,0.9999999627961221,666.6692651485947,0.8126650236027699,0.7839112588588001,0.8179152197037163,0.7962007483037259,0.9998593239704352,86.72654327418937,0.8179152197037163,0.8,0.7653095826438151,0.5933333333333334,0.6912287444625822,0.7153365785800017
2024-04-01,69702.1484375,79.0,11.151986420340995,649,0.7956631408891164,0.8203247686772691,0.7600543710145609,673.6928776706844,24.692877670684425,79,0.7975623617177986,0.8314998925223125,0.751645504311424,0.8301369863013699,18.33818062688897,0.9070536255581925,0.8847359658244726,0.7956633596181736,0.9999997250984922,667.338180626889,0.8156600937955089,0.8184554810295028,0.8180134490356774,0.7997388111204137,0.9998848514482637,85.32171722433675,0.8180134490356774,0.8,0.8203247686772691,0.5266666666666666,0.6870776597396611,0.7101985933363033
2024-04-02,65446.97265625,79.0,11.08899551597111,650,0.8407717815682433,0.9026095717005108,0.7558902753007968,675.1873146644501,25.187314664450128,60,0.8054186198724248,0.8444289251001666,0.7524172808549462,0.8328767123287671,18.085717201894795,0.9265026373595897,0.8834998793293412,0.8407821133924575,0.9999877116507956,668.0857172018948,0.817951354188974,0.867732001523458,0.8270531858516375,0.8030501825874246,0.9999035533032694,80.7177686380937,0.8270531858516375,0.8277777777777777,0.9026095717005108,0.4,0.6518144098891336,0.6995832872549997
2024-04-03,65980.8125,71.0,11.09711925904443,651,0.7826238672296105,0.8381923189530499,0.7061022086789661,682.3195752420593,31.319575242059273,78,0.8012741193919131,0.8432949967097817,0.7439963586411316,0.8328767123287671,18.441322729529475,0.8868702574163007,0.8832427829853581,0.7826241300077534,0.9999996642345503,669.4413227295295,0.8147258636990272,0.8287254221249952,0.8273572288104297,0.8051730336986249,0.9999210280180477,80.22362888571303,0.8273572288104297,0.8277777777777777,0.8381923189530499,0.52,0.6924804922686355,0.6982918699847517
2024-04-04,68508.84375,70.0,11.134718121756292,652,0.7845444312661461,0.8902797367219729,0.6490150854450811,690.9069386569836,38.906938656983584,75,0.7982323579145009,0.8518376767119982,0.7267270362418496,0.821917808219178,19.485667103572723,0.9190705662724256,0.8955211010638893,0.7845449112542171,0.9999993881955461,671.4856671035727,0.8053265656091139,0.8552723613033679,0.8324327074455093,0.8052009485914411,0.9999352753230474,79.27387817921975,0.8324327074455093,0.8444444444444444,0.8902797367219729,0.5,0.7068119686864042,0.6998409788395976
2024-04-05,67837.640625,79.0,11.124872491338003,653,0.7808629243918136,0.8990458641510346,0.6320694206752014,694.2880443224349,41.28804432243487,76,0.7950742790921941,0.8604209835190957,0.7095165606842772,0.8136986301369863,20.657322076797755,0.895472189188875,0.8927856103122689,0.7808633155287072,0.999999499096851,673.6573220767978,0.7949104590051129,0.8558470843128957,0.8366898668759432,0.8033299504848359,0.9999469523728298,78.67862760117978,0.8366898668759432,0.8611111111111112,0.8990458641510346,0.5066666666666667,0.7147563819458805,0.7025528703134672
2024-04-06,68896.109375,75.0,11.140354987700567,654,0.7860084017618642,0.9380839587032574,0.6028452615999933,699.5485256503254,45.54852565032536,77,0.7934259377594068,0.8745415244616704,0.6901217790325891,0.8054794520547945,22.123150988562315,0.932941924303748,0.9027062659571046,0.7860087241078391,0.999999589895169,676.1231509885623,0.7820686232566577,0.8722536441321754,0.843156008195258,0.7994642546251671,0.9999565228314369,78.37342258278345,0.843156008195258,0.9222222222222223,0.9380839587032574,0.5133333333333333,0.7370633422959418,0.7088275015830081
2024-04-07,69362.5546875,78.0,11.147102443064194,655,0.7412608988908908,0.8706959588163431,0.5822756125546638,703.673024402939,48.67302440293895,75,0.7839413852378585,0.8738423307079746,0.6705133851275117,0.7945205479452054,23.746948456598147,0.8676104719521055,0.8975585590962283,0.7412613523978876,0.9999993881955461,678.7469484565981,0.768084917065487,0.828101070998836,0.8404187468868176,0.793758920523407,0.9999643165340022,77.76007302227737,0.8404187468868176,0.8944444444444445,0.8706959588163431,0.5,0.6974417140240187,0.7067573583904646
2024-04-08,71631.359375,76.0,11.179288237161215,656,0.7539710487917549,0.9108037059627488,0.5678718003406783,706.9273630425304,50.927363042530374,74,0.7784922331567488,0.880562580754297,0.6518512788026328,0.7698630136986301,25.43079746478213,0.9179927620477563,0.8967381582407727,0.7539716122042778,0.9999992527404032,681.4307974647821,0.7538480803097388,0.8444386099776193,0.8411496310851452,0.7865024041209219,0.9999706685715296,77.0764233818633,0.8411496310851452,0.8944444444444445,0.9108037059627488,0.49333333333333335,0.7127070547547805,0.7078391213657947
2024-04-09,69139.015625,80.0,11.143874475957427,657,0.770380864834644,0.924578563979791,0.5859334414679432,705.1094169271805,48.10941692718052,79,0.7770174389163661,0.8885654867952959,0.6398662174690529,0.7534246575342466,26.685904080248633,0.9133155453098661,0.9040789393274137,0.7703810766135635,0.9999997250984922,683.6859040802486,0.743408159441778,0.8473388171110209,0.8422749376353044,0.7786670869065321,0.9999759515764318,77.42616458516088,0.8422749376353044,0.9055555555555556,0.924578563979791,0.5266666666666666,0.7382111916808072,0.7133613159685243
2024-04-10,70587.8828125,78.0,11.164613777199962,658,0.7093459283321693,0.8354102070123355,0.5550240865500672,710.9869390289299,52.986939028929896,59,0.7647135279010575,0.8789008904711213,0.6244403754837827,0.7452054794520548,28.28600264678971,0.79336380213929,0.8960193781548149,0.7093565750672703,0.9999849909968057,686.2860026467897,0.7303079983320555,0.7916546567142492,0.8330712501951125,0.7698745253475363,0.9999775951074088,74.07595284240435,0.8330712501951125,0.8166666666666667,0.8354102070123355,0.3933333333333333,0.6180792550039375,0.6960373048840538
2024-04-11,70060.609375,76.0,11.15711599461545,659,0.745622802479045,0.9225547139399443,0.5417838438831079,714.1599352201648,55.15993522016481,59,0.761242486915237,0.8868379492836345,0.609411915192751,0.7315068493150685,29.94066289187299,0.8230427548608044,0.8876182910850762,0.7456339937020382,0.9999849909968057,688.940662891873,0.7170038762921545,0.834060131950915,0.8332510468779857,0.7602616800647395,0.9999789398145718,71.33487050742174,0.8332510468779857,0.8166666666666667,0.9225547139399443,0.3933333333333333,0.6559935668812693,0.6887566252471838
2024-04-12,67195.8671875,79.0,11.115367024434015,660,0.7209049867262017,0.8873789557805101,0.5281421033295586,717.455090675313,57.455090675313045,46,0.7539083959717761,0.8869363141012482,0.5946355857630796,0.726027397260274,31.656322680772064,0.8780359903044908,0.8827716263795662,0.721050681064351,0.9997979416121844,691.6563226807721,0.7034651661822744,0.80849018553109,0.8287490720876409,0.7499350411770185,0.9999460310505013,66.72853041516323,0.8287490720876409,0.7833333333333333,0.8873789557805101,0.30666666666666664,0.580139056312238,0.6690079763499209
2024-04-13,63821.47265625,72.0,11.06384497471878,661,0.7052589351170179,0.8236769059655129,0.5587774250863824,713.3803646197214,52.38036461972138,68,0.745063039452729,0.8754346035311145,0.5881159201854983,0.7041095890410959,32.72527905591005,0.7750338091612978,0.871587981554066,0.7052606848596666,0.9999975190129178,693.72527905591,0.6951593273310247,0.7696385238475475,0.8180016996803512,0.7399758204777469,0.9999553924982134,66.95970670331538,0.8180016996803512,0.7333333333333333,0.8236769059655129,0.4533333333333333,0.6486660900738335,0.6653094515724505
2024-04-14,65738.7265625,72.0,11.09344347621374,662,0.5552256253460843,0.663698315336088,0.42483566822831365,739.0447563041,77.04475630410002,67,0.7105471459787935,0.8369370965865641,0.5584286016478284,0.663013698630137,36.04141974621393,0.8397916606906716,0.8636600909958906,0.5552273078423078,0.9999969697163671,698.0414197462139,0.6700116227212919,0.6662144493008993,0.790404017793178,0.7272550572493004,0.9999629519924231,66.96703275725804,0.790404017793178,0.6944444444444444,0.663698315336088,0.44666666666666666,0.5664686067751824,0.6473383888820381
2024-04-15,63426.2109375,74.0,11.057632476717231,663,0.6122579679189555,0.8973081935441384,0.34529607776067117,758.7017730224718,95.7017730224718,45,0.6926763863315502,0.8479136596697594,0.5196772336683453,0.6191780821917808,40.8185962487147,0.9042668961584788,0.8645395616928508,0.612409103842353,0.9997532108480275,703.8185962487147,0.6353749649883086,0.7813935592521739,0.7887657526039045,0.7105495859291201,0.9999248172388966,62.97302680139293,0.7887657526039045,0.6888888888888889,0.8973081935441384,0.3,0.5789132396720095,0.6348974526620329
2024-04-16,63811.86328125,65.0,11.06369439689446,664,0.5840139610590916,0.8483658733864301,0.3348146700765937,762.4760311504327,98.47603115043273,36,0.6729195817365576,0.8479958803455176,0.48606585846984496,0.5835616438356165,45.405018620306805,0.875980096519527,0.8588433789144287,0.5848866456634736,0.9985079423323265,709.4050186203068,0.6038072787424373,0.7393682129631041,0.7797843817601224,0.6911418937133595,0.9996672036195202,58.06884011023058,0.7797843817601224,0.6777777777777778,0.8483658733864301,0.24,0.5119580907376147,0.6125448414030478
2024-04-17,61276.69140625,67.0,11.023154811544515,665,0.5201603126971408,0.9282660926708035,0.27992069512467,779.592405286535,114.59240528653504,15,0.6451451691839364,0.8625904644046605,0.4485849196798131,0.5534246575342465,51.08953163613808,0.0,0.7720823317192183,0.5746686364388931,0.9051482536448665,716.0895316361381,0.5668494886418827,0.6897795485679241,0.7634198666342682,0.6685432746094546,0.9824819399877649,50.23814190837047,0.7634198666342682,0.6611111111111111,0.9282660926708035,0.1,0.3807180717602439,0.5703945196498106
2024-04-18,63512.75390625,57.0,11.058996013630662,666,0.0,0.0,0.0,,,0,0.5278460475141298,0.705755834512904,0.3670240251925743,0.536986301369863,56.1374243647474,0.0,0.6802830555144427,0.0,0.0,722.1374243647474,0.5359313740440101,0.0,0.6246162545189466,0.6444320199611919,0.8038488599899895,41.10393428866675,0.6246162545189466,0.5222222222222223,0.0,0.0,0.0,0.46668642516802683
2024-04-19,63843.5703125,66.0,11.064191156507574,667,0.0,0.0,0.0,,,0,0.43187403887519704,0.5774365918741942,0.3002923842484699,0.5232876712328767,60.60932730967966,0.0,0.588951500983456,0.0,0.0,727.6093273096797,0.5099528695875246,0.0,0.511049662788229,0.6199812653477978,0.6576945218099913,33.63049169072734,0.511049662788229,0.4722222222222222,0.0,0.0,0.0,0.3818343478647492
2024-04-20,64994.44140625,66.0,11.082057028394079,668,0.0,0.0,0.0,,,0,0.3533514863524339,0.47244812062434066,0.24569376893056624,0.5095890410958904,64.56009664080875,0.0,0.5096151207695271,0.0,0.0,732.5600966408088,0.4880514701264663,0.0,0.4181315422812783,0.5959940298530103,0.5381136996627202,27.515856837867823,0.4181315422812783,0.4388888888888889,0.0,0.0,0.0,0.3124099209802493
2024-04-21,64926.64453125,72.0,11.081013365917512,669,0.0,0.0,0.0,,,0,0.28910576156108225,0.38654846232900597,0.20102217457955418,0.4986301369863014,68.03936413087797,0.0,0.42731084528344665,0.0,0.0,737.039364130878,0.4695441564603081,0.0,0.34210762550286405,0.5730031437816099,0.44027484517858917,22.512973776437306,0.34210762550286405,0.4,0.0,0.0,0.0,0.25560811716565845
2024-04-22,66837.6796875,73.0,11.110022267676788,670,0.0,0.0,0.0,,,0,0.23654107764088547,0.3162669237237321,0.1644726882923625,0.4904109589041096,71.09203471713101,0.0,0.3395072462529975,0.0,0.0,741.092034717131,0.453884963750659,0.0,0.2799062390477978,0.5513452928668915,0.36022487332793657,18.419705817085067,0.2799062390477978,0.3611111111111111,0.0,0.0,0.0,0.20913391404462964
2024-04-23,66407.2734375,71.0,11.103561869186873,671,0.0,0.0,0.0,,,0,0.19353360897890629,0.2587638466830535,0.13456856314829657,0.4767123287671233,73.75873667612188,0.0,0.26200386533686776,0.0,0.0,744.7587366761219,0.44063363051475885,0.0,0.22901419558456185,0.5312158997119583,0.29472944181376626,15.070668395796872,0.22901419558456185,0.3055555555555556,0.0,0.0,0.0,0.17110956603651514
2024-04-24,64276.8984375,72.0,11.070955567870602,672,0.0,0.0,0.0,,,0,0.15834568007365057,0.21171587455886196,0.1101015516667881,0.46301369863013697,76.07622892473273,0.0,0.17802469926780057,0.0,0.0,748.0762289247327,0.4294321894772222,0.0,0.1873752509328233,0.5127097705783699,0.24114227057489965,12.33054686928835,0.1873752509328233,0.22777777777777777,0.0,0.0,0.0,0.13999873584805783
2024-04-25,64481.70703125,72.0,11.074136850639793,673,0.0,0.0,0.0,,,0,0.1295555564238959,0.1732220791845234,0.09008308772737207,0.4520547945205479,78.07776953061875,0.0,0.0875980096519527,0.0,0.0,751.0777695306188,0.41998731415135093,0.0,0.1533070234904918,0.49585114213709364,0.19729822137946335,10.088629256690467,0.1533070234904918,0.18888888888888888,0.0,0.0,0.0,0.11454442023932003
2024-04-26,63755.3203125,70.0,11.062807915420777,674,0.0,0.0,0.0,,,0,0.10600000071046028,0.14172715569642821,0.07370434450421351,0.43561643835616437,79.79344912642034,0.0,0.0,0.0,0.0,753.7934491264203,0.4120568807115805,0.0,0.1254330192194933,0.48061582187790935,0.16142581749228818,8.254333028201291,0.1254330192194933,0.16111111111111112,0.0,0.0,0.0,0.09371816201398911
2024-04-27,63419.140625,67.0,11.05752099746442,675,0.0,0.0,0.0,,,0,0.08672727330855841,0.11595858193344126,0.060303554594356504,0.41643835616438357,81.2504925702408,0.0,0.0,0.0,0.0,756.2504925702408,0.40543964770073176,0.0,0.10262701572503996,0.46694742657296795,0.1320756688573267,6.753545204891965,0.10262701572503996,0.13333333333333333,0.0,0.0,0.0,0.0766784961932638
2024-04-28,63113.23046875,65.0,11.052685701174266,676,0.0,0.0,0.0,,,0,0.07095867816154779,0.0948752034000883,0.049339271940837134,0.3972602739726027,82.4735318765546,0.0,0.0,0.0,0.0,758.4735318765546,0.39996726352686607,0.0,0.08396755832048723,0.4547692151100403,0.10806191088326729,5.525627894911607,0.08396755832048723,0.11666666666666667,0.0,0.0,0.0,0.0627369514308522
2024-04-29,63841.12109375,67.0,11.064152792961822,677,0.0,0.0,0.0,,,0,0.05805710031399364,0.07762516641825405,0.04036849522432129,0.37534246575342467,83.48485315369567,0.0,0.0,0.0,0.0,760.4848531536957,0.39549802736518774,0.0,0.06870072953494409,0.44399263552006707,0.08841429072267323,4.520968277654951,0.06870072953494409,0.10555555555555556,0.0,0.0,0.0,0.05133023298887907
2024-04-30,60636.85546875,67.0,11.01265816324528,678,0.0,0.0,0.0,,,0,0.04750126389326752,0.06351149979675332,0.03302876881989923,0.36164383561643837,84.30462002348997,0.0,0.0,0.0,0.0,762.30462002349,0.3919119819439088,0.0,0.05620968780131789,0.43452342577894737,0.07233896513673264,3.698974045354051,0.05620968780131789,0.09444444444444444,0.0,0.0,0.0,0.04199746335453742
2024-05-01,58254.01171875,54.0,10.972568239764623,679,0.0,0.0,0.0,,,0,0.03886467045812796,0.0519639543791618,0.027023538125372098,0.3506849315068493,84.9510757628276,0.0,0.0,0.0,0.0,763.9510757628276,0.38910702611312065,0.0,0.045989744564714635,0.42626589856697883,0.059186426020963065,3.026433309835132,0.045989744564714635,0.08333333333333333,0.0,0.0,0.0,0.0343615609264397
2024-05-02,59123.43359375,43.0,10.98738263231432,680,0.0,0.0,0.0,,,0,0.03179836673846833,0.04251596267385965,0.022110167557122622,0.33972602739726027,85.44072619365693,0.0,0.0,0.0,0.0,765.4407261936569,0.38699581415347417,0.0,0.03762797282567561,0.41912588321906885,0.048425257653515234,2.476172708046926,0.03762797282567561,0.07222222222222222,0.0,0.0,0.0,0.028114004394359755
2024-05-03,62889.8359375,48.0,11.049139838812568,681,0.0,0.0,0.0,,,0,0.026016845513292267,0.0347857876422488,0.018090137092191236,0.3232876712328767,85.78850515488341,0.0,0.0,0.0,0.0,766.7885051548834,0.385503266411897,0.0,0.030786523221007313,0.41301268016321946,0.039620665352876096,2.02595948840203,0.030786523221007313,0.06666666666666667,0.0,0.0,0.0,0.02300236723174889
2024-05-04,63891.47265625,67.0,11.064941183201617,682,0.0,0.0,0.0,,,0,0.021286509965420943,0.028461098980021745,0.014801021257247374,0.3095890410958904,86.0079242150407,0.0,0.0,0.0,0.0,768.0079242150407,0.38456455821942104,0.0,0.025188973544460525,0.40784029435525604,0.03241690801598953,1.6576032177834792,0.025188973544460525,0.06111111111111111,0.0,0.0,0.0,0.018820118644158182
2024-05-05,64031.1328125,69.0,11.067124694258581,683,0.0,0.0,0.0,,,0,0.017416235426253496,0.02328635371092688,0.012109926483202397,0.2958904109589041,86.11120812661159,0.0,0.0,0.0,0.0,769.1112081266116,0.3841234854460085,0.0,0.020609160172740427,0.40352814728084735,0.02652292474035507,1.3562208145501193,0.020609160172740427,0.05555555555555555,0.0,0.0,0.0,0.015398278890674875
2024-05-06,63161.94921875,71.0,11.053457329494858,684,0.0,0.0,0.0,,,0,0.014249647166934679,0.01905247121803108,0.009908121668074686,0.28493150684931506,86.10941737993767,0.0,0.0,0.0,0.0,770.1094173799377,0.3841311284982007,0.0,0.016862040141333075,0.4000014165930934,0.021700574787563237,1.109635211904643,0.016862040141333075,0.05,0.0,0.0,0.0,0.012598591819643078
2024-05-07,62334.81640625,68.0,11.04027539949921,685,0.0,0.0,0.0,,,0,0.011658802227492009,0.015588385542025428,0.008106645001152015,0.273972602739726,86.0125590853279,0.0,0.0,0.0,0.0,771.0125590853279,0.3845447542088711,0.0,0.013796214661090697,0.3971911143414166,0.01775501573527901,0.9078833551947079,0.013796214661090697,0.044444444444444446,0.0,0.0,0.0,0.010307938761526154
2024-05-08,61187.94140625,64.0,11.021705413240717,686,0.0,0.0,0.0,,,0,0.009539020004311644,0.012754133625293531,0.0066327095463971026,0.26301369863013696,85.82968729496667,0.0,0.0,0.0,0.0,771.8296872949667,0.38532690843585754,0.0,0.011287811995437842,0.39503398599495126,0.014526831056137371,0.7428136542502155,0.011287811995437842,0.03888888888888889,0.0,0.0,0.0,0.008433768077612307
2024-05-09,63049.9609375,55.0,11.051682721844896,687,0.0,0.0,0.0,,,0,0.007804652730800435,0.010435200238876525,0.005426762356143084,0.2493150684931507,85.56899377035415,0.0,0.0,0.0,0.0,772.5689937703542,0.3864446623820718,0.0,0.00923548254172187,0.3934722907926095,0.011885589045930576,0.6077566262047217,0.00923548254172187,0.03333333333333333,0.0,0.0,0.0,0.006900355699864614
2024-05-10,60792.77734375,66.0,11.015226267209407,688,0.0,0.0,0.0,,,0,0.006385624961563992,0.008537891104535338,0.004440078291389795,0.23835616438356164,85.23789010522853,0.0,0.0,0.0,0.0,773.2378901052285,0.3878689834761714,0.0,0.007556303897772438,0.39245350764416614,0.00972457285576138,0.49725542144022683,0.007556303897772438,0.022222222222222223,0.0,0.0,0.0,0.005645745572616502
2024-05-11,60793.7109375,53.0,11.015241624076165,689,0.0,0.0,0.0,,,0,0.005224602241279629,0.006985547267347094,0.003632791329318923,0.2273972602739726,84.84308202725776,0.0,0.0,0.0,0.0,773.8430820272578,0.3895742076973838,0.0,0.006182430461813813,0.391929998562933,0.0079564687001684,0.406845344814731,0.006182430461813813,0.016666666666666666,0.0,0.0,0.0,0.004619246377595319
2024-05-12,61448.39453125,56.0,11.025952988228958,690,0.0,0.0,0.0,,,0,0.004274674561046969,0.005715447764193076,0.0029722838148973003,0.21643835616438356,84.39063662337946,0.0,0.0,0.0,0.0,774.3906366233795,0.3915375949235904,0.0,0.005058352196029483,0.3918586524466888,0.006509838027410509,0.3328734639393253,0.005058352196029483,0.011111111111111112,0.0,0.0,0.0,0.0037793833998507153
2024-05-13,62901.44921875,57.0,11.049324482466835,691,0.0,0.0,0.0,,,0,0.0034974610044929745,0.004676275443430698,0.0024318685758250636,0.2054794520547945,83.88604316272767,0.0,0.0,0.0,0.0,774.8860431627277,0.3937389525497019,0.0,0.004138651796751395,0.3922005251926912,0.005326231113335871,0.27235101595035704,0.004138651796751395,0.005555555555555556,0.0,0.0,0.0,0.0030922227816960394
2024-05-14,61552.7890625,66.0,11.027650444355254,692,0.0,0.0,0.0,,,0,0.00286155900367607,0.003826043544625116,0.001989710652947779,0.19452054794520549,83.33426812689981,0.0,0.0,0.0,0.0,775.3342681268998,0.39616031550387154,0.0,0.003386169651887505,0.39292048706745125,0.004357825456365713,0.22283264941392847,0.003386169651887505,0.005555555555555556,0.0,0.0,0.0,0.002530000457751305
2024-05-15,66267.4921875,64.0,11.101454742016754,693,0.0,0.0,0.0,,,0,0.002341275548462239,0.0031303992637841858,0.0016279450796845465,0.18356164383561643,82.73980499924608,0.0,0.0,0.0,0.0,775.7398049992461,0.3987856730627368,0.0,0.002770502442453413,0.3939868845211395,0.00356549355520831,0.18231762224775963,0.002770502442453413,0.005555555555555556,0.0,0.0,0.0,0.0020700003745237946
2024-05-16,65231.58203125,70.0,11.085699017619602,694,0.0,0.0,0.0,,,0,0.0019155890851054681,0.00256123576127797,0.001331955065196447,0.1726027397260274,82.10671931232127,0.0,0.0,0.0,0.0,776.1067193123213,0.40160073467028395,0.0,0.0022667747256437014,0.39537122091189303,0.00291722199971589,0.14916896365725787,0.0022667747256437014,0.005555555555555556,0.0,0.0,0.0,0.0016936366700649227
2024-05-17,67051.875,74.0,11.11322185252465,695,0.0,0.0,0.0,,,0,0.0015673001605408373,0.0020955565319547027,0.0010897814169789112,0.16164383561643836,81.43868940510356,0.0,0.0,0.0,0.0,776.4386894051036,0.40459272840200766,0.0,0.0018546338664357557,0.3970478586373684,0.0023868179997675464,0.1220473339013928,0.0018546338664357557,0.005555555555555556,0.0,0.0,0.0,0.0013857027300531184
2024-05-18,66940.8046875,73.0,11.111563995719358,696,0.0,0.0,0.997229050690094,696.2497315946982,0.24973159469823258,1,0.0012823364949879578,0.0017145462534174838,0.18220601219390894,0.1506849315068493,72.80164580411258,0.0,0.0,0.0,0.09966799462495582,768.8016458041126,0.4453444837077283,0.0,0.0015174277089019818,0.4058290631956156,0.020074304658892685,0.2816750913738668,0.0015174277089019818,0.005555555555555556,0.0,0.006666666666666667,0.0,0.0011337567791343695
2024-05-19,66278.3671875,72.0,11.10161883616614,697,0.0,0.0,0.0,,,0,0.0010491844049901472,0.0014028105709779411,0.14907764634047094,0.14246575342465753,64.89193968893028,0.0,0.0,0.0,0.0,761.8919396889303,0.486255267064338,0.0,0.0012415317618288942,0.4204520093535651,0.01642443108454856,0.2304614383968001,0.0012415317618288942,0.005555555555555556,0.0,0.0,0.0,0.0009276191829281204
2024-05-20,71448.1953125,70.0,11.176727924991438,698,0.0,0.0,0.0,,,0,0.0008584236040828476,0.0011477541035274062,0.12197261973311257,0.13424657534246576,57.64030082281295,0.0,0.0,0.0,0.0,755.640300822813,0.5270563622491075,0.0,0.0010157987142236406,0.4398346189709364,0.01343817088735791,0.188559358688291,0.0010157987142236406,0.005555555555555556,0.0,0.0,0.0,0.0007589611496684621
2024-05-21,70136.53125,76.0,11.158199067809143,699,0.0,0.0,0.0,,,0,0.0007023465851586935,0.000939071539249696,0.09979577978163755,0.12602739726027398,50.98405613442105,0.0,0.0,0.0,0.0,749.984056134421,0.5675141973375156,0.0,0.0008311080389102513,0.46304908776485987,0.010994867089656472,0.15427583892678354,0.0008311080389102513,0.005555555555555556,0.0,0.0,0.0,0.0006209682133651054
2024-05-22,69122.3359375,76.0,11.143633198298957,700,0.0,0.0,0.0,,,0,0.000574647206038931,0.0007683312593861148,0.08165109254861254,0.1178082191780822,44.86650141635221,0.0,0.0,0.0,0.0,744.8665014163522,0.6074310048965975,0.0,0.0006799974863811146,0.48930034542517575,0.008995800346082567,0.12622568639464107,0.0006799974863811146,0.005555555555555556,0.0,0.0,0.0,0.000508064901844177
2024-05-23,67929.5625,76.0,11.126226601711199,701,0.0,0.0,0.0,,,0,0.00047016589585003444,0.0006286346667704575,0.06680543935795571,0.1095890410958904,39.23633286190898,0.0,0.0,0.0,0.0,740.236332861909,0.6466440735443613,0.0,0.0005563615797663664,0.5179082959923004,0.007360200283158464,0.10327556159561542,0.0005563615797663664,0.005555555555555556,0.0,0.0,0.0,0.00041568946514523576
2024-05-24,68526.1015625,74.0,11.134969996379247,702,0.0,0.0,0.0,,,0,0.00038468118751366453,0.0005143374546303743,0.0546589958383274,0.10136986301369863,34.047132741222185,0.0,0.0,0.0,0.0,736.0471327412222,0.6850239520036967,0.0,0.00045520492889975433,0.5482929607216451,0.0060219820498569245,0.08449818676004897,0.00045520492889975433,0.005555555555555556,0.0,0.0,0.0,0.0003401095623915565
2024-05-25,69265.9453125,76.0,11.145708654764677,703,0.0,0.0,0.0,,,0,0.000314739153420271,0.00042082155378848804,0.04472099659499514,0.09315068493150686,29.256904060600846,0.0,0.0,0.0,0.0,732.2569040606008,0.7224719294053308,0.0,0.00037244039637252625,0.5799618641186789,0.0049270762226102105,0.0691348800764037,0.00037244039637252625,0.005555555555555556,0.0,0.0,0.0,0.0002782714601385462
2024-05-26,68518.09375,75.0,11.134853131706638,704,0.0,0.0,0.0,,,0,0.0002575138527984035,0.00034430854400876293,0.03658990630499602,0.08493150684931507,24.827649540038692,0.0,0.0,0.0,0.0,728.8276495400387,0.7589170677809617,0.0,0.00030472396066843056,0.6124991738754576,0.004031244182135627,0.05656490188069393,0.00030472396066843056,0.005555555555555556,0.0,0.0,0.0,0.00022767664920426506
2024-05-27,69394.5546875,74.0,11.147563680700397,705,0.0,0.0,0.0,,,0,0.00021069315228960285,0.0002817069905526242,0.029937196067724013,0.07671232876712329,20.724990688101457,0.0,0.0,0.0,0.0,725.7249906881015,0.7943130115593453,0.0,0.0002493196041832613,0.6455562352725281,0.0032982906944746034,0.0462803742660223,0.0002493196041832613,0.005555555555555556,0.0,0.0,0.0,0.0001862808948034896
2024-05-28,68296.21875,72.0,11.13160968165444,706,0.6115213439612124,0.6200446315728889,0.8689108285764671,718.6463295536165,12.64632955361651,13,0.11135808420845739,0.11296587509643195,0.18247785652385912,0.0684931506849315,19.050832484817192,0.0,0.0,0.7096494243563375,0.8617231593133063,725.0508324848172,0.8092269121661246,0.5943601218010858,0.10826946545816554,0.6753145401622729,0.15937553953426217,2.4015021243994727,0.10826946545816554,0.3055555555555556,0.6200446315728889,0.08666666666666667,0.2822244324192933,0.05146594480834709
2024-05-29,67578.09375,72.0,11.121039152560593,707,0.1812353059201516,0.07314292130298423,0.958427044290283,710.821565046778,3.821565046778005,14,0.1240630336105836,0.10572533804307781,0.32355952702684526,0.06027397260273973,16.69566415738484,0.0,0.0,0.2047043186604512,0.8853516482022624,723.6956641573848,0.8306827055132672,0.17115644159406368,0.11970346111923792,0.7035632974988173,0.2913711956557168,4.510319919963205,0.11970346111923792,0.3111111111111111,0.07314292130298423,0.09333333333333334,0.08063397910864464,0.05676922377203755
2024-05-30,68364.9921875,73.0,11.132616162466865,708,0.0,0.0,0.0,,,0,0.10150611840865931,0.08650254930797274,0.2647305221128734,0.052054794520547946,14.469559480184103,0.0,0.0,0.0,0.0,722.4695594801841,0.8514854358695056,0.0,0.09793919546119466,0.7304582317480333,0.23839461462740463,3.6902617526971677,0.09793919546119466,0.28888888888888886,0.0,0.0,0.0,0.04644754672257618
2024-05-31,67491.4140625,73.0,11.119755669696058,709,0.12142260010314401,0.48777063471613946,0.8713511842164942,721.393916813522,12.393916813521969,2,0.1051272968985656,0.1594603830185485,0.37502518794989537,0.043835616438356165,13.367117321454316,0.0,0.0,0.6151863361882638,0.197375320224904,722.3671173214543,0.8619797281744971,0.12089854079261418,0.10211362188508911,0.7543712310982994,0.23093656109967722,3.3829414340249553,0.10211362188508911,0.3,0.48777063471613946,0.013333333333333334,0.1155859069836,0.059018157679125965
2024-06-01,67706.9375,72.0,11.122943927800915,710,0.0,0.0,0.0,,,0,0.08601324291700822,0.13046758610608514,0.30683879014082344,0.038356164383561646,12.27443155879405,0.0,0.0,0.0,0.0,722.274431558794,0.8725087704403124,0.0,0.0835475088150729,0.7758507837059381,0.18894809544519045,2.767861173293145,0.0835475088150729,0.2777777777777778,0.0,0.0,0.0,0.048287583555648515
2024-06-02,67751.6015625,73.0,11.123603377761437,711,0.0,0.0,0.0,,,0,0.07037447147755217,0.10674620681406966,0.25104991920612824,0.03287671232876712,11.190573011625247,0.0,0.0,0.0,0.0,722.1905730116252,0.883079807600255,0.0,0.06835705266687783,0.7953469698685411,0.15459389627333764,2.2646136872398457,0.06835705266687783,0.2611111111111111,0.0,0.0,0.0,0.03950802290916696
2024-06-03,68804.78125,73.0,11.139028516419566,712,0.5498036981382431,0.4842236285796314,0.8533965453166554,726.2677860739493,14.26778607394931,15,0.15754342177949598,0.17537846531689905,0.36056748758986046,0.0273972602739726,10.578879017560894,0.0,0.0,0.6074183935330861,0.9051482536448665,722.5788790175609,0.8891021904427355,0.5588921074037089,0.15754524443721074,0.8123933736093036,0.29105832488634287,4.5801384713780555,0.15754524443721074,0.36666666666666664,0.4842236285796314,0.1,0.2576484811931936,0.07916992441535362
2024-06-04,70567.765625,73.0,11.164328741668491,713,0.41033746327363335,0.28408824668926946,0.9138475018564771,721.1082411589389,8.108241158938881,15,0.20350597477843002,0.19514388011187547,0.4611638538201544,0.021917808219178082,9.438818269120702,0.0,0.0,0.4533372976429877,0.9051482536448665,722.4388182691207,0.9004363871631816,0.4079180213953099,0.20306756752050148,0.8284011942554632,0.40271103920607443,6.474658749309318,0.20306756752050148,0.40555555555555556,0.28408824668926946,0.1,0.18709921263244256,0.09879343136391523
2024-06-05,71082.8203125,75.0,11.171600959485094,714,0.0,0.0,0.950261405792887,718.5916351421135,4.591635142113546,15,0.1665048884550791,0.159663174636989,0.5500906814515603,0.01643835616438356,8.072419876072331,0.0,0.0,0.0,0.9051482536448665,722.0724198760723,0.9142112985816033,0.0,0.166146191607683,0.8440030314056705,0.4940632600131275,8.024720794889443,0.166146191607683,0.38333333333333336,0.0,0.1,0.0,0.08083098929774882
2024-06-06,70757.1640625,78.0,11.167009069213076,715,0.47941313953493037,0.3711988354584451,0.954059420371177,719.232639157222,4.2326391572220246,14,0.22339729774232475,0.19812420387725374,0.6235395430733087,0.010958904109589041,6.801964569515235,0.0,0.0,0.5414946033120236,0.8853516482022624,721.8019645695152,0.9272079765976377,0.4739697522600451,0.2221141117262943,0.8591312032587554,0.565206603320243,9.111135195818635,0.2221141117262943,0.4388888888888889,0.3711988354584451,0.09333333333333334,0.21368728131325077,0.1049866787551128
2024-06-07,69342.5859375,77.0,11.146814512133185,716,0.7939112942623252,0.8284572214280462,0.9554886318029218,720.0979171713267,4.097917171326685,15,0.32712711529141575,0.3127302070683069,0.6838939228423292,0.00821917808219178,5.639674341116347,0.0,0.0,0.8771063646926232,0.9051482536448665,721.6396743411163,0.9392599056583406,0.7884898082636193,0.325091511096717,0.8737000582404981,0.6270141761065382,10.181837887487973,0.325091511096717,0.49444444444444446,0.8284572214280462,0.1,0.3556002460106788,0.15055278189248844
2024-06-08,69305.7734375,72.0,11.14628349249428,717,0.4646832678180964,0.2887191540357356,0.9753452677283824,719.2467374930866,2.2467374930865844,26,0.35213732484172133,0.3083645610623848,0.7368850764579752,0.005479452054794521,4.411775593684979,0.0,0.0,0.46983861800384397,0.9890274022010992,721.411775593685,0.9521623444749123,0.460233347238657,0.3496627540316152,0.887965928464937,0.6928347626691856,13.05786736249016,0.3496627540316152,0.5166666666666667,0.2887191540357356,0.17333333333333334,0.23541720189603002,0.1659826764385869
2024-06-09,69647.9921875,75.0,11.151209151620868,718,0.8133431618536188,0.7730553283967163,0.9816446459341962,719.6673313421529,1.6673313421529201,19,0.4359929315711572,0.39285379148680866,0.7813868163627427,0.0027397260273972603,3.245638045920032,0.0,0.0,0.8505660962561542,0.9562374581277391,721.24563804592,0.9645798655284408,0.8076577704149487,0.4329345751922212,0.9018957352037558,0.7407261618434681,14.138255114764677,0.4329345751922212,0.55,0.7730553283967163,0.12666666666666668,0.37496547645733874,0.20397954916926908
2024-06-10,69512.28125,72.0,11.149258724574846,719,0.7969346289440381,0.71253227808229,0.982247662602324,720.6120620164356,1.6120620164356296,24,0.5016186947298629,0.45097715268598704,0.8179069702244846,0.39452054794520547,2.185297471683498,0.7380900906710802,0.07380900906710802,0.8101606162960467,0.9836748576936802,721.1852974716835,0.9760113309869046,0.7949068523159972,0.4987477164874532,0.9153712980734192,0.7848986519980521,15.931299639352916,0.4987477164874532,0.5777777777777777,0.71253227808229,0.16,0.39204030536224593,0.23817241393162847
2024-06-11,67332.03125,74.0,11.117391349656966,720,0.8296193227059075,0.7476130787616742,0.9845915015695507,721.397559874372,1.3975598743719502,29,0.5612551725436892,0.504910957427021,0.8482132486508602,0.5095890410958904,1.2055129386062617,0.683643502684336,0.14217335933554162,0.8346580134526157,0.9939631673505832,721.2055129386063,0.9866947200958731,0.8303277398782377,0.5590349934675958,0.9283391929865926,0.8229103820621486,18.307426977652383,0.5590349934675958,0.6,0.7476130787616742,0.19333333333333333,0.4352400281694368,0.27400288924759364
2024-06-12,68241.1875,72.0,11.130803583831266,721,0.0,0.0,0.0,,,0,0.4592087775357456,0.41310896516756257,0.6939926579870674,0.4876712328767123,0.22380312296490956,0.0,0.14217335933554162,0.0,0.0,721.2238031229649,0.9975163879143291,0.0,0.4573922673825783,0.9409168647916356,0.6732903125963033,14.978803890806494,0.4573922673825783,0.5666666666666667,0.0,0.0,0.0,0.22418418211166752
2024-06-13,66756.3984375,70.0,11.108805428410106,722,0.0,0.0,0.0,,,0,0.3757162725292464,0.33799824422800573,0.5678121747166915,0.4657534246575342,-0.7596486149963084,0.0,0.14217335933554162,0.0,0.0,721.2403513850037,1.0,0.0,0.3742300369493822,0.9516592530113381,0.5508738921242482,12.25538500156895,0.3742300369493822,0.5222222222222223,0.0,0.0,0.0,0.18342342172772796
2024-06-14,66011.09375,74.0,11.097578094004717,723,0.0,0.0,0.7993223865529014,743.1591834340059,20.159183434005854,15,0.3074042229784743,0.27654401800473194,0.6099049405050934,0.4410958904109589,0.3278591991943358,0.0,0.14217335933554162,0.0,0.9051482536448665,723.3278591991943,0.9963637472464137,0.0,0.30618821204949453,0.9597873428722609,0.6152874124007242,12.754405910374594,0.30618821204949453,0.4888888888888889,0.0,0.1,0.0,0.15007370868632286
2024-06-15,66191.0,74.0,11.100299781021203,724,0.0,0.0,0.0,,,0,0.25151254607329715,0.22626328745841703,0.4990131331405309,0.4246575342465753,1.2165567453668018,0.0,0.14217335933554162,0.0,0.0,725.2165567453668,0.986573651237249,0.0,0.2505176280404955,0.9646575807568041,0.5034169737824107,10.435423017579213,0.2505176280404955,0.46111111111111114,0.0,0.0,0.0,0.12278757983426415
2024-06-16,66639.046875,71.0,11.107045974142403,725,0.0,0.0,0.0,,,0,0.20578299224178856,0.185124507920523,0.40828347256952524,0.410958904109589,1.9253783347609215,0.0,0.14217335933554162,0.0,0.0,726.9253783347609,0.9788341164778545,0.0,0.204968968396769,0.967235132706086,0.4118866149128814,8.538073378019355,0.204968968396769,0.4166666666666667,0.0,0.0,0.0,0.10046256531894339
2024-06-17,66490.296875,71.0,11.10481130434367,726,0.0,0.0,0.0,,,0,0.16836790274328153,0.15146550648042792,0.33405011392052064,0.39452054794520547,2.471455010879481,0.0,0.14217335933554162,0.0,0.0,728.4714550108795,0.9729130036433291,0.0,0.1677018832337201,0.9682674728764937,0.3369981394741757,6.985696400197654,0.1677018832337201,0.3888888888888889,0.0,0.0,0.0,0.08219664435186276
2024-06-18,65140.74609375,74.0,11.084305532460517,727,0.0,0.0,0.7164574597852318,757.00927651509,30.00927651509005,13,0.1377555567899576,0.12392632348398647,0.40357872225955904,0.43561643835616437,4.189342773185331,0.0,0.14217335933554162,0.0,0.8617231593133063,731.1893427731853,0.9545185010437096,0.0,0.13721063173668008,0.9657676598159874,0.43240268853583574,8.079206145616261,0.13721063173668008,0.35555555555555557,0.0,0.08666666666666667,0.0,0.06725179992425134
2024-06-19,64960.296875,64.0,11.081531544945191,728,0.0,0.0,0.6694732087044397,764.1137718370918,36.113771837091804,14,0.1127090919190562,0.10139426466871619,0.4519231743404464,0.41643835616438357,6.325002684033507,0.0,0.14217335933554162,0.0,0.8853516482022624,734.3250026840335,0.9321348297926149,0.0,0.11226324414819278,0.9596525998117378,0.5147570448388223,9.155714119140576,0.11226324414819278,0.3333333333333333,0.0,0.09333333333333334,0.0,0.05502419993802382
2024-06-20,64828.65625,60.0,11.079503010667478,729,0.0,0.0,0.6646929322744853,765.758709085196,36.75870908519596,13,0.09221652975195507,0.0829589438198587,0.49060858487390796,0.4,8.318689007953708,0.0,0.0683643502684336,0.0,0.8617231593133063,737.3186890079537,0.911713139993849,0.0,0.09185174521215772,0.9509363343903035,0.5778417929250921,9.854675188387743,0.09185174521215772,0.3,0.0,0.08666666666666667,0.0,0.045019799949292214
2024-06-21,64096.19921875,63.0,11.068140346591488,730,0.0,0.0,0.669520508353272,766.1074133779856,36.10741337798561,15,0.07544988797887232,0.0678754994889753,0.5231380255065196,0.3780821917808219,10.060472281290117,0.0,0.0,0.0,0.9051482536448665,740.0604722812901,0.8942382634887277,0.0,0.07515142790085631,0.9406275942263805,0.6373520585105056,10.790188790499062,0.07515142790085631,0.2777777777777778,0.0,0.1,0.0,0.036834381776693625
2024-06-22,64252.578125,53.0,11.070577128411566,731,0.4574725371001099,0.4413669144536595,0.6193178717147514,774.1222952173939,43.12229521739391,15,0.14490855145546097,0.13578302948255422,0.5406252702716525,0.3643835616438356,12.304455418061934,0.0,0.0,0.5054117215140742,0.9051482536448665,743.3044554180619,0.8722177514232703,0.5246256872327042,0.15687402050664684,0.9281894409894513,0.6860422758076621,11.555609010408322,0.15687402050664684,0.3888888888888889,0.4413669144536595,0.1,0.24371365606717427,0.07444879528405374
2024-06-23,63180.796875,55.0,11.053755687049565,732,0.0,0.0,0.6048390162653889,777.2513650659071,45.251365065907066,15,0.1185615420999226,0.11109520594027163,0.5523004968159683,0.3452054794520548,14.537494432142466,0.0,0.0,0.0,0.9051482536448665,746.5374944321425,0.8508429492496759,0.0,0.12835147132362013,0.9141264424913103,0.7258797263235174,12.18186191760681,0.12835147132362013,0.37222222222222223,0.0,0.1,0.0,0.060912650686953056
2024-06-24,60277.4140625,51.0,11.006712753056153,733,0.49062671074047215,0.5590175667094014,0.5175359145943922,792.2808720461464,59.28087204614644,15,0.1862097545800225,0.19253563517102248,0.5459796636847726,0.3315068493150685,17.89400658585714,0.0,0.0,0.5420401671933941,0.9051482536448665,750.8940065858571,0.8196955440612204,0.589706643981905,0.21223422998876282,0.8969571882312939,0.7584740040183081,12.694250659860117,0.21223422998876282,0.4666666666666667,0.5590175667094014,0.1,0.28083761314740213,0.10089900749794378
2024-06-25,61804.640625,30.0,11.03173373164601,734,0.2769231000707364,0.2637418831692054,0.38223461417618565,820.5548617100001,86.55486171000007,15,0.20270309012378868,0.20548222571614663,0.5162078365013931,0.3178082191780822,23.528373740537404,0.0,0.0,0.30594225747618436,0.9051482536448665,757.5283737405374,0.7699525611758375,0.3664483467675941,0.24027316031218668,0.8738654378575745,0.785142049404955,13.113477812612821,0.24027316031218668,0.5111111111111111,0.2637418831692054,0.1,0.17894001181674596,0.11508828101045326
2024-06-26,60811.27734375,46.0,11.01553053338195,735,0.38569758784868124,0.5411625724795108,0.297732595563457,844.0403573078307,109.04035730783073,15,0.23597481698286005,0.2665150160367583,0.47648506542176833,0.3041095890410959,30.767610270755767,0.5411597617839057,0.05411597617839057,0.4261153753493393,0.9051482536448665,765.7676102707558,0.7104460005729962,0.5461712039579587,0.29589098642959977,0.8441528128967422,0.806961359266757,13.456481846683218,0.29589098642959977,0.55,0.5411625724795108,0.1,0.27542074680626116,0.14423963842787288
2024-06-27,61604.80078125,40.0,11.028495081245408,736,0.0,0.0,0.0,,,0,0.1930703048041582,0.21805774039371134,0.389851417163265,0.29041095890410956,37.222157607620034,0.0,0.05411597617839057,0.0,0.0,773.22215760762,0.6612789414536859,0.0,0.24209262526058162,0.8109030180889136,0.6602411121273466,11.009848783649904,0.24209262526058162,0.5166666666666667,0.0,0.0,0.0,0.11801424962280507
2024-06-28,60320.13671875,47.0,11.007421269236795,737,0.0,0.0,0.0,,,0,0.157966613021584,0.17841087850394563,0.3189693413153986,0.273972602739726,42.96674805525913,0.0,0.05411597617839057,0.0,0.0,779.9667480552591,0.6203891654008743,0.0,0.1980757843041122,0.7762641357819974,0.540197273558738,9.008058095713556,0.1980757843041122,0.45,0.0,0.0,0.0,0.09655711332774959
2024-06-29,60887.37890625,30.0,11.016781189301488,738,0.0,0.0,0.0,,,0,0.12924541065402326,0.14597253695777368,0.26097491562168973,0.2602739726027397,48.068996555503986,0.0,0.05411597617839057,0.0,0.0,786.068996555504,0.5861966522081836,0.0,0.16206200533972817,0.7417064114958494,0.44197958745714927,7.370229351038364,0.16206200533972817,0.4111111111111111,0.0,0.0,0.0,0.07900127454088603
2024-06-30,62678.29296875,47.0,11.045770462033213,739,0.0,0.0,0.0,,,0,0.10574624508056447,0.1194320756927239,0.21352493096320066,0.2465753424657534,52.59007853191599,0.0,0.05411597617839057,0.0,0.0,791.590078531916,0.5574769031072181,0.0,0.13259618618705032,0.7082101372433709,0.36161966246494026,6.0301876508495695,0.13259618618705032,0.37777777777777777,0.0,0.0,0.0,0.06463740644254311
2024-07-01,62851.98046875,53.0,11.048537724560118,740,0.0,0.0,0.0,,,0,0.08651965506591638,0.09771715283950137,0.1747022162426187,0.2328767123287671,56.58534317724116,0.0,0.05411597617839057,0.0,0.0,796.5853431772412,0.5332707365375859,0.0,0.10848778869849571,0.6764029734786826,0.2958706329258602,4.933789896149648,0.10848778869849571,0.34444444444444444,0.0,0.0,0.0,0.05288515072571708
2024-07-02,62029.015625,51.0,11.035357548503827,741,0.0,0.0,0.0,,,0,0.07078880869029522,0.07995039777777384,0.14293817692577893,0.2191780821917808,60.104868332535375,0.0,0.05411597617839057,0.0,0.0,801.1048683325354,0.5128192319062926,0.0,0.08876273620786011,0.6466604750109753,0.2420759723938856,4.036737187758803,0.08876273620786011,0.3055555555555556,0.0,0.0,0.0,0.0432696687755867
2024-07-03,60173.921875,50.0,11.00499434599721,742,0.0,0.0,0.0,,,0,0.05791811620115063,0.06541396181817859,0.1169494174847282,0.2054794520547945,63.193962520658715,0.0,0.05411597617839057,0.0,0.0,805.1939625206587,0.4955162457757269,0.0,0.07262405689734008,0.619179706059112,0.19806215923136092,3.3027849718026565,0.07262405689734008,0.2777777777777778,0.0,0.0,0.0,0.03540245627093457
2024-07-04,56977.703125,44.0,10.950415297042861,743,0.0,0.0,0.0,,,0,0.04738754961912324,0.05352051421487339,0.09568588703295942,0.1917808219178082,65.89361916705604,0.0,0.05411597617839057,0.0,0.0,808.893619167056,0.4808733620614051,0.0,0.059419682916005516,0.5940330980595289,0.16205085755293164,2.7022786132930823,0.059419682916005516,0.25555555555555554,0.0,0.0,0.0,0.028965646039855557
2024-07-05,56662.375,29.0,10.944865689202109,744,0.0,0.0,0.0,,,0,0.038771631506555375,0.04378951163035095,0.0782884530269668,0.18082191780821918,68.24092756141556,0.0,0.05411597617839057,0.0,0.0,812.2409275614156,0.46849374502492946,0.0,0.04861610420400451,0.5712077611441472,0.13258706527058042,2.2109552290579764,0.04861610420400451,0.2388888888888889,0.0,0.0,0.0,0.0236991649417
2024-07-06,58303.5390625,26.0,10.973418074827197,745,0.0,0.0,0.0,,,0,0.03172224395990894,0.03582778224301441,0.06405418884024555,0.16986301369863013,70.26944468012175,0.0,0.0,0.0,0.0,815.2694446801218,0.45805243819015445,0.0,0.03977681253054914,0.550634066061603,0.10848032613047488,1.8089633692292533,0.03977681253054914,0.2222222222222222,0.0,0.0,0.0,0.019390225861390907
2024-07-07,55849.109375,29.0,10.930408857637877,746,0.0,0.0,0.0,,,0,0.025954563239925496,0.029313640017011786,0.05240797268747363,0.1589041095890411,72.00953159704636,0.0,0.0,0.0,0.0,818.0095315970464,0.4492813797189375,0.0,0.03254466479772202,0.532206304908391,0.08875663047038854,1.480060938460298,0.03254466479772202,0.2111111111111111,0.0,0.0,0.0,0.01586473025022892
2024-07-08,56705.09765625,28.0,10.945619391428531,747,0.0,0.0,0.0,,,0,0.021235551741757223,0.023983887286646004,0.04287925038066024,0.1506849315068493,73.48865785521627,0.0,0.0,0.0,0.0,820.4886578552163,0.4419579033031679,0.0,0.026627453016318015,0.5157975046165323,0.07261906129395425,1.2109589496493347,0.026627453016318015,0.2,0.0,0.0,0.0,0.01298023384109639
2024-07-09,58009.2265625,27.0,10.96835735554068,748,0.0,0.0,0.0,,,0,0.017374542334165,0.01962318050725582,0.03508302303872201,0.14246575342465753,74.73167685070337,0.0,0.0,0.0,0.0,822.7316768507034,0.4358958392366539,0.0,0.021786097922442012,0.501269929092918,0.05941559560414438,0.9907845951676374,0.021786097922442012,0.18888888888888888,0.0,0.0,0.0,0.010620191324533408
2024-07-10,57742.49609375,28.0,10.963748682170834,749,0.0,0.0,0.0,,,0,0.014215534637044091,0.01605532950593658,0.028704291577136186,0.13424657534246576,75.76107498947738,0.0,0.0,0.0,0.0,824.7610749894774,0.4309385725570295,0.0,0.017824989209270736,0.48848240972275647,0.04861276003975449,0.8106419415007942,0.017824989209270736,0.17777777777777778,0.0,0.0,0.0,0.008689247447345515
2024-07-11,57344.9140625,29.0,10.956839436192565,750,0.0,0.0,0.0,,,0,0.011630891975763346,0.013136178686675383,0.023485329472202332,0.12602739726027398,76.59719711503476,0.0,0.0,0.0,0.0,826.5971971150348,0.42695358668696726,0.0,0.014584082080312418,0.4772953509889766,0.03977407639616276,0.6632524975915588,0.014584082080312418,0.16666666666666666,0.0,0.0,0.0,0.007109384275100876
2024-07-12,57899.46484375,25.0,10.966463420750669,751,0.0,0.0,0.0,,,0,0.009516184343806373,0.010747782561825313,0.019215269568165542,0.1178082191780822,77.25845046672953,0.0,0.0,0.0,0.0,828.2584504667295,0.42382814368698185,0.0,0.011932430792982887,0.46757404057043206,0.032542426142314985,0.5426611343930935,0.011932430792982887,0.15555555555555556,0.0,0.0,0.0,0.005816768952355261
2024-07-13,59231.953125,25.0,10.989216423993252,752,0.0,0.0,0.0,,,0,0.00778596900856885,0.008793640277857074,0.015721584192135443,0.1095890410958904,77.76148921350102,0.0,0.0,0.0,0.0,829.761489213501,0.42146584080021543,0.0,0.009762897921531451,0.45919073152130174,0.026625621389166805,0.4439954735943492,0.009762897921531451,0.14444444444444443,0.0,0.0,0.0,0.004759174597381577
2024-07-14,60787.79296875,33.0,11.015144274256256,753,0.0,0.0,0.0,,,0,0.006370338279738149,0.007194796590973969,0.012863114339019908,0.10136986301369863,78.121381412961,0.0,0.0,0.0,0.0,831.121381412961,0.4197838474825791,0.0,0.007987825572162096,0.4520258435142612,0.021784599318409203,0.36326902384992205,0.007987825572162096,0.13333333333333333,0.0,0.0,0.0,0.003893870125130381
2024-07-15,64870.15234375,52.0,11.080142894651237,754,0.0,0.0,0.0,,,0,0.0052120949561493945,0.005886651756251429,0.010524366277379923,0.09315068493150686,78.35176006961524,0.0,0.0,0.0,0.0,832.3517600696152,0.4187106745041923,0.0,0.006535493649950806,0.445968540057885,0.01782376307869844,0.2972201104226635,0.006535493649950806,0.11666666666666667,0.0,0.0,0.0,0.003185893738743039
2024-07-16,65097.1484375,65.0,11.083636024433911,755,0.0,0.0,0.0,,,0,0.004264441327758595,0.004816351436932987,0.008610845136038119,0.08493150684931507,78.46495980658813,0.0,0.0,0.0,0.0,833.4649598065881,0.41818436180699814,0.0,0.005347222077232477,0.44091687128499646,0.01458307888257145,0.24318009034581556,0.005347222077232477,0.10555555555555556,0.0,0.0,0.0,0.0026066403316988497
2024-07-17,64118.79296875,69.0,11.068492781979087,756,0.0,0.0,0.0,,,0,0.003489088359075214,0.0039406511756724435,0.007045236929485733,0.07671232876712329,78.47214052099218,0.0,0.0,0.0,0.0,834.4721405209922,0.41815099799943367,0.0,0.004374999881372027,0.4367776215967123,0.011931609994831185,0.19896552846475818,0.004374999881372027,0.09444444444444444,0.0,0.0,0.0,0.0021327057259354224
2024-07-18,63974.06640625,61.0,11.066233067818734,757,0.0,0.0,0.0,,,0,0.0028547086574251747,0.0032241691437319988,0.0057642847604883266,0.0684931506849315,78.38339926259584,0.0,0.0,0.0,0.0,835.3833992625958,0.4185635040650778,0.0,0.0035795453574862033,0.43346596386368785,0.009762226359407333,0.16278997783480215,0.0035795453574862033,0.08333333333333333,0.0,0.0,0.0,0.0017449410484926182
2024-07-19,66710.15625,60.0,11.10811248792837,758,0.0,0.0,0.0,,,0,0.0023356707197115063,0.0026379565721443626,0.004716232985854085,0.06027397260273973,78.20787145738007,0.0,0.0,0.0,0.0,836.2078714573801,0.41938062877568594,0.0,0.002928718928852348,0.43090499384768743,0.007987276112242363,0.1331918000466563,0.002928718928852348,0.07777777777777778,0.0,0.0,0.0,0.0014276790396757783
2024-07-20,67163.6484375,74.0,11.114887434276701,759,0.0,0.0,0.0,,,0,0.001911003316127596,0.002158328104481751,0.00385873607933516,0.052054794520547946,77.95382249075624,0.0,0.0,0.0,0.0,836.9538224907562,0.42056611466736,0.0,0.002396224578151921,0.4290251976330824,0.00653504409183466,0.10897510912908241,0.002396224578151921,0.07222222222222222,0.0,0.0,0.0,0.0011681010324620005
2024-07-21,68154.5234375,74.0,11.129532809646845,760,0.0,0.0,0.0,,,0,0.0015635481677407602,0.0017659048127577962,0.0031571477012742218,0.04657534246575343,77.62873056857279,0.0,0.0,0.0,0.0,837.6287305685728,0.42208800216026515,0.0,0.0019605473821242988,0.4277638893652974,0.00534685425695563,0.0891614529237947,0.0019605473821242988,0.06666666666666667,0.0,0.0,0.0,0.0009557190265598185
2024-07-22,67585.25,70.0,11.121145042956734,761,0.0,0.0,0.0,,,0,0.0012792666826969856,0.0014448312104381968,0.0025831208464970903,0.0410958904109589,77.23936168659736,0.0,0.0,0.0,0.0,838.2393616865974,0.42391804613456363,0.0,0.0016040842217380626,0.4270646451415276,0.004374698937509152,0.07295027966492293,0.0016040842217380626,0.06111111111111111,0.0,0.0,0.0,0.0007819519308216697
2024-07-23,65927.671875,71.0,11.096313539410449,762,0.0,0.0,0.0,,,0,0.0010466727403884426,0.001182134626722161,0.0021134625107703466,0.03561643835616438,76.7918374600481,0.0,0.0,0.0,0.0,838.7918374600481,0.4260312245023521,0.0,0.0013124325450584147,0.4268767504798593,0.0035792991306893055,0.059686592453118754,0.0013124325450584147,0.05555555555555555,0.0,0.0,0.0,0.0006397788524904569
2024-07-24,65372.1328125,69.0,11.087851342852872,763,0.0,0.0,0.0,,,0,0.0008563686057723621,0.0009672010582272225,0.0017291965997211925,0.030136986301369864,76.2916964931702,0.0,0.0,0.0,0.0,839.2916964931702,0.42840532239659196,0.0,0.0010738084459568848,0.42715467264653795,0.002928517470563977,0.04883448473436989,0.0010738084459568848,0.05,0.0,0.0,0.0,0.0005234554247649192
2024-07-25,65777.2265625,68.0,11.094028956532817,764,0.0,0.0,0.0,,,0,0.0007006652229046598,0.0007913463203677274,0.0014147972179537028,0.024657534246575342,75.74394990409019,0.0,0.0,0.0,0.0,839.7439499040902,0.43102057880160033,0.0,0.0008785705466919965,0.4278575646747311,0.0023960597486432536,0.039955487509939,0.0008785705466919965,0.044444444444444446,0.0,0.0,0.0,0.00042828171117129755
2024-07-26,67912.0625,68.0,11.125968948726015,765,0.0,0.0,0.0,,,0,0.0005732715460129035,0.0006474651712099587,0.0011575613601439386,0.019178082191780823,75.15313156158925,0.0,0.0,0.0,0.0,840.1531315615892,0.43385938497718274,0.0,0.0007188304472934517,0.4289488047297223,0.0019604125216172072,0.03269085341722282,0.0007188304472934517,0.03888888888888889,0.0,0.0,0.0,0.00035041230914015253
2024-07-27,67813.3359375,72.0,11.124514149829876,766,0.0,0.0,0.0,,,0,0.0004690403558287392,0.0005297442309899662,0.0009470956582995861,0.0136986301369863,74.52334353742174,0.0,0.0,0.0,0.0,840.5233435374217,0.4369060260324074,0.0,0.0005881340023310059,0.43039557223930136,0.0016039738813231695,0.026747061886818666,0.0005881340023310059,0.03333333333333333,0.0,0.0,0.0,0.00028670098020557933
2024-07-28,68255.8671875,71.0,11.131018675469548,767,0.0,0.0,0.0,,,0,0.00038376029113260476,0.0004334270980826995,0.0007748964476996613,0.00821917808219178,73.85829722984158,0.0,0.0,0.0,0.0,840.8582972298416,0.4401464586012306,0.0,0.00048120054736173204,0.43216846066874304,0.0013123422665371385,0.021883959725578907,0.00048120054736173204,0.027777777777777776,0.0,0.0,0.0,0.00023457352925911035
2024-07-29,66819.9140625,74.0,11.109756429805461,768,0.5495427473294815,0.4906146419137724,0.8357832229305365,784.144740201318,16.144740201317973,15,0.10023084884355968,0.08955728433729901,0.1525945921718518,0.0027397260273972603,67.45700608426785,0.0,0.0,0.6071300973255744,0.9051482536448665,835.4570060842678,0.4725922609567583,0.43748046305264104,0.07993561191195797,0.4395182425392912,0.1656461443353243,2.745177785230019,0.07993561191195797,0.3888888888888889,0.4906146419137724,0.1,0.2596834684140266,0.04740709987194411
2024-07-30,66201.015625,67.0,11.100451083574788,769,0.75142176797358,0.8290210944601056,0.8318820692536486,785.5658132703729,16.565813270372928,15,0.21862919777629064,0.22400524981417297,0.27610140618672396,0.0027397260273972603,61.70546391151595,0.0,0.0,0.8301643017569131,0.9051482536448665,830.705463911516,0.5037796717678339,0.6148303850443138,0.17718920702693175,0.4512021387626626,0.3001010733006956,4.973327278824561,0.17718920702693175,0.5277777777777778,0.8290210944601056,0.1,0.35574544561590016,0.10346861727993611
2024-07-31,64619.25,61.0,11.0762676329973,770,0.0,0.0,0.0,,,0,0.1788784345442378,0.18327702257523243,0.2259011505164105,0.0027397260273972603,56.40644956474034,0.0,0.0,0.0,0.0,826.4064495647403,0.5343317765787201,0.0,0.1449729875674896,0.46631661836558214,0.24553724179147818,4.069085955401913,0.1449729875674896,0.48333333333333334,0.0,0.0,0.0,0.08465614141085681
2024-08-01,65357.5,52.0,11.087627479108344,771,0.0,0.0,0.0,,,0,0.14635508280892182,0.1499539275615538,0.1848282140588813,0.0027397260273972603,51.51686515575295,0.0,0.0,0.0,0.0,822.516865155753,0.5641643818087713,0.0,0.11861426255521876,0.48410712080979834,0.20089410692030032,3.329252145328838,0.11861426255521876,0.4444444444444444,0.0,0.0,0.0,0.06926411569979193
2024-08-02,61415.06640625,57.0,11.025410465243473,772,0.0,0.0,0.0,,,0,0.1197450677527542,0.12268957709581672,0.15122308422999378,0.0027397260273972603,46.99771735714535,0.0,0.0,0.0,0.0,818.9977173571453,0.5932159034273691,0.0,0.09704803299972443,0.5039450812857202,0.16436790566206388,2.7239335734508674,0.09704803299972443,0.4,0.0,0.0,0.0,0.05667064011801158
2024-08-03,60680.09375,37.0,11.013370978451388,773,0.500489097454025,0.3573185413418801,0.840012556028932,788.6904595642702,15.690459564270213,30,0.18897125497116707,0.16534938877691915,0.27645753364798253,0.3315068493150685,43.111311853062034,0.0,0.0,0.5029764398387992,0.9950547536867305,816.111311853062,0.6193934562580863,0.4430645013077685,0.15996011814664152,0.5249356949170595,0.31540187803018505,7.683218378277983,0.15996011814664152,0.5055555555555555,0.3573185413418801,0.2,0.2832991879917325,0.09787583064050628
2024-08-04,58116.9765625,34.0,10.970213095727178,774,0.0,0.0,0.8587994693711154,787.6997847765163,13.699784776516253,15,0.1546128449764094,0.13528586354475203,0.38233788559764303,0.3178082191780822,39.4054521314863,0.0,0.0,0.0,0.9051482536448665,813.4054521314863,0.6454301036732926,0.0,0.1308764603017976,0.5468437692363746,0.4226284917783089,9.013542309500167,0.1308764603017976,0.46111111111111114,0.0,0.1,0.0,0.08008022506950513
2024-08-05,53991.45703125,26.0,10.896581109905977,775,0.0,0.0,0.8283288949895548,791.9510488565838,16.95104885658384,15,0.1265014186170622,0.11068843380934255,0.46342716003253603,0.3041095890410959,36.36217562911463,0.0,0.0,0.0,0.9051482536448665,811.3621756291146,0.6676279820641299,0.0,0.1070807402469253,0.5688045352050572,0.5103593575722285,10.101989162318318,0.1070807402469253,0.4111111111111111,0.0,0.1,0.0,0.06552018414777692
2024-08-06,56034.31640625,17.0,10.933719575005094,776,0.0,0.0,0.0,,,0,0.10350116068668726,0.09056326402582572,0.3791676763902567,0.29041095890410956,33.51349688887353,0.0,0.0,0.0,0.0,809.5134968888735,0.6890977211258287,0.0,0.08761151474748433,0.5906760235542884,0.41756674710455055,8.265263860078624,0.08761151474748433,0.36666666666666664,0.0,0.0,0.0,0.05360742339363566
2024-08-07,55027.4609375,29.0,10.91558762938367,777,0.0,0.0,0.0,,,0,0.0846827678345623,0.07409721602113013,0.3102280988647555,0.27671232876712326,30.84088279056016,0.0,0.0,0.0,0.0,807.8408827905602,0.7098678340850512,0.0,0.0716821484297599,0.6123472618326089,0.3416455203582686,6.762488612791601,0.0716821484297599,0.3277777777777778,0.0,0.0,0.0,0.04386061914024735
2024-08-08,61710.13671875,20.0,11.030203486816628,778,0.0,0.0,0.0,,,0,0.06928590095555097,0.0606249949263792,0.2538229899802545,0.26301369863013696,28.327565273038545,0.0,0.0,0.0,0.0,806.3275652730385,0.7299708148795335,0.0,0.05864903053343991,0.6337333623865952,0.27952815302040157,5.532945228647673,0.05864903053343991,0.3055555555555556,0.0,0.0,0.0,0.03588596111474783
2024-08-09,60880.11328125,48.0,11.016661853263962,779,0.0,0.0,0.0,,,0,0.05668846441817806,0.04960226857612843,0.20767335543839002,0.2493150684931507,25.958373233376165,0.0,0.0,0.0,0.0,804.9583732333762,0.7494419850841553,0.0,0.04798557043645083,0.6547712937861515,0.22870485247123762,4.526955187075369,0.04798557043645083,0.28888888888888886,0.0,0.0,0.0,0.029361240912066405
2024-08-10,60945.8125,40.0,11.01774042869358,780,0.0,0.0,0.0,,,0,0.04638147088760023,0.04058367428955962,0.1699145635405009,0.2356164383561644,23.71958043558641,0.0,0.0,0.0,0.0,803.7195804355864,0.7683185188498906,0.0,0.03926092126618704,0.6754162437977403,0.18712215202192167,3.7038724257889375,0.03926092126618704,0.2722222222222222,0.0,0.0,0.0,0.024022833473508875
2024-08-11,58719.484375,39.0,10.980526882170142,781,0.0,0.0,0.0,,,0,0.03794847618076382,0.03320482441873059,0.1390210065331371,0.22465753424657534,21.59876790425278,0.0,0.0,0.0,0.0,802.5987679042528,0.786638630038514,0.0,0.03212257194506212,0.6956384958415174,0.15309994256339046,3.030441075645494,0.03212257194506212,0.2611111111111111,0.0,0.0,0.0,0.019655045569234534
2024-08-12,59354.515625,25.0,10.99128348181075,782,0.0,0.0,0.0,,,0,0.03104875323880676,0.02716758361532503,0.11374445989074852,0.2136986301369863,19.584699423522352,0.0,0.0,0.0,0.0,801.5846994235224,0.8044409045476482,0.0,0.02628210431868719,0.7154207519699047,0.12526358937004672,2.4794517891644947,0.02628210431868719,0.25,0.0,0.0,0.0,0.0160814009202828
2024-08-13,60609.56640625,31.0,11.012208021087867,783,0.0,0.0,0.0,,,0,0.02540352537720553,0.022228022957993206,0.09306364900152152,0.20273972602739726,17.667208893337715,0.0,0.0,0.0,0.0,800.6672088933377,0.8217637606482572,0.0,0.0215035398971077,0.7347558444568778,0.10248839130276549,2.0286423729527683,0.0215035398971077,0.2388888888888889,0.0,0.0,0.0,0.013157509843867744
2024-08-14,58737.26953125,30.0,10.980829719696201,784,0.0,0.0,0.0,,,0,0.020784702581349977,0.018186564238358075,0.07614298554669942,0.1917808219178082,15.8370984136468,0.0,0.0,0.0,0.0,799.8370984136468,0.838645020689534,0.0,0.017593805370360843,0.753644785590088,0.0838541383386263,1.659798305143174,0.017593805370360843,0.22777777777777777,0.0,0.0,0.0,0.010765235326800881
2024-08-15,57560.09765625,29.0,10.960584857599066,785,0.0,0.0,0.0,,,0,0.017005665748377252,0.014879916195020243,0.06229880635639043,0.18082191780821918,14.086046074878823,0.0,0.0,0.0,0.0,799.0860460748788,0.8551215785206856,0.0,0.01439493166665887,0.7720951115774692,0.06860793136796697,1.3580167951171422,0.01439493166665887,0.21666666666666667,0.0,0.0,0.0,0.008807919812837083
2024-08-16,58894.10546875,27.0,10.983496287700408,786,0.0,0.0,0.0,,,0,0.013913726521399569,0.012174476886834743,0.05097175065522853,0.16986301369863013,12.40652253027929,0.0,0.0,0.0,0.0,798.4065225302793,0.8712291482494828,0.0,0.011777671363629984,0.7901194818814716,0.05613376202833661,1.111104650550389,0.011777671363629984,0.20555555555555555,0.0,0.0,0.0,0.0072064798468667035
2024-08-17,59478.97265625,25.0,10.993378128337671,787,0.0,0.0,0.0,,,0,0.011383958062963283,0.00996093563468297,0.041704159627005154,0.1589041095890411,10.79171551373679,0.0,0.0,0.0,0.0,797.7917155137368,0.8870020813656169,0.0,0.009636276570242713,0.807734499969498,0.04592762347772995,0.9090856231775909,0.009636276570242713,0.19444444444444445,0.0,0.0,0.0,0.00589621078380003
2024-08-18,58483.96484375,31.0,10.976507890411199,788,0.0,0.0,0.0,,,0,0.009314147506060867,0.008149856428376975,0.03412158514936785,0.14794520547945206,9.23546154638882,0.0,0.0,0.0,0.0,797.2354615463888,0.9024732407038467,0.0,0.007884226284744037,0.8249597255575614,0.037577146481779046,0.7437973280543925,0.007884226284744037,0.18333333333333332,0.0,0.0,0.0,0.004824172459472751
2024-08-19,59493.453125,28.0,10.993621553967206,789,0.0,0.0,0.0,,,0,0.0076206661413225265,0.006668064350490252,0.02791766057675551,0.136986301369863,7.732184147359703,0.0,0.0,0.0,0.0,796.7321841473597,0.9176739211391802,0.0,0.006450730596608757,0.8418168520269466,0.03074493803054649,0.608561450226321,0.006450730596608757,0.17222222222222222,0.0,0.0,0.0,0.003947050194114069
2024-08-20,59012.79296875,30.0,10.985509529362448,790,0.0,0.0,0.0,,,0,0.006235090479263885,0.005455689014037478,0.022841722290072686,0.12602739726027398,6.276837929190492,0.0,0.0,0.0,0.0,796.2768379291905,0.9326338082489848,0.0,0.005277870488134437,0.8583290258854989,0.02515494929771985,0.4979139138215353,0.005277870488134437,0.16111111111111112,0.0,0.0,0.0,0.0032294047042751473
2024-08-21,61175.19140625,26.0,11.0214970171372,791,0.0,0.0,0.0,,,0,0.005101437664852269,0.004463745556939755,0.018688681873695833,0.11506849315068493,4.864858017513598,0.0,0.0,0.0,0.0,795.8648580175136,0.9473809674179324,0.0,0.004318257672109993,0.8745202879823049,0.02058132215267988,0.40738411130852886,0.004318257672109993,0.15,0.0,0.0,0.0,0.0026422402125887566
2024-08-22,60381.9140625,39.0,11.008444903031656,792,0.0,0.0,0.0,,,0,0.004173903543970038,0.003652155455677981,0.015290739714842044,0.10410958904109589,3.492114287901245,0.0,0.0,0.0,0.0,795.4921142879012,0.9619418569868731,0.0,0.00353311991354454,0.8904151187104081,0.016839263579465354,0.33331427288879634,0.00353311991354454,0.1388888888888889,0.0,0.0,0.0,0.0021618329012089827
2024-08-23,64094.35546875,34.0,11.068111580821581,793,0.0,0.0,0.0,,,0,0.00341501199052094,0.0029881271910092567,0.012510605221234398,0.09315068493150686,2.154869961109057,0.0,0.0,0.0,0.0,795.1548699611091,0.9763413600512699,0.0,0.0028907344747182598,0.9060380716814739,0.013777579292289835,0.27271167781810607,0.0028907344747182598,0.12777777777777777,0.0,0.0,0.0,0.0017687723737164402
2024-08-24,64178.9921875,56.0,11.069431211634667,794,0.0,0.0,0.0,,,0,0.0027941007195171324,0.0024448313380984825,0.010235949726464506,0.08493150684931507,0.849744141630481,0.0,0.0,0.0,0.0,794.8497441416305,0.9906028304001806,0.0,0.0023651463884058485,0.9214134823576023,0.011272564875509863,0.22312773639663222,0.0023651463884058485,0.11666666666666667,0.0,0.0,0.0,0.0014471773966770875
2024-08-25,64333.54296875,54.0,11.07183643779521,795,0.0,0.0,0.0,,,0,0.0022860824068776536,0.0020003165493533035,0.008374867958016414,0.07671232876712329,-0.4263220759930846,0.0,0.0,0.0,0.0,794.5736779240069,1.0,0.0,0.0019351197723320578,0.9357019401107656,0.00922300762541716,0.18255905705178999,0.0019351197723320578,0.10555555555555556,0.0,0.0,0.0,0.0011840542336448896
2024-08-26,62880.66015625,55.0,11.048993925716076,796,0.0,0.0,0.0,,,0,0.0018704310601726254,0.0016366226312890665,0.00685216469292252,0.0684931506849315,-1.6760962728905042,0.0,0.0,0.0,0.0,794.3239037271095,1.0,0.0,0.001583279813726229,0.9473924964542626,0.007546097148068586,0.1493665012241918,0.001583279813726229,0.09444444444444444,0.0,0.0,0.0,0.0009687716457094551
2024-08-27,59504.1328125,48.0,10.993801048155168,797,0.0,0.0,0.0,,,0,0.0015303526855957844,0.0013390548801455997,0.005606316566936606,0.06027397260273973,-2.9020824510358807,0.0,0.0,0.0,0.0,794.0979175489641,1.0,0.0,0.0012954107566850962,0.9569574970989421,0.006174079484783388,0.122208955547066,0.0012954107566850962,0.08333333333333333,0.0,0.0,0.0,0.0007926313464895541
2024-08-28,59027.625,30.0,10.9857608336459,798,0.0,0.0,0.0,,,0,0.0012521067427601871,0.0010955903564827632,0.004586986282039041,0.052054794520547946,-4.106546136024463,0.0,0.0,0.0,0.0,793.8934538639755,1.0,0.0,0.0010598815281968967,0.9647834067173162,0.005051519578459135,0.09998914544759945,0.0010598815281968967,0.07222222222222222,0.0,0.0,0.0,0.000648516556218726
2024-08-29,59388.1796875,29.0,10.99185049038864,799,0.0,0.0,0.0,,,0,0.001024450971349244,0.0008963921098495335,0.0037529887762137604,0.043835616438356165,-5.291537089109397,0.0,0.0,0.0,0.0,793.7084629108906,1.0,0.0,0.0008671757957974609,0.9711864236778041,0.004133061473284746,0.08180930082076318,0.0008671757957974609,0.06111111111111111,0.0,0.0,0.0,0.0005306044550880486
2024-08-30,59119.4765625,34.0,10.987315701768612,800,0.0,0.0,0.0,,,0,0.0008381871583766541,0.0007334117262405274,0.003070627180538531,0.03561643835616438,-6.45890985618621,0.0,0.0,0.0,0.0,793.5410901438138,1.0,0.0,0.0007095074692888316,0.9764252557363851,0.0033815957508693375,0.06693488248971532,0.0007095074692888316,0.05,0.0,0.0,0.0,0.0004341309177993124
2024-08-31,58969.8984375,29.0,10.984782396719028,801,0.0,0.0,0.0,,,0,0.0006857894932172624,0.0006000641396513405,0.0025123313295315254,0.0273972602739726,-7.610342359731931,0.0,0.0,0.0,0.0,793.3896576402681,1.0,0.0,0.0005805061112363168,0.980711572875224,0.002766760159802185,0.054764903855221626,0.0005805061112363168,0.03888888888888889,0.0,0.0,0.0,0.0003551980236539829
2024-09-01,57325.48828125,26.0,10.956500625461308,802,0.0,0.0,0.0,,,0,0.0005611004944504874,0.0004909615688056422,0.002055543815071248,0.019178082191780823,-8.747352720082858,0.0,0.0,0.0,0.0,793.2526472799171,1.0,0.0,0.0004749595455569864,0.9842185596251833,0.0022637128580199695,0.04480764860881769,0.0004749595455569864,0.027777777777777776,0.0,0.0,0.0,0.00029061656480780415
2024-09-02,59112.48046875,26.0,10.987197356543957,803,0.0,0.0,0.0,,,0,0.00045908222273221693,0.0004016958290227981,0.0016818085759673846,0.0136986301369863,-9.871314474686073,0.0,0.0,0.0,0.0,793.1286855253139,1.0,0.0,0.0003886032645466252,0.9870879124206045,0.0018521287020163385,0.03666080340721447,0.0003886032645466252,0.022222222222222223,0.0,0.0,0.0,0.00023777718938820339
2024-09-03,57431.0234375,26.0,10.958339914307253,804,0.0,0.0,0.0,,,0,0.00037561272768999566,0.0003286602237459257,0.001376025198518769,0.010958904109589041,-10.983470347898447,0.0,0.0,0.0,0.0,793.0165296521016,1.0,0.0,0.0003179481255381479,0.9894355647077673,0.0015153780289224586,0.02999520278772093,0.0003179481255381479,0.016666666666666666,0.0,0.0,0.0,0.00019454497313580276
2024-09-04,57971.5390625,27.0,10.96770746327409,805,0.0,0.0,0.0,,,0,0.0003073195044736328,0.0002689038194284846,0.0011258387987880837,0.00821917808219178,-12.084944709376373,0.0,0.0,0.0,0.0,792.9150552906236,1.0,0.0,0.0002601393754403028,0.9913563711245368,0.001239854750936557,0.02454152955358985,0.0002601393754403028,0.011111111111111112,0.0,0.0,0.0,0.00015917315983838407
2024-09-05,56160.48828125,29.0,10.935968733128599,806,0.0,0.0,0.0,,,0,0.0002514432309329723,0.00022001221589603286,0.0009211408353720685,0.005479452054794521,-13.176754845951564,0.0,0.0,0.0,0.0,792.8232451540484,1.0,0.0,0.00021284130717842955,0.9929279400109845,0.0010144266144026374,0.020079433271118968,0.00021284130717842955,0.005555555555555556,0.0,0.0,0.0,0.00013023258532231423
2024-09-06,53948.75390625,22.0,10.895789873223059,807,0.0,0.0,0.0,,,0,0.00020572627985425006,0.00018000999482402686,0.0007536606834862378,0.0027397260273972603,-14.259821159995795,0.0,0.0,0.0,0.0,792.7401788400042,1.0,0.0,0.00017414288769144234,0.9942137690998964,0.000829985411783976,0.01642862722182461,0.00017414288769144234,0.005555555555555556,0.0,0.0,0.0,0.00010655393344552981
2024-09-07,54139.6875,23.0,10.899322791079229,808,0.0,0.0,0.0,,,0,0.00016832150169893186,0.00014728090485602196,0.0006166314683069219,0.0027397260273972603,-15.334976396512047,0.0,0.0,0.0,0.0,792.665023603488,1.0,0.0,0.00014248054447481645,0.9952658110817334,0.0006790789732777986,0.013441604090583769,0.00014248054447481645,0.005555555555555556,0.0,0.0,0.0,8.718049100088802e-05
2024-09-08,54841.56640625,29.0,10.912203696474931,809,0.0,0.0,0.0,,,0,0.00013771759229912607,0.00012050255851856342,0.0005045166558874815,0.0027397260273972603,-16.40297399145527,0.0,0.0,0.0,0.0,792.5970260085447,1.0,0.0,0.00011657499093394072,0.9961265727032365,0.0005556100690454715,0.010997676074113992,0.00011657499093394072,0.005555555555555556,0.0,0.0,0.0,7.13294926370902e-05
2024-09-09,57019.53515625,26.0,10.951149210140377,810,0.0,0.0,0.0,,,0,0.00011267803006292132,9.859300242427916e-05,0.00041278635481703025,0.0027397260273972603,-17.46449562497537,0.0,0.0,0.0,0.0,792.5355043750246,1.0,0.0,9.537953803686058e-05,0.996830832211739,0.00045459005649174937,0.008998098606093265,9.537953803686058e-05,0.005555555555555556,0.0,0.0,0.0,5.836049397580107e-05
2024-09-10,57648.7109375,33.0,10.962123165299772,811,0.0,0.0,0.0,,,0,9.219111550602652e-05,8.066700198350112e-05,0.0003377342903048429,0.0027397260273972603,-18.520158055303114,0.0,0.0,0.0,0.0,792.4798419446969,1.0,0.0,7.803780384834047e-05,0.9974070445368772,0.0003719373189477949,0.007362080677712671,7.803780384834047e-05,0.005555555555555556,0.0,0.0,0.0,4.774949507110996e-05
2024-09-11,57343.171875,37.0,10.956809054876391,812,0.0,0.0,0.0,,,0,7.542909450493079e-05,6.600027435013727e-05,0.00027632805570396233,0.0027397260273972603,-19.570519301790114,0.0,0.0,0.0,0.0,792.4294806982099,1.0,0.0,6.384911223955129e-05,0.9978784909847176,0.0003043123518663776,0.006023520554492185,6.384911223955129e-05,0.005555555555555556,0.0,0.0,0.0,3.906776869454451e-05
2024-09-12,58127.01171875,31.0,10.970385752505791,813,0.0,0.0,0.0,,,0,6.171471368585245e-05,5.400022446829413e-05,0.0002260865910305146,0.0027397260273972603,-20.616084239087854,0.0,0.0,0.0,0.0,792.3839157609121,1.0,0.0,5.224018274145105e-05,0.998264219896587,0.00024898283334521805,0.004928334999129969,5.224018274145105e-05,0.005555555555555556,0.0,0.0,0.0,3.196453802280914e-05
2024-09-13,60571.30078125,32.0,11.011576475413042,814,0.0,0.0,0.0,,,0,5.0493856652061095e-05,4.4182001837695196e-05,0.00018497993811587558,0.0027397260273972603,-21.657309658547774,0.0,0.0,0.0,0.0,792.3426903414522,1.0,0.0,4.274196769755086e-05,0.9985798162790256,0.0002037132272824511,0.004032274090197247,4.274196769755086e-05,0.005555555555555556,0.0,0.0,0.0,2.615280383684384e-05
2024-09-14,60005.12109375,50.0,11.0021851891245,815,0.0,0.0,0.0,,,0,4.1313155442595436e-05,3.6148910594477886e-05,0.00015134722209480728,0.0027397260273972603,-22.694608847582913,0.0,0.0,0.0,0.0,792.3053911524171,1.0,0.0,3.4970700843450696e-05,0.9988380315010208,0.0001666744586856418,0.00329913334652502,3.4970700843450696e-05,0.005555555555555556,0.0,0.0,0.0,2.1397748593781322e-05
2024-09-15,59182.8359375,51.0,10.988386845345081,816,0.0,0.0,0.0,,,0,3.380167263485081e-05,2.9576381395481904e-05,0.00012382954535029685,0.0027397260273972603,-23.728355732900354,0.0,0.0,0.0,0.0,792.2716442670996,1.0,0.0,2.8612391599186932e-05,0.9990492985008352,0.00013637001165188873,0.0026992909198841073,2.8612391599186932e-05,0.005555555555555556,0.0,0.0,0.0,1.7507248849457446e-05
2024-09-16,58192.5078125,39.0,10.9715118936889,817,0.0,0.0,0.0,,,0,2.7655913973968843e-05,2.4198857505394282e-05,0.00010131508255933377,0.0027397260273972603,-24.75888862913996,0.0,0.0,0.0,0.0,792.24111137086,1.0,0.0,2.3410138581152943e-05,0.9992221533188652,0.00011157546407881805,0.002208510752632451,2.3410138581152943e-05,0.005555555555555556,0.0,0.0,0.0,1.4324112695010637e-05
2024-09-17,60308.5390625,33.0,11.00722898234961,818,0.0,0.0,0.0,,,0,2.262756597870178e-05,1.9799065231686228e-05,8.289415845763672e-05,0.0027397260273972603,-25.7865136304996,0.0,0.0,0.0,0.0,792.2134863695004,1.0,0.0,1.9153749748216044e-05,0.9993635799881624,9.128901606448748e-05,0.0018069633430629144,1.9153749748216044e-05,0.005555555555555556,0.0,0.0,0.0,1.1719728568645065e-05
2024-09-18,61649.6796875,45.0,11.029223312918003,819,0.0,0.0,0.0,,,0,1.8513463073483273e-05,1.619923518956146e-05,6.782249328352095e-05,0.0027397260273972603,-26.81150767934878,0.0,0.0,0.0,0.0,792.1884923206512,1.0,0.0,1.5671249793994943e-05,0.9994792927175873,7.469101314367157e-05,0.0014784245534151116,1.5671249793994943e-05,0.005555555555555556,0.0,0.0,0.0,9.588868828891416e-06
2024-09-19,62940.45703125,49.0,11.04994443197192,820,0.0,0.0,0.0,,,0,1.5147378878304495e-05,1.3253919700550284e-05,5.549113086833532e-05,0.0027397260273972603,-27.834121342593335,0.0,0.0,0.0,0.0,792.1658786574067,1.0,0.0,1.2821931649632225e-05,0.999573966768935,6.111082893573128e-05,0.0012096200891578185,1.2821931649632225e-05,0.005555555555555556,0.0,0.0,0.0,7.84543813272934e-06
2024-09-20,63192.9765625,54.0,11.053948443619324,821,0.0,0.0,0.0,,,0,1.2393309991340041e-05,1.0844116118632049e-05,4.5401834346819805e-05,0.0027397260273972603,-28.854581323624075,0.0,0.0,0.0,0.0,792.1454186763759,1.0,0.0,1.0490671349699092e-05,0.9996514273564012,4.999976912923468e-05,0.000989689163856397,1.0490671349699092e-05,0.005555555555555556,0.0,0.0,0.0,6.418994835869459e-06
2024-09-21,63394.83984375,54.0,11.057137746635803,822,0.0,0.0,0.0,,,0,1.0139980902005487e-05,8.87245864251713e-06,3.7146955374670745e-05,0.0027397260273972603,-29.873092735032856,0.0,0.0,0.0,0.0,792.1269072649671,1.0,0.0,8.58327655884471e-06,0.9997148042006918,4.090890201482837e-05,0.0008097456795188702,8.58327655884471e-06,0.005555555555555556,0.0,0.0,0.0,5.251904865711375e-06
2024-09-22,63648.7109375,52.0,11.061134351423833,823,0.0,0.0,0.0,,,0,8.296348010731762e-06,7.259284343877651e-06,3.039296348836697e-05,0.0027397260273972603,-30.889841154878923,0.0,0.0,0.0,0.0,792.1101588451211,1.0,0.0,7.0226808208729445e-06,0.9997666579823841,3.347091983031412e-05,0.000662519192333621,7.0226808208729445e-06,0.005555555555555556,0.0,0.0,0.0,4.29701307194567e-06
2024-09-23,63329.80078125,50.0,11.056111283780753,824,0.0,0.0,0.0,,,0,6.787921099689623e-06,5.9394144631726235e-06,2.48669701268457e-05,0.0027397260273972603,-31.904994487120575,0.0,0.0,0.0,0.0,792.0950055128794,1.0,0.0,5.745829762532409e-06,0.9998090838037688,2.7385298042984277e-05,0.0005420611573638716,5.745829762532409e-06,0.005555555555555556,0.0,0.0,0.0,3.515737967955548e-06
2024-09-24,64301.96875,54.0,11.07134552795294,825,0.0,0.0,0.0,,,0,5.553753627018782e-06,4.859520924413964e-06,2.034570283105557e-05,0.0027397260273972603,-32.918704644863055,0.0,0.0,0.0,0.0,792.081295355137,1.0,0.0,4.7011334420719704e-06,0.999843795839447,2.2406152944259862e-05,0.00044350458329771314,4.7011334420719704e-06,0.005555555555555556,0.0,0.0,0.0,2.8765128828727207e-06
2024-09-25,63143.14453125,59.0,11.05315956339405,826,0.0,0.0,0.0,,,0,4.543980240288094e-06,3.975971665429607e-06,1.6646484134500013e-05,0.0027397260273972603,-33.93110907329674,0.0,0.0,0.0,0.0,792.0688909267033,1.0,0.0,3.846381907149793e-06,0.9998721965959112,1.833230695439443e-05,0.00036286738633449256,3.846381907149793e-06,0.005555555555555556,0.0,0.0,0.0,2.353510540532226e-06
2024-09-26,65181.01953125,50.0,11.084923594049675,827,0.0,0.0,0.0,,,0,3.7178020147811678e-06,3.2530677262605874e-06,1.3619850655500009e-05,0.0027397260273972603,-34.942332127593886,0.0,0.0,0.0,0.0,792.0576678724061,1.0,0.0,3.147039742213467e-06,0.9998954335784727,1.4999160235413625e-05,0.00029689149791003934,3.147039742213467e-06,0.005555555555555556,0.0,0.0,0.0,1.9255995331627304e-06
2024-09-27,65790.6640625,61.0,11.094233223698353,828,0.033714155374035694,0.1654146214126625,0.9891919346676428,828.9780207081366,0.9780207081365688,1,0.006132888269654947,0.030078047312260124,0.1798642225446532,0.0027397260273972603,-32.426108048000515,0.0,0.0,0.338264610428853,0.09966799462495582,795.5738919519995,1.0,0.03386102163717538,0.006159124239275517,0.9999144456551139,0.018133725608366395,0.18206109304374457,0.006159124239275517,0.37777777777777777,0.1654146214126625,0.006666666666666667,0.0457833780857268,0.008325826051568369
2024-09-28,65887.6484375,64.0,11.095706274054114,829,0.0,0.0,0.0,,,0,0.005017817675172229,0.024609311437303737,0.14716163662744353,0.0027397260273972603,-30.24476245217795,0.0,0.0,0.0,0.0,798.755237547822,1.0,0.0,0.00503928346849815,0.9999300009905476,0.014836684588663412,0.1489590761267001,0.00503928346849815,0.3611111111111111,0.0,0.0,0.0,0.006812039496737756
2024-09-29,65635.3046875,63.0,11.0918690113765,830,0.0,0.0,0.0,,,0,0.004105487188777278,0.020134891175975785,0.12040497542245379,0.0027397260273972603,-28.366402151195643,0.0,0.0,0.0,0.0,801.6335978488044,1.0,0.0,0.004123050110589396,0.9999427280831752,0.012139105572542792,0.12187560774002734,0.004123050110589396,0.34444444444444444,0.0,0.0,0.0,0.005573486860967254
2024-09-30,63329.5,61.0,11.056106534326933,831,0.4342518796637022,0.9016570454894431,0.999797309749549,831.0182439715406,0.018243971540641724,5,0.08231392218421818,0.18041164650569713,0.2802944907546529,0.0027397260273972603,-26.56786442522082,0.0,0.0,0.9397008374206951,0.46211715726000974,804.4321355747792,1.0,0.4342870921087561,0.08233469411025607,0.9999531411589615,0.09395329678844587,1.0088073154236588,0.08233469411025607,0.6277777777777778,0.9016570454894431,0.03333333333333333,0.24108840650596397,0.04839438134187575
2024-10-01,60837.0078125,50.0,11.015953563909683,832,0.0,0.0,0.0,,,0,0.06734775451436033,0.14760952895920673,0.22933185607198872,0.0027397260273972603,-25.03585410171968,0.0,0.0,0.0,0.0,806.9641458982803,1.0,0.0,0.06736474972657314,0.9999616609482411,0.07687087919054661,0.825387803528448,0.06736474972657314,0.5944444444444444,0.0,0.0,0.0,0.03959540291608016
2024-10-02,60632.78515625,42.0,11.012591034943744,833,0.0,0.0,0.0,,,0,0.05510270823902208,0.1207714327848055,0.18763515496799077,0.0027397260273972603,-23.744987618552045,0.0,0.0,0.0,0.0,809.255012381448,1.0,0.0,0.05511661341265074,0.9999686316849246,0.0628943557013563,0.6753172937960028,0.05511661341265074,0.5777777777777777,0.0,0.0,0.0,0.03239623874952013
2024-10-03,60759.40234375,37.0,11.01467712031752,834,0.0,0.0,0.0,,,0,0.04508403401374533,0.0988129904602954,0.1535196722465379,0.0027397260273972603,-22.672298895686026,0.0,0.0,0.0,0.0,811.327701104314,1.0,0.0,0.04509541097398697,0.9999743350149382,0.0514590183011097,0.5525323312876386,0.04509541097398697,0.5611111111111111,0.0,0.0,0.0,0.026506013522334646
2024-10-04,62067.4765625,41.0,11.035977403876908,835,0.0,0.0,0.0,,,0,0.036886936920337086,0.08084699219478714,0.12560700456534918,0.0027397260273972603,-21.79700909880728,0.0,0.0,0.0,0.0,813.2029909011927,1.0,0.0,0.036896245342352973,0.9999790013758585,0.04210283315545339,0.4520719074171588,0.036896245342352973,0.5444444444444444,0.0,0.0,0.0,0.021686738336455617
2024-10-05,62089.94921875,49.0,11.036339406493408,836,0.0,0.0,0.0,,,0,0.03018022111663943,0.0661475390684622,0.10276936737164932,0.0027397260273972603,-21.100318330202754,0.0,0.0,0.0,0.0,814.8996816697972,1.0,0.0,0.030187837098288796,0.9999828193075204,0.03444777258173459,0.36987701515949356,0.030187837098288796,0.5277777777777778,0.0,0.0,0.0,0.017743695002554596
2024-10-06,62818.953125,50.0,11.048012108276925,837,0.0,0.0,0.8156225167960355,855.3423269715275,18.34232697152754,12,0.02469290818634135,0.05412071378328725,0.2323790309033559,0.0027397260273972603,-18.248637825275978,0.0,0.0,0.0,0.8336546070121552,818.751362174724,1.0,0.0,0.02469913944405447,0.9999859430697893,0.17975810611453835,2.48444483058504,0.02469913944405447,0.5111111111111111,0.0,0.08,0.0,0.014517568638453758
2024-10-07,62236.66015625,50.0,11.038699496683854,838,0.0,0.0,0.0,,,0,0.020203288516097467,0.044280584004507746,0.19012829801183664,0.0027397260273972603,-15.763784035104209,0.0,0.0,0.0,0.0,822.2362159648958,1.0,0.0,0.020208386817862745,0.9999884988752821,0.14707481409371317,2.0327275886604874,0.020208386817862745,0.49444444444444446,0.0,0.0,0.0,0.011878010704189437
2024-10-08,62131.96875,49.0,11.037015930146234,839,0.0,0.0,0.8040703311896812,858.626168332245,19.626168332245015,15,0.01652996333135247,0.03622956873096088,0.3017541222259902,0.0027397260273972603,-13.298074285832854,0.0,0.0,0.0,0.9051482536448665,825.7019257141671,1.0,0.0,0.016534134669160427,0.999990589988867,0.28490634855755925,4.390413481631308,0.016534134669160427,0.4777777777777778,0.0,0.1,0.0,0.009718372394336811
2024-10-09,60582.1015625,49.0,11.01175477467777,840,0.4807773172923032,0.3619879224445705,0.747124666624011,866.2370896244654,26.237089624465398,29,0.10093857314243443,0.09545836031525354,0.38273058484381217,0.46301369863013697,-10.4375824848521,0.699845528961198,0.0699845528961198,0.48369731704829566,0.9939631673505832,829.5624175151479,1.0,0.5402400038079934,0.11175338360349371,0.999992300899982,0.41382577015629085,8.864883757698342,0.11175338360349371,0.7444444444444445,0.3619879224445705,0.19333333333333333,0.28166905970943135,0.059163951906172185
2024-10-10,60274.5,39.0,11.006664407701818,841,0.5321231604168561,0.47067567525458615,0.6515948132636681,879.5499126057794,38.549912605779355,28,0.1793357708286929,0.16367969030422308,0.4316149900110587,0.5178082191780822,-6.676868666696691,0.739101308178558,0.1438946837139756,0.5360732049986049,0.992631520201128,834.3231313333033,1.0,0.6315694500097941,0.20626539567736651,0.9999937007363489,0.5190631792553522,12.343995801753188,0.20626539567736651,0.8666666666666667,0.47067567525458615,0.18666666666666668,0.32513203441958943,0.10752178509042987
2024-10-11,62445.08984375,32.0,11.042042887062264,842,0.35768108696500694,0.24852206374318134,0.8959279843791063,851.8905719432876,9.890571943287569,13,0.21176219194438634,0.17910557638403368,0.5160355344416128,0.5041095890410959,-6.00377908479345,0.0,0.1438946837139756,0.41507656269797527,0.8617231593133063,835.9962209152065,1.0,0.3737547629782823,0.23671800791389663,0.9999948460570127,0.5813649938113438,12.463269292343517,0.23671800791389663,0.8888888888888888,0.24852206374318134,0.08666666666666667,0.16306464454990105,0.11762048681033371
2024-10-12,63193.0234375,49.0,11.053949185394522,843,0.4000415692925434,0.2662167390415936,0.9035929640509015,852.1238652894173,9.123865289417267,16,0.2459948060076876,0.1949439695944991,0.5865005216433016,0.4904109589041096,-5.467812953916223,0.0,0.1438946837139756,0.43404059667649064,0.9216685544064713,837.5321870460838,1.0,0.4165968540612418,0.2694232526679594,0.9999957831375559,0.6432383684650033,13.106311239190148,0.2694232526679594,0.9111111111111111,0.2662167390415936,0.10666666666666667,0.18465144264122968,0.12980793332504206
2024-10-13,62851.375,50.0,11.048528091265164,844,0.41905021763880645,0.3195341655575988,0.9129979706963429,852.1919458959537,8.191945895953722,13,0.2774594263042547,0.21759673249688086,0.6458636941984,0.4767123287671233,-5.071645444404794,0.0,0.1438946837139756,0.48629332182825513,0.8617231593133063,838.9283545555952,1.0,0.43458841567900225,0.29945328230633084,0.9999965498398184,0.6829628758919675,13.086981922973756,0.29945328230633084,0.9277777777777778,0.3195341655575988,0.08666666666666667,0.18960562525946711,0.14068024094948298
2024-10-14,66046.125,48.0,11.098108640553454,845,0.0,0.0,0.0,,,0,0.22701225788529927,0.17803369022472068,0.5284339316168727,0.4602739726027397,-4.80844626913256,0.0,0.1438946837139756,0.0,0.0,840.1915537308674,1.0,0.0,0.24500723097790703,0.9999971771416696,0.5587878075479733,10.707530664251253,0.24500723097790703,0.9055555555555556,0.0,0.0,0.0,0.11510201532230424
2024-10-15,67041.109375,65.0,11.113061282975492,846,0.15225818192499907,0.2231275853281766,0.9645140185960558,849.251782095171,3.251782095171052,4,0.21342060771069923,0.18623258024353084,0.6077212201585422,0.4438356164383562,-4.945567377294083,0.0,0.1438946837139756,0.40073324854279235,0.3799489622552249,841.0544326227059,1.0,0.154474650752829,0.22854676184607464,0.9999976903886387,0.5262716538583827,9.487979634387388,0.22854676184607464,0.8833333333333333,0.2231275853281766,0.02666666666666667,0.09539364691223456,0.11151867561138247
2024-10-16,67612.71875,73.0,11.121551391522942,847,0.0,0.0,0.0,,,0,0.17461686085420844,0.1523721111083434,0.4972264528569891,0.4958904109589041,-5.164867427535455,0.0,0.1438946837139756,0.0,0.0,841.8351325724645,1.0,0.0,0.18699280514678834,0.9999981103179771,0.430585898611404,7.762892428135135,0.18699280514678834,0.8444444444444444,0.0,0.0,0.0,0.09124255277294929
2024-10-17,67399.8359375,71.0,11.118397862735716,848,0.0,0.0,0.99510885673419,848.4412829649269,0.441282964926927,1,0.1428683406988978,0.1246680909068264,0.5877505262892074,0.5753424657534246,-5.535710247300926,0.0,0.1438946837139756,0.0,0.09966799462495582,842.4642897526991,1.0,0.0,0.15299411330191773,0.9999984538965268,0.3704190069775043,6.533275623019655,0.15299411330191773,0.8,0.0,0.006666666666666667,0.0,0.07465299772332214
2024-10-18,68418.7890625,73.0,11.13340275978538,849,0.6037377427704778,0.6336995445392193,0.720271829854747,878.531393708216,29.531393708216,15,0.22666277743918506,0.2172192642945342,0.6118453087556691,0.6273972602739726,-3.1007479658231887,0.42247066560977276,0.1861417502749529,0.6670042618315135,0.9051482536448665,845.8992520341768,1.0,0.6884140967156263,0.2503432011953193,0.9999987350062491,0.4676425063715701,8.0726800551979,0.2503432011953193,0.9277777777777778,0.6336995445392193,0.1,0.3027819885957904,0.11613099606377092
2024-10-19,68362.734375,72.0,11.132583136063852,850,0.4943760317766358,0.4074115838384363,0.662190867220141,887.0981300983683,37.0981300983683,39,0.2753379145914488,0.2517996860297891,0.6209990466583004,0.6547945205479452,-0.17704529304307925,0.42023138508865215,0.15818033588769828,0.49478132414507214,0.9991808656700278,849.8229547069569,1.0,0.5829940635841044,0.31082517617509836,0.9999989650051129,0.5642858444258352,13.695829136071008,0.31082517617509836,0.9611111111111111,0.4074115838384363,0.26,0.34041552868226177,0.1569100019944056
2024-10-20,69001.703125,73.0,11.141886466245792,851,0.6800499119034609,0.6167470737405883,0.7882783857248649,872.4113573123028,21.411357312302812,42,0.3489219141027237,0.31815375652266165,0.6514134719431303,0.6438356164383562,0.9742311455613617,0.0,0.08427020506984248,0.6803558227007989,0.9995503664595334,851.9742311455614,0.9892335867082679,0.7447122239562302,0.3897137303171223,0.9980416234965955,0.6434248484319621,18.842042020421733,0.3897137303171223,0.9777777777777777,0.6167470737405883,0.28,0.4497047461333678,0.21014541001967144
2024-10-21,67367.8515625,72.0,11.117923203324489,852,0.6144703736072917,0.5139991675927996,0.8048194730265646,871.5423555440535,19.54235554405352,39,0.39720345219446335,0.3537620130808685,0.6793054721401184,0.6356164383561644,1.837862040655864,0.0,0.08427020506984248,0.6149741200210453,0.9991808656700278,853.8378620406559,0.9797864008985887,0.6647741463657812,0.43972471505324207,0.9947224921151396,0.7081077606570649,22.50712528943596,0.43972471505324207,0.9833333333333333,0.5139991675927996,0.26,0.39135130701182635,0.24309193674551777
2024-10-22,67361.40625,70.0,11.117827525331311,853,0.5794329783891693,0.472337277523289,0.7902252112119983,874.1893566997953,21.189356699795326,36,0.4303360933207735,0.3753211520703995,0.6994726974259147,0.6191780821917808,2.776099627240683,0.0,0.08427020506984248,0.580298817689645,0.9985079423323265,855.7760996272407,0.9696253187713649,0.6288461926361133,0.4741104382501277,0.9901593696889988,0.7609077936889307,24.96037523681124,0.4741104382501277,0.9888888888888889,0.472337277523289,0.24,0.3602764128094611,0.26439820512078016
2024-10-23,66432.1953125,71.0,11.103937087117613,854,0.7195351917927285,0.7007234450149635,0.7580409715676637,878.9316058340404,24.931605834040397,30,0.48291774758840167,0.43448520533304746,0.7101214745425963,0.6410958904109589,3.9813859326501415,0.5862369954030894,0.14289390461015145,0.7231111545639198,0.9950547536867305,857.9813859326501,0.9567265916777942,0.789750857160299,0.5314996053247043,0.9840806827778706,0.8034799682339852,25.876670648300106,0.5314996053247043,0.9944444444444445,0.7007234450149635,0.2,0.4243654197779038,0.2934831532402572
2024-10-24,68161.0546875,69.0,11.129628635085066,855,0.6572504845343403,0.5990836069336866,0.7554688207840325,880.2375090988373,25.237509098837336,49,0.5146146088512995,0.46441218744225454,0.7183664465864937,0.6465753424657534,5.101016710382282,0.0,0.14289390461015145,0.6573233797576871,0.9998891029505543,860.1010167103823,0.9448983121690302,0.7187838758015265,0.5655512908659447,0.9769566153944451,0.839190720000634,30.08091234860918,0.5655512908659447,1.0,0.5990836069336866,0.32666666666666666,0.4700395371374174,0.32558431394883175
2024-10-25,66642.4140625,72.0,11.10709650161227,856,0.4008427851471215,0.23831746247946284,0.9424673221593669,861.3328628538989,5.33286285389886,21,0.4939288227232671,0.42330405563083784,0.7591120603270162,0.6602739726027397,4.2183353907171295,0.41843658465594147,0.18473756307574557,0.4130475400419376,0.970451936613454,860.2183353907171,0.9542110617897746,0.4028332678160835,0.5359661957659699,0.9728210601935958,0.8630563957484194,28.429837376134778,0.5359661957659699,0.9888888888888889,0.23831746247946284,0.14,0.19263923009868758,0.3014124805215328
2024-10-27,67929.296875,74.0,11.126222691403088,857,0.29717336719580095,0.2119668355576348,0.9745717792780758,859.3181394681458,2.318139468145773,10,0.45815510353645506,0.38487910652661905,0.7982865546817541,0.6684931506849315,3.1326024457102903,0.5892908047531047,0.24366664355105608,0.3901991170387361,0.7615941559557649,860.1326024457103,0.9657920917736573,0.29609959311991946,0.4923540861939607,0.971543065935425,0.8446087157861185,25.07895785320118,0.4923540861939607,0.9722222222222222,0.2119668355576348,0.06666666666666667,0.1334517416850473,0.2708741643694445
2024-10-28,69907.7578125,72.0,11.154931906505643,858,0.6770625886978068,0.6786893828987298,0.9146942734449566,866.0248857229951,8.024885722995123,14,0.4979564644748826,0.43829915677609377,0.8194515944568819,0.6767123287671233,2.6937722816421683,0.47588762012007385,0.29125540556306345,0.7647386098762069,0.8853516482022624,860.6937722816422,0.9705126876659594,0.6932963603775166,0.5288890451364254,0.9713557244318858,0.8520165216799628,23.064601879891875,0.5288890451364254,0.9777777777777777,0.6786893828987298,0.09333333333333334,0.30691445543872176,0.2774269445638585
2024-10-29,72720.4921875,72.0,11.194378497083406,859,0.7152292211724635,0.6058713468637325,0.918210560413383,866.6795691418524,7.679569141852426,43,0.5374606020562609,0.46876682770111894,0.8374077700853366,0.6821917808219178,2.2638481730907642,0.0,0.24900833900208616,0.7154926253535357,0.9996318561900731,861.2638481730908,0.9751598540123596,0.732653555747336,0.5659371379747727,0.9720473843556082,0.8788556734090737,26.689219719911534,0.5659371379747727,1.0,0.6058713468637325,0.2866666666666667,0.44913730330729523,0.3086470097899379
2024-10-30,72339.5390625,77.0,11.18912613366522,860,0.7707831196309662,0.7051458123829731,0.8808886900351391,871.4141605445635,11.414160544563515,62,0.5798828779789346,0.5117448249160015,0.8453133918943916,0.7013698630136986,2.23054458942147,0.6572814215199779,0.27271334264521874,0.7707894687344206,0.9999917628565104,862.2305445894215,0.975520768760089,0.8028943269031671,0.6090202632344808,0.9726789087927865,0.9008804169449712,33.109361589018526,0.6090202632344808,1.0,0.7051458123829731,0.41333333333333333,0.5694918730573618,0.35607334856583317
2024-10-31,70215.1875,77.0,11.159319912768295,861,0.8394068077683655,0.8048001816029686,0.8941677932937416,871.0675649854643,10.067564985464287,58,0.6270690470315583,0.5650276170409045,0.8541960103306371,0.726027397260274,2.0721655795207425,0.6279090099200578,0.33550424363722453,0.8394221960623088,0.9999816679925603,863.0721655795207,0.9772389691715018,0.8697715314362313,0.6564295847257081,0.9735080106798256,0.918898826226351,37.634932209196975,0.6564295847257081,1.0,0.8048001816029686,0.38666666666666666,0.600271236061389,0.40047296447411607
2024-11-01,69482.46875,75.0,11.148829751531515,862,0.7933205641713414,0.7174052764215011,0.9225193284839927,869.2582255900702,7.258225590070197,76,0.6572965956024279,0.5927326460191948,0.8666184318130653,0.7561643835616438,1.6613141519540022,0.7117677072479736,0.4066810143620218,0.7933209615483092,0.999999499096851,863.661314151954,0.9817102786008879,0.8133020324880263,0.6849518479552205,0.9749993321200188,0.9336444031118963,44.610399080252066,0.6849518479552205,1.0,0.7174052764215011,0.5066666666666667,0.6242343645469249,0.4411568553964449
2024-11-02,69289.2734375,72.0,11.146045388745986,863,0.7978034965798896,0.7206026588881845,0.929389697092885,869.5904433145475,6.590443314547542,70,0.6828433048710573,0.615981739268102,0.8780313891366689,0.7726027397260274,1.225993119820032,0.7245376019231519,0.479134774554337,0.797804823374032,0.9999983369439447,864.22599311982,0.9864702157887776,0.8170532932139755,0.7089702925477214,0.9770849473325203,0.9457087547177232,49.226690156569866,0.7089702925477214,1.0,0.7206026588881845,0.4666666666666667,0.6056479178944595,0.4710643213051748
2024-11-03,68741.1171875,74.0,11.138102802635737,864,0.789558399721378,0.7125075330859578,0.921037401024444,871.4029170963868,7.402917096386773,74,0.7022460493892974,0.6335318835986212,0.8858506640253552,0.8027397260273973,0.9095096890168861,0.8612252702361941,0.5066336020376475,0.7895589897269103,0.9999992527404032,864.9095096890169,0.9899452274310054,0.8126767182605609,0.7278260063136921,0.9794231800776994,0.9555797543582104,53.73092830992079,0.7278260063136921,1.0,0.7125075330859578,0.49333333333333335,0.6150775283010718,0.49724854075897423
2024-11-04,67811.5078125,70.0,11.124487191273472,865,0.8363038528560648,0.7880228092484445,0.9143297963417505,873.0607550592872,8.060755059287203,74,0.7266201954741642,0.6616211428076799,0.8910286880828816,0.810958904109589,0.6858187718997897,0.7199452845780229,0.5786281304954498,0.8363044777926116,0.9999992527404032,865.6858187718998,0.9924087516051476,0.864169994214375,0.7526158222956344,0.9817841930826898,0.9636560267913363,57.41621407175337,0.7526158222956344,1.0,0.7880228092484445,0.49333333333333335,0.6534004921283112,0.5256398046443082
2024-11-05,69359.5625,70.0,11.147059303764403,866,0.8312686803639271,0.7828357221308744,0.9099703156027182,874.4908970198077,8.490897019807676,47,0.7456471927268483,0.6836601572300789,0.8944726203592155,0.8246575342465754,0.5243976526528513,0.7722470891707203,0.6140091809469277,0.8314062235916814,0.9998345655542966,866.5243976526529,0.9941903013643677,0.8612283879447905,0.7723635615045719,0.984039849133904,0.9702339429300563,55.52235696779821,0.7723635615045719,1.0,0.7828357221308744,0.31333333333333335,0.5427564841874787,0.5287519281976119
2024-11-06,75639.078125,70.0,11.233728335032866,867,0.8147033418030448,0.7610826487402501,0.9045607296331096,876.0275251264987,9.027525126498745,38,0.7582028561952476,0.6977369738682918,0.896306822045378,0.8328767123287671,0.4294574120667676,0.5480166996151332,0.6098817704331305,0.8155191890054152,0.9989995977858408,867.4294574120668,0.9952396176845262,0.8464386156567281,0.7858317531686002,0.9860761706885625,0.9754640619947443,52.33647388274398,0.7858317531686002,1.0,0.7610826487402501,0.25333333333333335,0.4901579236231897,0.5217348364568077
2024-11-07,75904.859375,77.0,11.237235984720346,868,0.822175107520318,0.7557885490750378,0.9328597240042084,874.2550394959952,6.25503949599522,64,0.7698341746179876,0.7082918057240637,0.9029528042197108,0.8575342465753425,0.07951284863145247,0.7296021683995261,0.6352532252610757,0.8221796472098235,0.9999944784700996,868.0795128486315,0.9991169140541964,0.8450537067734076,0.796599381096747,0.9884472149368595,0.9799241377175362,54.45711499497234,0.796599381096747,1.0,0.7557885490750378,0.4266666666666667,0.6012784938633872,0.5361973196216403
2024-11-08,76545.4765625,75.0,11.245640308059663,869,0.8103695311214135,0.739820623113225,0.9291208661613212,875.6164800608409,6.6164800608409,53,0.7772042394367923,0.7140243179766385,0.90771063366364,0.8712328767123287,-0.20268075020578635,0.5738815511759131,0.6926413803786671,0.8104099144778527,0.9999501692221211,868.7973192497942,1.0,0.8345535681416139,0.8035001423776318,0.990547721311976,0.9835652343547334,54.192184995886464,0.8035001423776318,1.0,0.739820623113225,0.35333333333333333,0.5504903424331253,0.5387960510419103
2024-11-09,76778.8671875,75.0,11.248684714440998,870,0.7847336693924878,0.7204638910924802,0.892120778933409,880.2738377858841,10.273837785884098,55,0.7785732267014642,0.715195149452246,0.9048761146217797,0.8821917808219178,-0.1096789848638764,0.715806052489562,0.6984938434756256,0.7847598826041855,0.9999665971563038,869.8903210151361,1.0,0.8213964559168663,0.8067540175665835,0.9922663174370712,0.9865473003186552,54.33906045117983,0.8067540175665835,1.0,0.7204638910924802,0.36666666666666664,0.549890103631897,0.540813151512817
2024-11-10,80474.1875,78.0,11.295691759812842,871,0.7939824349323802,0.734995129824408,0.8914797205669016,881.3385330531104,10.338533053110382,61,0.7813749009252671,0.7187951458835482,0.9024404066118019,0.8931506849315068,-0.01937307648540809,0.6900235419650813,0.7047052966801278,0.7939904231593481,0.9999899391393965,870.9806269235146,1.0,0.8313163219090737,0.8112198910833999,0.9936724415394218,0.9889914164678808,55.55014036914714,0.8112198910833999,1.0,0.734995129824408,0.4066666666666667,0.5800509030012244,0.5479472881470728
2024-11-11,88701.484375,76.0,11.393031902937803,872,0.9069184366174228,0.8720053546116034,0.9628122999633038,875.4107118158645,3.410711815864488,43,0.8042009983238407,0.7466515474704674,0.9134171144938931,0.9068493150684932,-0.597460229594958,0.726778317388,0.7062063576941305,0.907252435985772,0.9996318561900731,871.402539770405,1.0,0.9207708859553724,0.8311382537873948,0.9948229067140724,0.9909260418719157,53.26829666566584,0.8311382537873948,1.0,0.8720053546116034,0.2866666666666667,0.5588076844183217,0.5499219056509362
2024-11-12,87955.8125,80.0,11.384589836668697,873,0.18746926080433976,0.9213216219732308,0.9942054811025209,873.5230235032548,0.5230235032547625,2,0.6920679551384769,0.7784097428346062,0.9281059084227345,0.8712328767123287,-1.3955093978950117,0.0,0.6337525975018152,0.9498110533309,0.197375320224904,871.604490602105,1.0,0.1879055491593057,0.714186852945924,0.9957641964024229,0.8466440924815498,43.94678818099932,0.714186852945924,0.95,0.9213216219732308,0.013333333333333334,0.16928647142747874,0.480715463064853
2024-11-13,90584.1640625,84.0,11.414034687156459,874,0.4847004837707051,0.8438665918542011,0.9982447053147734,874.1581153318037,0.15811533180374227,6,0.6543647785261547,0.7903109881108962,0.9408584169485597,0.8273972602739726,-2.1523070426856066,0.0,0.5476300704781959,0.9025246710095167,0.5370495669980352,871.8476929573144,1.0,0.48504121938147804,0.672524010479661,0.9965343425110731,0.7903541787572744,37.04737214809035,0.672524010479661,0.9333333333333333,0.8438665918542011,0.04,0.24922308797407144,0.43862594032107455
2024-11-14,87250.4296875,88.0,11.376537764837646,875,0.0,0.0,0.0,,,0,0.535389364248672,0.6466180811816423,0.7697932502306396,0.7972602739726027,-2.9322668165438017,0.0,0.47563554202039365,0.0,0.0,872.0677331834562,1.0,0.0,0.5502469176651772,0.9971644620545144,0.6466534189832245,30.311486302983013,0.5502469176651772,0.9,0.0,0.0,0.0,0.35887576935360643
2024-11-15,91066.0078125,80.0,11.419339883129073,876,0.09631257582850719,0.9448535272980747,0.9994739094575853,876.0473606078939,0.04736060789389285,1,0.4555572208995511,0.7008427077482664,0.8115533700900842,0.7753424657534247,-3.5532546808831285,0.0,0.39841083310332154,0.9663340392362176,0.09966799462495582,872.4467453191169,1.0,0.0963328509495883,0.4677170873532519,0.997680014408239,0.5472015236453573,24.9821251569861,0.4677170873532519,0.8611111111111112,0.9448535272980747,0.006666666666666667,0.1302513369017438,0.317307690725995
2024-11-16,90558.4765625,86.0,11.413751070884954,877,0.09195200413661962,0.8765124729613359,0.9962688399023899,877.3364324414706,0.33643244147060614,1,0.389447181488109,0.7327826650597336,0.8451380009650489,0.7506849315068493,-4.087570193039937,0.0,0.3436091631418082,0.9225830667370105,0.09966799462495582,872.9124298069601,1.0,0.09208959870159475,0.3994211803256778,0.9981018299703772,0.4658317910961934,20.62173876480681,0.3994211803256778,0.8388888888888889,0.8765124729613359,0.006666666666666667,0.12451404923025453,0.2822543013631331
2024-11-17,89845.8515625,90.0,11.405850720444636,878,0.18220886884254694,0.8809233647279497,0.990340335131109,878.8735959863131,0.8735959863131484,2,0.35176748827982496,0.7597173377266819,0.8715384253588778,0.7287671232876712,-4.519840080720542,0.0,0.27064894630185565,0.9231593323568759,0.197375320224904,873.4801599192795,1.0,0.18291769706869812,0.3600569106425906,0.9984469517939449,0.41702152366504985,17.23596808029648,0.3600569106425906,0.8222222222222222,0.8809233647279497,0.013333333333333334,0.1647928527759866,0.2608976743472883
2024-11-18,90542.640625,83.0,11.413576185850712,879,0.2667274395262605,0.17673234603242474,0.9769811149752833,881.0959161058638,2.0959161058638074,10,0.3363056612337223,0.6537200665095442,0.8907098234709515,0.7123287671232876,-4.794529967712606,0.0,0.21326079118426433,0.3502225397088691,0.7615941559557649,874.2054700322874,1.0,0.2692236626917309,0.3435417746515252,0.9987293241950459,0.4796710931724526,15.920337520242574,0.3435417746515252,0.8111111111111111,0.17673234603242474,0.06666666666666667,0.11966113611250438,0.23521830375914574
2024-11-19,92343.7890625,90.0,11.433273729034363,880,0.4341643787688148,0.9062943496413759,0.9916338207109935,880.7561234972052,0.7561234972051807,5,0.35409815533101185,0.6996426634426044,0.909059641150959,0.6904109589041096,-5.170658209148996,0.0,0.14168018593530812,0.9395114895604983,0.46211715726000974,874.829341790851,1.0,0.4356258637044538,0.3602843362975122,0.998960356159583,0.47647946846109934,13.934821607471196,0.3602843362975122,0.8222222222222222,0.9062943496413759,0.03333333333333333,0.24183160683714344,0.23642072250059984
2024-11-20,94339.4921875,83.0,11.454655174032796,881,0.5024227929489271,0.903460902500049,0.9857649266407812,882.2903627526898,1.2903627526898163,6,0.3810662712615419,0.7367005250894125,0.923006056694563,0.663013698630137,-5.460084784211972,0.0,0.0726778317388,0.9355240629972713,0.5370495669980352,875.539915215788,1.0,0.5053124383780525,0.38665308213033767,0.999149382312386,0.4874922136496331,12.49212676974916,0.38665308213033767,0.8277777777777777,0.903460902500049,0.04,0.2596388126454041,0.24064219343601878
2024-11-21,98504.7265625,82.0,11.497859811415008,882,0.6169687819588071,0.891223263918058,0.9890036194570694,882.9951558886979,0.9951558886979228,8,0.42395763684286286,0.7647955685128026,0.9350056135604732,0.6438356164383562,-5.75006186298242,0.0,0.0,0.9291184006420965,0.664036770267849,876.2499381370176,1.0,0.6197036260098058,0.42902590829024095,0.9993040400737703,0.5195912239438542,11.675376447976584,0.42902590829024095,0.8388888888888889,0.891223263918058,0.05333333333333334,0.2889291765816421,0.2494216449170412
2024-11-22,98997.6640625,94.0,11.50285153351007,883,0.505752912226938,0.9104406676428435,0.9906781414323126,883.84290211065,0.8429021106500159,6,0.43882950509451285,0.7912764956273555,0.945127891355353,0.6328767123287671,-6.026922436922177,0.0,0.0,0.9417248300821892,0.5370495669980352,876.9730775630778,1.0,0.5076511331375494,0.4433214037170243,0.9994305782421755,0.5227654681355234,10.64348982107175,0.4433214037170243,0.85,0.9104406676428435,0.04,0.2608404769710337,0.2514977961995853
2024-11-23,97777.28125,93.0,11.490447530980276,884,0.7725808286240605,0.885822264946,0.9916868245375278,884.7513130351141,0.7513130351140944,12,0.49951156391806695,0.8084666355034726,0.9535931519339302,0.6246575342465753,-6.286138106251997,0.0,0.0,0.926739709857797,0.8336546070121552,877.713861893748,1.0,0.7751649185672382,0.503656588235245,0.9995341094708707,0.5792907661130928,10.89012803542234,0.503656588235245,0.8777777777777778,0.885822264946,0.08,0.33856647352866215,0.267328464804872
2024-11-24,98013.8203125,80.0,11.492863771306755,885,0.5282255107965864,0.8014974890143336,0.9952723234142278,885.4264998657063,0.4264998657063188,7,0.5047322815323432,0.8071995179599928,0.9611711831121661,0.6164383561643836,-6.551601156541665,0.0,0.0,0.8740133587469275,0.6043677771171634,878.4483988434583,1.0,0.5292277408738874,0.508305888714998,0.9996188168398032,0.5838502226592874,10.182832028981915,0.508305888714998,0.8777777777777778,0.8014974890143336,0.04666666666666667,0.25700644363445413,0.2654517336829778
2024-11-25,93102.296875,82.0,11.441454134013465,886,0.09468465277475041,0.9191777779317868,0.9981835363364402,886.1636303890814,0.1636303890813906,1,0.4301781672127808,0.827559201591228,0.9679007018802159,0.6054794520547945,-6.8168171998156595,0.0,0.0,0.9500005807385069,0.09966799462495582,879.1831828001843,1.0,0.09475353687100022,0.43311455201608934,0.9996881228689298,0.49581709028940896,8.513226205530657,0.43311455201608934,0.8277777777777777,0.9191777779317868,0.006666666666666667,0.1281159514325492,0.24048159145562714
2024-11-26,91985.3203125,79.0,11.429384281479184,887,0.0,0.0,0.0,,,0,0.3519639549922752,0.6770938922110047,0.791918756083813,0.5972602739726027,-7.152012667539793,0.0,0.0,0.0,0.0,879.8479873324602,1.0,0.0,0.3543664516495276,0.9997448278018517,0.4056685284186073,6.965366895434173,0.3543664516495276,0.7777777777777778,0.0,0.0,0.0,0.1967576657364222
2024-11-27,95962.53125,75.0,11.47171309478414,888,0.0,0.0,0.0,,,0,0.2879705086300433,0.5539859118090038,0.6479335277049378,0.5863013698630137,-7.550522852623544,0.0,0.0,0.0,0.0,880.4494771473765,1.0,0.0,0.28993618771324986,0.9997912227469694,0.3319106141606787,5.698936550809778,0.28993618771324986,0.7333333333333333,0.0,0.0,0.0,0.16098354469343634
2024-11-28,95652.46875,77.0,11.468476784781007,889,0.0,0.0,0.0,,,0,0.2356122343336718,0.45326120057100305,0.5301274317585855,0.5698630136986301,-8.00631778198499,0.0,0.0,0.0,0.0,880.993682218015,1.0,0.0,0.23722051721993168,0.9998291822475203,0.271563229767828,4.662766268844363,0.23722051721993168,0.6944444444444444,0.0,0.0,0.0,0.13171380929462972
2024-11-29,97461.5234375,78.0,11.487212947688215,890,0.2583678312648933,0.8302926932844065,0.9791541196693994,891.8959600911129,1.8959600911128973,3,0.23974961559389385,0.5218123810643491,0.6117686477423697,0.5616438356164384,-7.968005603594747,0.0,0.0,0.8869091835418825,0.2913126124515909,882.0319943964053,1.0,0.2605541636452893,0.2414629983881785,0.9998602400206984,0.27515402661942123,4.360445129054479,0.2414629983881785,0.7,0.8302926932844065,0.02,0.18704699175709572,0.141774387924169
2024-11-30,96449.0546875,84.0,11.476770217223118,891,0.08982192831257485,0.8584335001575816,0.9694081113651154,893.7962629378267,2.7962629378266683,1,0.21249003608819947,0.5830162208994822,0.676794004764687,0.5452054794520548,-7.847599075840321,0.0,0.0,0.901211353259077,0.09966799462495582,883.1524009241597,1.0,0.09094518581438575,0.21409612337476164,0.9998856509260259,0.24324747534770025,3.7494551055900276,0.21409612337476164,0.6666666666666666,0.8584335001575816,0.006666666666666667,0.1229666922584925,0.138354806894046
2024-12-01,97279.7890625,81.0,11.485346528843408,892,0.8653804011017264,0.9138780851274393,0.9141821246654269,900.0752919630343,8.07529196303426,18,0.331197375181568,0.6431729234863834,0.7199554811102761,0.6191780821917808,-7.235895167376043,0.8694784165046892,0.08694784165046891,0.9139996888066205,0.9468060128462683,884.764104832624,1.0,0.8970031437794854,0.33826103617562053,0.9999064416667485,0.371167209438349,6.340463268210023,0.33826103617562053,0.7611111111111111,0.9138780851274393,0.12,0.40570041900306725,0.18696310000477712
2024-12-02,95865.3046875,80.0,11.470699409045046,893,0.8794263806686478,0.9130984787161165,0.9296252562294836,899.5676351898798,6.567635189879752,19,0.4308753761792189,0.6922502971645166,0.7580772584046773,0.663013698630137,-6.826035133351752,0.9182246036878908,0.178770302019258,0.9196736367037083,0.9562374581277391,886.1739648666482,1.0,0.9054747071957543,0.4413907945429175,0.9999234522727942,0.47754361829096537,8.642197219444563,0.4413907945429175,0.8333333333333334,0.9130984787161165,0.12666666666666668,0.41435779020935076,0.2283075891328814
2024-12-03,96002.1640625,76.0,11.472126012513607,894,0.4935190019375233,0.9046676126162642,0.9407846144942221,899.4936950051558,5.493695005155814,6,0.44226512631709236,0.7308716272466524,0.7912967776936854,0.7123287671232876,-6.55748940587489,0.9224263628826453,0.2710129383075225,0.9189449768969441,0.5370495669980352,887.4425105941251,1.0,0.5057172834647373,0.45308651980143017,0.999937370041377,0.4883628816922507,8.161797725000095,0.45308651980143017,0.8388888888888889,0.9046676126162642,0.04,0.2598468294873199,0.23404199647005203
2024-12-04,98768.53125,78.0,11.500534323385613,895,0.7270720264693463,0.8920043240648183,0.9332352536767812,901.2188166119598,6.218816611959824,11,0.4940481990720476,0.7601684812135917,0.8171037733269755,0.7561643835616438,-6.245460261319181,0.92213029179551,0.36322596748707353,0.9082734728022691,0.8004990217606297,888.7545397386808,1.0,0.7474479951328852,0.5066067880435129,0.9999487573065811,0.5451149071592287,8.677834502272805,0.5066067880435129,0.8722222222222222,0.8920043240648183,0.07333333333333333,0.32835281677616834,0.25118941834389136
2024-12-05,96593.5703125,84.0,11.478267458073391,896,0.5523432576985409,0.8956023561098878,0.9420990126779325,901.3680410836469,5.368041083646858,7,0.5046473006405009,0.7847928221038273,0.8398301804816949,0.7890410958904109,-6.044174418941452,0.9023765275537203,0.4534636202424456,0.9139191045777131,0.6043677771171634,889.9558255810585,1.0,0.5656794964007757,0.5173472804721061,0.9999580741599299,0.5558881562424896,8.37277368367775,0.5173472804721061,0.8777777777777778,0.8956023561098878,0.04666666666666667,0.2747083427010614,0.2554655864088313
2024-12-06,99920.7109375,72.0,11.5121322598412,897,0.6877032632441631,0.8714145744384488,0.9524813413464288,901.3816285179682,4.381628517968238,10,0.5379302029320758,0.800542231619213,0.8603122097298282,0.8164383561643835,-5.956002710664393,0.822748054811472,0.5357384257235928,0.9029786505926215,0.7615941559557649,891.0439972893356,1.0,0.7012267814067831,0.5507799170056837,0.9999656970399426,0.5932892470994486,8.668633013918157,0.5507799170056837,0.9,0.8714145744384488,0.06666666666666667,0.31167243063522765,0.26568501263181243
2024-12-07,99923.3359375,75.0,11.512158530326024,898,0.7225848511090188,0.8726330591981835,0.9496697930339121,902.647684698078,4.647684698078024,11,0.5715037753278837,0.8136496548153894,0.8765590430578435,0.8,-5.850889624117485,0.0,0.5357384257235928,0.9026680001678886,0.8004990217606297,892.1491103758825,1.0,0.737666061134966,0.5847592159382805,0.9999719339417712,0.6309637515832998,9.092517920478492,0.5847592159382805,0.9166666666666666,0.8726330591981835,0.07333333333333333,0.3240556274029273,0.27629785168110604
2024-12-08,101236.015625,79.0,11.525209858145764,899,0.5794250255651598,0.8101961646415133,0.9752759742659348,901.2531317755733,2.2531317755732516,8,0.572944002643752,0.8130217475110482,0.8945075760047692,0.7753424657534247,-5.983839967004087,0.0,0.5357384257235928,0.8725797297812894,0.664036770267849,893.0161600329959,1.0,0.5852564900147205,0.584849629406724,0.9999770368614491,0.6369770277077632,8.893878298573311,0.584849629406724,0.9166666666666666,0.8101961646415133,0.05333333333333334,0.2728686240514906,0.2756743557484487
2024-12-09,97432.71875,78.0,11.486917354679552,900,0.6696689232772822,0.8184001336735476,0.9792482838733824,901.887305303568,1.8873053035680414,10,0.5905303518498484,0.8139996359042299,0.909914977435426,0.8054794520547945,-6.138968988854344,0.7933011397753716,0.61506853970113,0.8792989258654161,0.7615941559557649,893.8610310111457,1.0,0.6753097465967681,0.6012969234412775,0.9999812119775493,0.659634687389218,9.094991335196344,0.6012969234412775,0.9166666666666666,0.8184001336735476,0.06666666666666667,0.300153154064116,0.28012504635129726
2024-12-10,96675.4296875,78.0,11.479114561125563,901,0.5767933193464767,0.809178156289718,0.9660597915582594,904.107659559585,3.107659559585045,8,0.588032709576508,0.8131230032470458,0.9201231254577593,0.8328767123287671,-6.163099603288742,0.8225123550457809,0.6973197752057081,0.868616536270753,0.664036770267849,894.8369003967113,1.0,0.5848151555589054,0.5983002383717553,0.9999846279816311,0.6604350660944237,8.89590200152428,0.5983002383717553,0.9111111111111111,0.809178156289718,0.05333333333333334,0.27266285730176726,0.2787682847059281
2024-12-11,101173.03125,74.0,11.524587510696326,902,0.4706633559891712,0.8105285986008993,0.9853432058544714,903.3288739543041,1.328873954304072,6,0.566692827106083,0.8126512933113827,0.9319813218935251,0.810958904109589,-6.354340216851369,0.0,0.6103719335552391,0.8763871808333348,0.5370495669980352,895.6456597831486,1.0,0.47345136892444895,0.5756004439267904,0.9999874228940617,0.6380013389859894,8.369374364883502,0.5756004439267904,0.8944444444444445,0.8105285986008993,0.04,0.24326800992164974,0.27231368929060473
2024-12-12,100043.0,83.0,11.513355372546723,903,0.40131262943515705,0.8163563191509609,0.9528119543919102,907.3503942985874,4.350394298587389,5,0.5366237002568237,0.8133249343731243,0.9357687096205042,0.7808219178082192,-6.239603596333382,0.0,0.5185494731864501,0.8684218344426431,0.46211715726000974,896.7603964036666,1.0,0.4091475438316084,0.545336280273121,0.9999897096405959,0.6060223968539931,7.7567608439955915,0.545336280273121,0.8666666666666667,0.8163563191509609,0.03333333333333333,0.22713253780862883,0.2640989344757
2024-12-13,101459.2578125,76.0,11.527412596019019,904,0.4674253325506768,0.8121985641377072,0.9654979616505072,907.1600159471067,3.1600159471066718,6,0.524042178855706,0.8131201397848666,0.9411740281714137,0.7589041095890411,-6.249163639815265,0.0,0.42630683689818555,0.87035789855201,0.5370495669980352,897.7508363601847,1.0,0.47403641082152626,0.5323726676455582,0.999991580615033,0.593481882334728,7.437349781450938,0.5323726676455582,0.8555555555555555,0.8121985641377072,0.04,0.24356861519468148,0.26036614915187845
2024-12-14,101372.96875,83.0,11.526561754225602,905,0.45266269699737227,0.7673542491612902,0.9703021333173634,907.713300050333,2.7133000503330322,6,0.5110640912450999,0.804799068762398,0.9464700472888591,0.7397260273972602,-6.3003575740867745,0.0,0.3340938077186345,0.8428694943888267,0.5370495669980352,898.6996424259132,1.0,0.45815445315528475,0.5188784468291449,0.9999931114122997,0.5832214613644202,7.176013457550767,0.5188784468291449,0.8388888888888889,0.7673542491612902,0.04,0.23540817361880553,0.25582833541859246
2024-12-15,104298.6953125,80.0,11.555014131922132,906,0.7305395416681837,0.8247608527116245,0.9597361968704184,909.6987144488952,3.6987144488952026,12,0.5509687185947515,0.8084284840258937,0.9488820744855062,0.7863013698630137,-6.252826905231359,0.8276121724379873,0.32661737220706116,0.8763096077480585,0.8336546070121552,899.7471730947686,1.0,0.7426479352338086,0.5595638083572655,0.9999943638827906,0.6287547605730993,8.053101919814264,0.5595638083572655,0.8777777777777778,0.8247608527116245,0.08,0.3243641275332601,0.2682893885303502
2024-12-16,106029.71875,83.0,11.571474699365162,907,0.38333582315571846,0.750551139947301,0.9638242522290038,910.3161680762217,3.316168076221743,5,0.5204900103331092,0.7979053305570586,0.951598834075233,0.8191780821917808,-6.246255954616686,0.842087471125439,0.3285513138384579,0.8295208631261335,0.46211715726000974,900.7537440453833,1.0,0.3890274678791639,0.5285572009976106,0.9999953886313742,0.5984570145161738,7.497992479848033,0.5285572009976106,0.8333333333333334,0.750551139947301,0.03333333333333333,0.215963158984588,0.2587755286129389
2024-12-17,106140.6015625,87.0,11.572519923998197,908,0.7632501273303418,0.7271947007213931,0.9698112398509732,910.7588442061839,2.7588442061838805,17,0.564628213423515,0.7850488524051195,0.9549101805799131,0.7890410958904109,-6.293389272635636,0.0,0.3285513138384579,0.8159533099654905,0.935409070603099,901.7066107273644,1.0,0.7726663522031173,0.5729406830349755,0.9999962270620333,0.6597210247137966,9.225630210784754,0.5729406830349755,0.8888888888888888,0.7271947007213931,0.11333333333333333,0.3457271516559869,0.2745849146207658
2024-12-18,100041.5390625,81.0,11.513340769344428,909,0.7891025824911518,0.7901080069347601,0.9657551688766128,912.1360432734882,3.1360432734882124,16,0.6054417350721761,0.7859686986832359,0.9568819966338584,0.8328767123287671,-6.300109982528511,0.8136814315290102,0.4099194569913589,0.8561674136743351,0.9216685544064713,902.6998900174715,1.0,0.8001780763466605,0.614256572728009,0.9999969130507544,0.7073478482942828,10.45733380882389,0.614256572728009,0.9222222222222223,0.7901080069347601,0.10666666666666667,0.3546691117009115,0.2891456777262468
2024-12-19,97490.953125,75.0,11.487514864219284,910,0.8453936831024391,0.8132482104482548,0.952739269378866,914.3572601871508,4.357260187150814,22,0.6490693619867693,0.7909286099132393,0.9561287734965871,0.863013698630137,-6.189884252082948,0.8193071559707958,0.41252005861090135,0.8664100797462845,0.9757431300314515,903.810115747917,1.0,0.8619247904983012,0.659287157777153,0.9999974743142537,0.7561469904283133,12.556000389037727,0.659287157777153,0.9277777777777778,0.8132482104482548,0.14666666666666667,0.4098891651341916,0.3110990390731458
2024-12-20,97755.9296875,74.0,11.490229137772468,911,0.8446806481678466,0.8331584398528653,0.8694567696573039,923.5897998542127,12.589799854212743,32,0.6846350503833288,0.7986067608113531,0.9403702273439901,0.8904109589041096,-5.306104813388174,0.8145783123495608,0.4117266543412793,0.8474922904214277,0.9966823978396512,905.6938951866118,1.0,0.8932917996077889,0.701833456291814,0.9999979335298439,0.7998807008667383,16.091273045576322,0.701833456291814,0.9388888888888889,0.8331584398528653,0.21333333333333335,0.4831255954634186,0.34237659478046806
2024-12-21,97224.7265625,73.0,11.484780346600347,912,0.745193877178584,0.823871269204074,0.9299610200364173,918.5351346887327,6.535134688732683,13,0.6956457461642842,0.8032003077918477,0.9384776441971587,0.9260273972602739,-5.083129622709976,0.8203783170396258,0.4937644860452419,0.8647717879282916,0.8617231593133063,906.91687037729,1.0,0.7671554590718593,0.7137101840700041,0.9999983092516904,0.8111247842206598,15.52922340092608,0.7137101840700041,0.9444444444444444,0.823871269204074,0.08666666666666667,0.33470057010440785,0.3409809539302753
2024-12-22,95104.9375,73.0,11.462736166218333,913,0.4652555928836845,0.8244530729986081,0.9331343307647074,919.2285500132874,6.228550013287418,6,0.6537566273859934,0.8070644469203496,0.9375061326639857,0.9315068493150684,-4.9105887049959165,0.8207709300800854,0.5758415790532505,0.8663177879173053,0.5370495669980352,908.0894112950041,1.0,0.4783149282204492,0.6709110466428123,0.999998616660474,0.761292926543819,13.796637328030428,0.6709110466428123,0.9166666666666666,0.8244530729986081,0.04,0.24576699602398525,0.3236693252200407
2024-12-23,94686.2421875,70.0,11.458323990769212,914,0.3254222719240196,0.8124043879782405,0.9271428096559886,920.8082902602036,6.808290260203648,4,0.5940594718474526,0.8080353452945116,0.9356218921170771,0.9315068493150684,-4.6992668987865045,0.7467232658724106,0.6505139056404915,0.8564894347715634,0.3799489622552249,909.3007331012135,1.0,0.3354197407605664,0.6099126273914949,0.9999988681767513,0.6919576603095291,12.015430541115803,0.6099126273914949,0.8944444444444445,0.8124043879782405,0.02666666666666667,0.2071337411126708,0.3024810372005189
2024-12-24,98676.09375,73.0,11.499597984837491,915,0.7146948439202178,0.9067077153049345,0.7255732165030793,943.8713963761941,28.87139637619407,13,0.6159931758606826,0.8259757762054976,0.897431223823623,0.9123287671232877,-2.406822777359821,0.8399255670099414,0.7345064623414856,0.8293787119400933,0.8617231593133063,912.5931772226402,1.0,0.812546364925977,0.6467551251250371,0.9999990739627964,0.7228241146738522,12.194443170003838,0.6467551251250371,0.9,0.9067077153049345,0.08666666666666667,0.354504068713815,0.31193977020293634
2024-12-25,99299.1953125,73.0,11.505892746400228,916,0.7848669103336876,0.8934972270590134,0.7635654931550225,940.2780740054748,24.278074005474764,17,0.6466974912194108,0.8382524036334095,0.8730920000656955,0.9287671232876712,-0.7701659408994601,0.9227910153650613,0.744024346634193,0.8390627533979863,0.935409070603099,915.2298340591005,1.0,0.8742940087758378,0.6881258312433645,0.9999992423331969,0.7614759248428061,13.068180775457684,0.6881258312433645,0.9277777777777778,0.8934972270590134,0.11333333333333333,0.3912001299164964,0.32635074469631087
2024-12-26,95795.515625,79.0,11.469971153103424,917,0.7180833699677777,0.8621420911617961,0.7400812466057549,944.0895775490199,27.08957754901985,14,0.659676741900932,0.8425959831840251,0.8489082267093426,0.9397260273972603,0.978381058140485,0.8438398175724473,0.7441995812788939,0.8110713651754883,0.8853516482022624,917.9783810581405,0.9891879740609324,0.8064447897750268,0.7096383691582122,0.9980335571927852,0.7839987836354345,13.237602452647195,0.7096383691582122,0.9388888888888889,0.8621420911617961,0.09333333333333334,0.35429254969405577,0.33143107287771906
2024-12-27,94164.859375,74.0,11.45280234823847,918,0.5412659043262019,0.6866803594041616,0.6606823793836071,955.3033862927645,37.30338629276446,11,0.6381474987055265,0.8142476879513226,0.8146853453773907,0.9287671232876712,3.533143461438044,0.6866801770996898,0.812867598988863,0.676160606837137,0.8004990217606297,921.533143461438,0.9615034271591786,0.6289178420902147,0.6949619096913036,0.991391715368493,0.7869988269309245,12.830765643074978,0.6949619096913036,0.9222222222222223,0.6866803594041616,0.07333333333333333,0.28065536326247975,0.3221991256749483
2024-12-28,95163.9296875,72.0,11.463356259145382,919,0.4450466162373602,0.7725672961017755,0.9206050474589059,926.4451748339246,7.445174833924625,6,0.603038247347678,0.8066694348877685,0.8339434730285752,0.8767123287671232,3.0009559731033733,0.0,0.7314994558359618,0.8286881576407423,0.5370495669980352,922.0009559731034,0.9672058268412665,0.45392460505749255,0.6511369452124288,0.9869942810908154,0.7415535069431264,11.588808253424983,0.6511369452124288,0.8833333333333333,0.7725672961017755,0.04,0.23636642599995758,0.30659318027949545
2024-12-29,93530.2265625,73.0,11.44603994177678,920,0.5963408028239727,0.7820000273396466,0.9145174824935036,928.0422824903499,8.042282490349862,9,0.6018205301615497,0.8021840880608373,0.8485932929312894,0.9123287671232877,2.576320403317368,0.7654073424883613,0.7261094744877183,0.8325318664681755,0.7162978701990245,922.5763204033174,0.9717800537679686,0.6110052094808045,0.6438402659884971,0.9842280579412069,0.7369615729896533,11.11811584371135,0.6438402659884971,0.8722222222222222,0.7820000273396466,0.06,0.28001710488901466,0.30176116657213525
2024-12-30,92643.2109375,65.0,11.436510952585051,921,0.4966606978429085,0.7644300802957645,0.9159875712069605,928.8977234656272,7.897723465627223,7,0.5827005606490694,0.7953197230126422,0.8608467980723205,0.9506849315068493,2.1783587902040153,0.7899046474074003,0.7236421079935024,0.8217855363037089,0.6043677771171634,923.178358790204,0.9760865809070195,0.5094473399496182,0.6194051885268828,0.9827477893895364,0.7128536101037459,10.369367508491104,0.6194051885268828,0.8666666666666667,0.7644300802957645,0.04666666666666667,0.2498074425889499,0.2923150349388288
2024-12-31,93429.203125,64.0,11.444959242637923,922,0.5584301838699195,0.7997584518176588,0.9067835479924055,930.8066353097694,8.806635309769376,8,0.5782877648710422,0.7961267646135542,0.8691989344214268,0.9698630136986301,1.9048613158769285,0.7908810009250473,0.7206923763820445,0.8409627431394626,0.664036770267849,923.9048613158769,0.9790572836703859,0.5758252074067852,0.6114815555959559,0.9820767883496909,0.7039778210426737,9.938573416038176,0.6114815555959559,0.8555555555555555,0.7997584518176588,0.05333333333333334,0.27075394562902855,0.2883948368825015
2025-01-01,94419.7578125,66.0,11.45550562909487,923,0.37776766078091095,0.7792330316057894,0.8783764402097601,934.6712026857255,11.671202685725461,5,0.5418295641273819,0.7930551767939606,0.8708675718374873,0.915068493150685,1.9302271606244403,0.0,0.638615283374036,0.8174716191469177,0.46211715726000974,924.9302271606244,0.9787813823853021,0.39448163128221503,0.5720270239025483,0.9814776236288929,0.6600031549003711,9.040650976758506,0.5720270239025483,0.8055555555555556,0.7792330316057894,0.03333333333333333,0.22087771990700247,0.27611899743241075
2025-01-02,96886.875,70.0,11.481299339788416,924,0.44266988612958974,0.7852832079888072,0.8863894002484349,934.8539029137688,10.85390291376882,6,0.523800531764147,0.79164209155666,0.8736897224576595,0.9506849315068493,1.875339137114338,0.7924353632322608,0.643186493110021,0.8242626255226256,0.5370495669980352,925.8753391371143,0.9793784908398955,0.460691693736485,0.5517842365996277,0.9810959631218025,0.6376479570999464,8.487805344620597,0.5517842365996277,0.7833333333333333,0.7852832079888072,0.04,0.23869305503787863,0.2693142806334049
2025-01-03,98107.4296875,74.0,11.493818378541908,925,0.6281692448849592,0.787753061235793,0.8836850697472023,936.1289082184717,11.128908218471679,10,0.5427766614224765,0.7909349951346841,0.8755070583284854,0.9698630136986301,1.8518695258150046,0.7958072471918735,0.6387746611282141,0.8248083837994218,0.7615941559557649,926.851869525815,0.979633920059639,0.6546108333242159,0.5704799814586438,0.9808301371104999,0.6601836296191861,8.762749827416851,0.5704799814586438,0.8,0.787753061235793,0.06666666666666667,0.2933577433065841,0.2736858193012557
2025-01-04,98236.2265625,73.0,11.495130332245266,926,0.3778643146295927,0.7810939122851097,0.875799284127561,937.9356507806996,11.935650780699575,5,0.5127925983692249,0.7891457073438524,0.8755601902919536,0.9095890410958904,1.9074677405659486,0.0,0.546495559591708,0.8176807735727235,0.46211715726000974,927.907467740566,0.979028930313436,0.39508655898840156,0.5385902682822361,0.9805026449655792,0.6241715437356994,8.078613495159242,0.5385902682822361,0.7555555555555555,0.7810939122851097,0.03333333333333333,0.22119405479204024,0.26414186211776197
2025-01-05,98314.9609375,72.0,11.495931491273739,927,0.6587411802737193,0.7873386598923987,0.8793113016828424,938.575466067092,11.575466067091952,11,0.539328704170042,0.7888171532617698,0.8762422105448425,0.863013698630137,1.9234675811875377,0.0,0.46211157783446327,0.8229131608741681,0.8004990217606297,928.9234675811875,0.9788548979294084,0.6876145832752759,0.5656855982809705,0.9802030545953662,0.6562310851947776,8.609774677857562,0.5656855982809705,0.7888888888888889,0.7873386598923987,0.07333333333333333,0.30466145822651064,0.2715090614102617
2025-01-06,102078.0859375,76.0,11.533493347790557,928,0.5778223353332226,0.761953342716203,0.8787373686967278,939.6342289118933,11.634228911893274,9,0.5463275461997111,0.7839328240716666,0.8766958756633672,0.8876712328767123,1.9435400888737604,0.785929479670498,0.47203650809154407,0.8066788404280384,0.7162978701990245,929.9435400888738,0.97863661035617,0.6032526945445568,0.5725159794198044,0.9799182465518759,0.6671523188319134,8.680724736428914,0.5725159794198044,0.8055555555555556,0.761953342716203,0.06,0.27568778707137925,0.27226882971228306
2025-01-07,96922.703125,78.0,11.481669064811861,929,0.6291196194838584,0.777671552448034,0.9043358483451112,938.0499026535177,9.049902653517734,10,0.5613806504331924,0.782794411049188,0.881721325241866,0.936986301369863,1.7155746188398098,0.7989519929532228,0.5519317073868664,0.8260562591822188,0.7615941559557649,930.7155746188398,0.9811185896698696,0.6499649420759093,0.5865976089936416,0.9801364907551473,0.6843235619453409,8.92059296616911,0.5865976089936416,0.8277777777777777,0.777671552448034,0.06666666666666667,0.29109934210612526,0.27569255923843616
2025-01-08,95043.5234375,70.0,11.462090207115295,930,0.6647211931649749,0.6345197240322318,0.8171063874520497,948.1787377860078,18.178737786007787,18,0.5801698400207892,0.755835377046105,0.8699731547346266,0.936986301369863,2.3787330157128963,0.5510440705578042,0.5304953801938107,0.7020669325564421,0.9468060128462683,932.3787330157129,0.9739158583120062,0.7130773770711202,0.609593930462274,0.9790054666745762,0.7320476439273277,10.571394245047454,0.609593930462274,0.8444444444444444,0.6345197240322318,0.12,0.3259414358780098,0.2848287186274495
2025-01-09,92484.0390625,69.0,11.43479135793626,931,0.7586568404725271,0.7120565165073881,0.8344925453155574,947.2838322131606,16.283832213160622,51,0.6126220219211052,0.7478755842208837,0.8635221348402503,0.9561643835616438,2.79826627261275,0.7772573541170068,0.5292306508647713,0.7587132416020397,0.9999256621257941,933.7982662726128,0.9693865332831458,0.8055178827627705,0.6452164672441824,0.9772565696943161,0.7807527381452306,17.922049836857006,0.6452164672441824,0.8722222222222222,0.7120565165073881,0.34,0.529785717543961,0.32936635479408793
2025-01-10,94701.453125,50.0,11.45848462356542,932,0.6715292058602741,0.7748920218504689,0.8537586037121316,946.2296111534098,14.229611153409792,12,0.623332419000954,0.7527876637898991,0.8617469473624105,0.9726027397260274,2.9822038803076794,0.7883293629441821,0.5289754870666848,0.8055244944510728,0.8336546070121552,934.9822038803077,0.9674073715417588,0.7059511096089123,0.656259129492315,0.975465806393851,0.7903712597573986,16.845313502883002,0.656259129492315,0.8833333333333333,0.7748920218504689,0.08,0.3124501291342435,0.3262906774013889
2025-01-11,94566.59375,69.0,11.457059561067556,933,0.7167509364797977,0.773096582276806,0.8675220902640589,945.7902872883597,12.79028728835965,14,0.6403176039971075,0.7564801944238821,0.8627969733445284,0.9808219178082191,3.0115451572650045,0.7893452716617095,0.6079100142328558,0.8095663886041051,0.8853516482022624,936.011545157265,0.9670920344176405,0.7485885405148436,0.6730462951327747,0.9739433023981764,0.8076404212928284,16.327983775086093,0.6730462951327747,0.9055555555555556,0.773096582276806,0.09333333333333334,0.33186004110872935,0.3273032889845417
2025-01-12,94488.4375,62.0,11.456232751498558,934,0.5365946961471839,0.7699489714083166,0.8688457938409584,946.6530659701239,12.653065970123862,8,0.6214588934789396,0.7589290629665066,0.8638967588893338,0.9917808219178083,3.0250233299183265,0.8073501166937402,0.6094014895790038,0.8080797934288195,0.664036770267849,937.0250233299183,0.966947216001603,0.5600546422314927,0.6525023582416325,0.9726712866897085,0.781530666561014,14.81380490688862,0.6525023582416325,0.8722222222222222,0.7699489714083166,0.05333333333333334,0.26465289988500823,0.31591230914826285
2025-01-13,94516.5234375,61.0,11.456529949387622,935,0.43976866001785175,0.7950963009353152,0.8558450916251453,949.0099298250198,14.009929825019753,6,0.5884243055769235,0.7655049244153809,0.862432819386754,0.9506849315068493,3.1664429961184624,0.0,0.5298207648598163,0.8188604684592561,0.5370495669980352,938.1664429961185,0.9654290163042837,0.46148155735674184,0.6177713035352886,0.9713545102559948,0.7370795575495633,13.21129492381796,0.6177713035352886,0.8388888888888889,0.7950963009353152,0.04,0.24047826854616114,0.3021970290387898
2025-01-14,96534.046875,63.0,11.477651042459183,936,0.418864277766312,0.7583334745880689,0.8134990343342908,954.5769485436965,18.576948543696517,6,0.5575952096113578,0.7642010244467787,0.8535357675590334,0.873972602739726,3.7293482863639156,0.0,0.5298207648598163,0.7799359751980667,0.5370495669980352,939.7293482863639,0.9594095813188617,0.4474372401988021,0.5868014738377456,0.9691827049946978,0.7007104683583764,11.900150392214695,0.5868014738377456,0.7944444444444444,0.7583334745880689,0.04,0.23374381759737023,0.28975099059489534
2025-01-15,100504.4921875,70.0,11.51795770386541,937,0.4957681342282679,0.8009830396210772,0.8501749192166951,951.6081847019789,14.608184701978871,7,0.5463539231780686,0.7708886635693785,0.8529247042240627,0.8301369863013699,3.8606660402319903,0.0,0.5298207648598163,0.8203086812355943,0.6043677771171634,940.860666040232,0.9580107408452114,0.5200240683121075,0.5746601273785387,0.9671514387857002,0.6831936154054284,11.009213957266569,0.5746601273785387,0.7666666666666667,0.8009830396210772,0.04666666666666667,0.2569074535898196,0.28377943841215425
2025-01-16,99756.90625,75.0,11.51049156794441,938,0.3039700237536569,0.8018176647588778,0.7973524022671878,958.3812683280887,20.38126832808871,4,0.502284123282721,0.7765121183311056,0.8428206493228128,0.8383561643835616,4.529294829551645,0.7897577924655542,0.530203596139322,0.8000285668617504,0.3799489622552249,942.5292948295516,0.9509198515099888,0.3261581237728934,0.529477944904785,0.9642002410992072,0.6280582239235732,9.734811419581737,0.529477944904785,0.6722222222222223,0.8018176647588778,0.02666666666666667,0.2055099553335797,0.2695486233069589
2025-01-17,104462.0390625,75.0,11.556579021831368,939,0.6687541596252847,0.7848380554316067,0.8289546553578834,955.8830841008676,16.883084100867563,12,0.5325514026177325,0.7780259250766511,0.8402995595110073,0.8136986301369863,4.801084283962723,0.0,0.4503083968439997,0.8021957223053334,0.8336546070121552,943.8010842839627,0.9480525166674857,0.7056464232775955,0.561508577336205,0.9612642912025304,0.6654393844851335,10.146663888748694,0.561508577336205,0.7222222222222222,0.7848380554316067,0.08,0.3148502385136958,0.2777852806172747
2025-01-18,104408.0703125,77.0,11.556062253286912,940,0.59568252410935,0.6738922081589647,0.8634744305790878,953.2111893886487,13.211189388648677,11,0.5440297883434811,0.7590925220007081,0.8445131724324764,0.7863013698630137,4.697284770123247,0.0,0.39520398978821925,0.7441389782078643,0.8004990217606297,944.6972847701232,0.9491465628912966,0.6186547876863338,0.5718987973998647,0.9590610678732151,0.6899956821715874,10.301815908976204,0.5718987973998647,0.7444444444444445,0.6738922081589647,0.07333333333333333,0.27750756798110765,0.27773478741069885
2025-01-19,101089.609375,77.0,11.523762624009665,941,0.2386820126565786,0.7742677603046569,0.8918960579055509,951.2965112183277,10.296511218327737,3,0.48851201094586244,0.7618516562377896,0.8531282425184898,0.7506849315068493,4.325782527095043,0.0,0.3174782543765186,0.8193329174727777,0.2913126124515909,945.325782527095,0.9530725499120125,0.24510060208713327,0.5124809437066408,0.9579722464257237,0.6175078513134061,8.974213016435074,0.5124809437066408,0.6333333333333333,0.7742677603046569,0.02,0.17936871791218884,0.2598500475018788
2025-01-20,102016.6640625,76.0,11.53289145208423,942,0.711344400863041,0.6790259168127468,0.8221199556151263,959.6282066850881,17.628206685088117,21,0.529026990930804,0.7467924308877818,0.8474903721724237,0.7643835616438356,4.6879181611896,0.6331575709106235,0.30196107517316273,0.7330032266671446,0.970451936613454,946.6879181611896,0.9492453489725476,0.7534548495961156,0.5562943811410908,0.9563855377978734,0.681679503186142,11.160719740719607,0.5562943811410908,0.7055555555555556,0.6790259168127468,0.14,0.3610630318653001,0.2782524082952281
2025-01-21,106146.265625,76.0,11.572573286342994,943,0.8069472277814305,0.8893065924860218,0.7996188966872759,963.1258039563736,20.125803956373602,18,0.5795579430854634,0.7727040966329164,0.8387864675387604,0.7890410958904109,5.253431094064354,0.920492017044252,0.315075749711417,0.8522835901259253,0.9468060128462683,948.2534310940644,0.9432994875294114,0.8620883054994641,0.6118932764789768,0.9540062559308803,0.7298843231243468,12.404225242406952,0.6118932764789768,0.8277777777777777,0.8893065924860218,0.12,0.39911992147627334,0.3002283197826909
2025-01-22,103653.0703125,84.0,11.548804739349952,944,0.722897290765482,0.7772827749620663,0.7661591368232458,967.9728842357016,23.9728842357016,17,0.6056196426636485,0.7735365836018527,0.8255814983177577,0.8054794520547945,6.131474250410747,0.7781452046802693,0.31215525851006987,0.7728140697838205,0.935409070603099,950.1314742504107,0.9341413707405437,0.782553513361744,0.6429224104576617,0.9503944586235462,0.7672524590295744,13.239820652878414,0.6429224104576617,0.8444444444444444,0.7772827749620663,0.11333333333333333,0.35982430156901973,0.31106395283475063
2025-01-23,103960.171875,75.0,11.551763142034167,945,0.7706720934530142,0.8465747170947964,0.6818769145908748,979.4615503109502,34.4615503109502,28,0.635629179170806,0.7868162442369333,0.7994533921855972,0.8136986301369863,7.924814827604905,0.8632189085678912,0.39847714936685896,0.7763929290668302,0.992631520201128,952.9248148276049,0.9157118865810129,0.8671431124050969,0.6836898108117409,0.9440885364339946,0.808230470151675,15.92348962508234,0.6836898108117409,0.9055555555555556,0.8465747170947964,0.18666666666666668,0.46240858167821375,0.3385811580790167
2025-01-24,104819.484375,75.0,11.559994953196949,946,0.7552949885903728,0.8529043190043512,0.6390212627838099,986.3035795059554,40.30357950595544,29,0.6573865990652726,0.7988322578310092,0.7702839141125448,0.8054794520547945,10.103744796971682,0.9398866052597311,0.49246580989283206,0.759882270691798,0.9939631673505832,956.1037447969717,0.8938084119536616,0.8637901642885012,0.7164353296256972,0.9349466956193886,0.8420000514605674,18.301036965976458,0.7164353296256972,0.95,0.8529043190043512,0.19333333333333333,0.4710455265462786,0.3626655887094279
2025-01-25,104714.6484375,75.0,11.558994295739945,947,0.7038695312600278,0.853632653511983,0.7145528991287157,977.24884230052,30.248842300519982,14,0.6658380412825009,0.8087959661366408,0.7601510022973031,0.7643835616438356,11.117563606833414,0.0,0.49246580989283206,0.7950169095966101,0.8853516482022624,958.1175636068334,0.8837964663670826,0.7663361559577959,0.7255082071406243,0.9256466539371511,0.8498821599590574,17.51903024488983,0.7255082071406243,0.95,0.853632653511983,0.09333333333333334,0.3521902447656281,0.3607609807196461
2025-01-26,102682.5,73.0,11.53939698217602,948,0.7266781403420796,0.7708534555811862,0.9017953769348251,957.3030875544964,9.303087554496415,14,0.6768998774751516,0.8018973278538309,0.7859045249586708,0.7232876712328767,10.039994458991828,0.9141027902604775,0.5049003096723245,0.8207791128165006,0.8853516482022624,958.0399944589918,0.894441753885318,0.7243020595158726,0.7252889075724875,0.9199730357459087,0.8563311578214582,16.879206564000768,0.7252889075724875,0.9444444444444444,0.7708534555811862,0.09333333333333334,0.33128197361060296,0.3554011612452746
2025-01-27,102087.6875,71.0,11.533587404324573,949,0.5658681139231986,0.8354070888697345,0.4047077561184663,1030.4131055960017,81.41310559600174,15,0.6567122841020692,0.8079900116749043,0.716596021533179,0.6986301369863014,15.932671710135537,0.9189601552586678,0.5967963251981911,0.6251662218255972,0.9051482536448665,964.9326717101355,0.8377549148394472,0.7570166041804103,0.731057579683019,0.9050242864901884,0.8652069934257142,16.537532643273355,0.731057579683019,0.9555555555555556,0.8354070888697345,0.1,0.3573871174796266,0.35576224419697494
2025-01-28,101332.4765625,72.0,11.526162236709176,950,0.54970655905261,0.7746842949592085,0.4029055444262951,1031.8147813024864,81.81478130248638,16,0.6372566977294402,0.8019344268175049,0.6595613893319274,0.6931506849315069,21.302396433216586,0.8300931421197408,0.6798056394101653,0.5964254247630327,0.9216685544064713,971.3023964332166,0.7892333137278986,0.7193359822518216,0.7289263801500739,0.8839713823515902,0.8754727317858517,16.439799435405472,0.7289263801500739,0.95,0.7746842949592085,0.10666666666666667,0.3504986426511939,0.3548052257341056
2025-01-29,103703.2109375,72.0,11.549288357455707,951,0.6431696606802785,0.7211960023007611,0.548424012120889,1005.0635891826709,54.06358918267085,30,0.6383317819023199,0.787254713269006,0.6393545934753749,0.6958904109589041,23.5177481236409,0.94197695437635,0.7740033348478003,0.6463661002545849,0.9950547536867305,974.5177481236409,0.7700434689970584,0.7366904872891817,0.7303380359935481,0.8632572162871298,0.8972149175860115,18.90529044714993,0.7303380359935481,0.95,0.7211960023007611,0.2,0.43176157041077473,0.36879728840259085
2025-01-30,104735.3046875,70.0,11.559191538563434,952,0.60517213480484,0.6547861232568539,0.5421957829466271,1007.0915307657197,55.091530765719654,32,0.6323027551573235,0.7631695150849783,0.6216893551974207,0.6712328767123288,25.620013137172236,0.0,0.710687577756738,0.6071865381756262,0.9966823978396512,977.6200131371722,0.7522648577136598,0.6898660585432721,0.7229794946389525,0.8430767874555898,0.9152999139957642,21.286146729486305,0.7229794946389525,0.9222222222222223,0.6547861232568539,0.21333333333333335,0.4181028884421917,0.37776194295524557
2025-01-31,102405.0234375,76.0,11.536691047391125,953,0.29830026312823565,0.3832242693879116,0.9692117193811006,955.8144978473654,2.8144978473653737,6,0.571575029333853,0.6940885613218752,0.6848752395944534,0.6438356164383562,22.54329739528589,0.0,0.6186383760523129,0.5554427029811329,0.5370495669980352,975.5432973952859,0.7784262060092065,0.2732581683870697,0.6412119807749738,0.83132213628352,0.8465271236325407,18.506847324125157,0.6412119807749738,0.7944444444444444,0.3832242693879116,0.04,0.15520145895462517,0.33729640040967823
2025-02-01,100655.90625,68.0,11.519463110419297,954,0.5833536013138574,0.46239817031406183,0.9476610469505458,958.8382547465279,4.838254746527923,18,0.5737165878756719,0.6519630356840909,0.732654477295561,0.6301369863013698,19.952340952547047,0.0,0.5408238555842859,0.6161279009627242,0.9468060128462683,973.952340952547,0.8011615416725357,0.545454725930378,0.623801570803229,0.8258383918087955,0.8647596489441275,18.41469326519331,0.623801570803229,0.7888888888888889,0.46239817031406183,0.12,0.2695765820311208,0.32498370615903144
2025-02-02,97688.9765625,60.0,11.489544002212748,955,0.0,0.0,0.0,,,0,0.4694044809891861,0.533424301923347,0.5994445723327316,0.6575342465753424,17.512904171021432,0.6410464355383104,0.5186066082813278,0.0,0.0,972.5129041710214,0.8231738805581363,0.0,0.51038310338446,0.8253539352177666,0.707530621863377,15.066567216976344,0.51038310338446,0.5555555555555556,0.0,0.0,0.0,0.26589575958466205
2025-02-03,101405.421875,44.0,11.526881838877394,956,0.0,0.0,0.0,,,0,0.38405821171842497,0.43643806521001116,0.4904546500904168,0.6657534246575343,15.210556606783939,0.4007157209355606,0.46468951984891077,0.0,0.0,971.2105566067839,0.8445036805201324,0.0,0.41758617549637633,0.8288357070909239,0.5788886906154902,12.32719135934428,0.41758617549637633,0.48333333333333334,0.0,0.0,0.0,0.21755107602381438
2025-02-04,97871.8203125,72.0,11.491413945536776,957,0.0,0.0,0.0,,,0,0.3142294459514386,0.35708568971728183,0.4012810773467046,0.6684931506849315,13.032242143902408,0.0,0.46468951984891066,0.0,0.0,970.0322421439024,0.8651929870766509,0.0,0.34166141631521696,0.8354461216337834,0.47363620141267376,10.0858838394635,0.34166141631521696,0.4388888888888889,0.0,0.0,0.0,0.1779963349285754
2025-02-05,96615.4453125,54.0,11.478493896783021,958,0.0,0.0,0.0,,,0,0.2570968194148134,0.2921610188595942,0.32832088146548555,0.6328767123287671,10.96614810605729,0.0,0.37327924082286296,0.0,0.0,968.9661481060573,0.8852846121128035,0.0,0.27954115880335934,0.8445076653572416,0.3875205284285512,8.252086777742864,0.27954115880335934,0.4111111111111111,0.0,0.0,0.0,0.14563336494156168
2025-02-06,96593.296875,49.0,11.478264627265025,959,0.0,0.0,0.0,,,0,0.21035194315757458,0.23904083361239525,0.26862617574448816,0.6164383561643836,9.001586833721149,0.0,0.2813832252969962,0.0,0.0,968.0015868337211,0.904821464548523,0.0,0.2287154935663849,0.8554738106647473,0.31706225053245096,6.751707363607798,0.2287154935663849,0.37222222222222223,0.0,0.0,0.0,0.11915457131582319
2025-02-07,96529.0859375,44.0,11.477599650591364,960,0.0,0.0,0.0,,,0,0.1721061353107428,0.195578863864687,0.21978505288185393,0.6,7.128888539702757,0.0,0.1983739110850221,0.0,0.0,967.1288885397028,0.9238460140740437,0.0,0.18713085837249674,0.8679051203755284,0.2594145686174599,5.524124206588198,0.18713085837249674,0.35,0.0,0.0,0.0,0.09749010380385532
2025-02-08,96482.453125,44.0,11.477116437891917,961,0.6242843615980405,0.6921437381586519,0.6860604817832432,994.9110540350063,33.91105403500626,15,0.25432035827206967,0.28586338646358966,0.30456240359119746,0.589041095890411,8.774809063064936,0.0,0.1041762156473871,0.6897039894670972,0.9051482536448665,969.7748090630649,0.9071042659949641,0.6980722563809999,0.2800292943740428,0.8750322377608803,0.37682069316789746,7.247010714481252,0.2800292943740428,0.4111111111111111,0.6921437381586519,0.1,0.3192403486988713,0.13780833014840368
2025-02-09,96500.09375,46.0,11.477299258829197,962,0.47714783183063975,0.34519660611339475,0.7850822600291364,983.7770099159391,21.77700991593906,30,0.2948344443736278,0.29665124458173603,0.39192965021627724,0.6054794520547945,9.1083520014339,0.6220964903846368,0.1663858646858508,0.47951917224934787,0.9950547536867305,971.1083520014339,0.9037487296737331,0.5047844513460134,0.3208938683689465,0.8802534181086716,0.4892268859895034,11.383917857302844,0.3208938683689465,0.42777777777777776,0.34519660611339475,0.2,0.27749292104795126,0.16320552849377595
2025-02-10,97437.5546875,43.0,11.48696698705719,963,0.21351185138867868,0.1335935957260911,0.5534484972000306,1016.2427922436716,53.2427922436716,15,0.28004851837636435,0.2670043993352551,0.42129671330423235,0.5917808219178082,12.40687011974228,0.0,0.1663858646858508,0.23588605571397336,0.9051482536448665,975.4068701197423,0.871225783477405,0.25600201828205177,0.3090953501713293,0.8786120299938959,0.5648489528359331,12.041387337793235,0.3090953501713293,0.4166666666666667,0.1335935957260911,0.1,0.11897929289187847,0.15516439474797641
2025-02-11,95747.4296875,47.0,11.469469062687807,964,0.0,0.0,0.0,,,0,0.2291306059442981,0.21845814491066326,0.344697310885281,0.5753424657534246,15.296005560116555,0.0,0.1663858646858508,0.0,0.0,979.2960055601166,0.8437022615205712,0.0,0.2528961955947239,0.8722647993623822,0.46214914322939976,9.852044185467191,0.2528961955947239,0.38333333333333336,0.0,0.0,0.0,0.1269526866119807
2025-02-12,97885.859375,46.0,11.491557378607155,965,0.0,0.0,0.0,,,0,0.18747049577260752,0.17873848219963356,0.2820250725425026,0.5671232876712329,17.814747149026516,0.0,0.10228122113201973,0.0,0.0,982.8147471490265,0.8204177354304946,0.0,0.20691506912295593,0.8628380604656753,0.37812202627859975,8.060763424473155,0.20691506912295593,0.3333333333333333,0.0,0.0,0.0,0.10387037995525693
2025-02-13,96623.8671875,50.0,11.478581062017636,966,0.0,0.0,0.0,,,0,0.15338495108667888,0.14624057634515472,0.2307477866256839,0.5506849315068493,19.998370491373635,0.0,0.062209649038463675,0.0,0.0,985.9983704913736,0.800751900920339,0.0,0.16929414746423666,0.8515496678210687,0.309372566955218,6.595170074568944,0.16929414746423666,0.3111111111111111,0.0,0.0,0.0,0.08498485632702839
2025-02-14,97508.96875,48.0,11.487699639934865,967,0.0,0.0,0.0,,,0,0.12549677816182817,0.11965138064603567,0.18879364360283227,0.5397260273972603,21.878791610640064,0.0,0.062209649038463675,0.0,0.0,988.8787916106401,0.7841949062934661,0.0,0.13851339337982999,0.8393033475433227,0.2531230093269965,5.396048242829136,0.13851339337982999,0.3,0.0,0.0,0.0,0.06953306426756868
2025-02-15,97580.3515625,50.0,11.488431436176414,968,0.0,0.0,0.0,,,0,0.10267918213240486,0.09789658416493827,0.15446752658413548,0.5260273972602739,23.484886909024,0.0,0.062209649038463675,0.0,0.0,991.484886909024,0.7703246821517339,0.0,0.1133291400380427,0.8267617720175793,0.2071006439948153,4.4149485623147475,0.1133291400380427,0.29444444444444445,0.0,0.0,0.0,0.05689068894619255
2025-02-16,96175.03125,54.0,11.473925052548958,969,0.0,0.0,0.0,,,0,0.08401023992651306,0.08009720522585857,0.12638252175065628,0.5068493150684932,24.84278265518094,0.0,0.062209649038463675,0.0,0.0,993.8427826551809,0.7587894698491173,0.0,0.09272384184930765,0.8144031716233134,0.1694459814503034,3.612230641893884,0.09272384184930765,0.2833333333333333,0.0,0.0,0.0,0.04654692731961208
2025-02-17,95773.3828125,51.0,11.469740084148297,970,0.0,0.0,0.0,,,0,0.06873565084896523,0.06553407700297519,0.10340388143235514,0.4958904109589041,25.976116901703904,0.0,0.062209649038463675,0.0,0.0,995.9761169017039,0.7492942457591292,0.0,0.07586496151306989,0.8025651851025526,0.13863762118661185,2.955461434276814,0.07586496151306989,0.2722222222222222,0.0,0.0,0.0,0.03808384962513715
2025-02-18,95539.546875,47.0,11.467295544154812,971,0.0,0.0,0.0,,,0,0.056238259785517,0.05361879027516151,0.08460317571738148,0.4767123287671233,26.906276458081834,0.0,0.062209649038463675,0.0,0.0,997.9062764580818,0.7415900903757475,0.0,0.06207133214705718,0.7914788042431334,0.11343078097086423,2.418104809862848,0.06207133214705718,0.2611111111111111,0.0,0.0,0.0,0.03115951332965767
2025-02-19,96635.609375,44.0,11.478702579344736,972,0.0,0.0,0.0,,,0,0.04601312164269572,0.043869919316041235,0.06922078013240301,0.4712328767123288,27.65261129480473,0.0,0.0,0.0,0.0,999.6526112948047,0.7354658017600433,0.0,0.05078563539304678,0.7812946219734807,0.09280700261252528,1.9784493898877846,0.05078563539304678,0.25,0.0,0.0,0.0,0.025494147269719908
2025-02-20,98333.9375,49.0,11.496124490702769,973,0.0,0.0,0.0,,,0,0.03764709952584195,0.03589357034948828,0.05663518374469337,0.4657534246575342,28.232628528030205,0.0,0.0,0.0,0.0,1001.2326285280302,0.7307412328481274,0.0,0.04155188350340191,0.7721030966779618,0.07593300213752067,1.6187313189990964,0.04155188350340191,0.2388888888888889,0.0,0.0,0.0,0.020858847766134468
2025-02-21,96125.546875,55.0,11.473410395998524,974,0.0,0.0,0.0,,,0,0.03080217233932523,0.029367466649581318,0.04633787760929457,0.4575342465753425,28.66216792951991,0.0,0.0,0.0,0.0,1002.6621679295199,0.7272619626748029,0.0,0.033996995593692465,0.763950163222842,0.06212700174888055,1.3244165337265332,0.033996995593692465,0.22777777777777777,0.0,0.0,0.0,0.017066329990473656
2025-02-22,96577.7578125,49.0,11.47810374330072,975,0.0,0.0,0.0,,,0,0.025201777368538823,0.02402792725874835,0.03791280895305919,0.44931506849315067,28.955560721343886,0.0,0.0,0.0,0.0,1003.9555607213439,0.7248950070625216,0.0,0.02781572366756656,0.7568492257391474,0.05083118324908408,1.0836135275944363,0.02781572366756656,0.21666666666666667,0.0,0.0,0.0,0.013963360901296627
2025-02-23,96273.921875,50.0,11.474952760230378,976,0.0,0.0,0.0,,,0,0.02061963602880449,0.019659213211703195,0.031019570961593884,0.4383561643835616,29.12577324727988,0.0,0.0,0.0,0.0,1005.1257732472799,0.7235253447668756,0.0,0.02275831936437264,0.7507903382896434,0.04158914993106879,0.8865928862136296,0.02275831936437264,0.20555555555555555,0.0,0.0,0.0,0.011424568010151785
2025-02-24,91418.171875,49.0,11.423199554693888,977,0.0,0.0,0.0,,,0,0.016870611296294583,0.01608481080957534,0.025379648968576814,0.4301369863013699,29.184536961221966,0.0,0.0,0.0,0.0,1006.184536961222,0.7230530874437354,0.0,0.018620443116304886,0.7457472017722055,0.0340274863072381,0.7253941796293333,0.018620443116304886,0.19444444444444445,0.0,0.0,0.0,0.009347373826487823
2025-02-25,88736.171875,25.0,11.39342288533889,978,0.3274497948106707,0.2243507950764085,0.7407490317939116,1005.0084059632078,27.008405963207792,15,0.07333955375345388,0.053951353403545003,0.15544680948227407,0.4684931506849315,28.072524485220583,0.0,0.0,0.3617637149407186,0.9051482536448665,1006.0725244852206,0.7320423300726674,0.32590480495477736,0.07449032708693624,0.7432554069177439,0.1924130803686251,3.320777056060364,0.07449032708693624,0.26666666666666666,0.2243507950764085,0.1,0.16238898518165037,0.03717312134560829
2025-02-26,84347.0234375,21.0,11.34269479911792,979,0.46454615399307436,0.42975947439354173,0.757381285778407,1004.0099625092121,25.009962509212073,13,0.14446802652429397,0.1222801026744535,0.2648894415361164,0.4575342465753425,26.876090011315,0.0,0.0,0.5390897865194477,0.8617231593133063,1005.876090011315,0.7418388650911741,0.46070918834184416,0.1447119382241922,0.7429978538583676,0.31410582199493076,5.080635773140298,0.1447119382241922,0.3,0.42975947439354173,0.08666666666666667,0.22650412374238738,0.07159693996320449
2025-02-27,84704.2265625,10.0,11.34692077977887,980,0.25059070282990875,0.13951265130816465,0.7739139992427367,1003.0665071289773,23.066507128977264,15,0.1637630585798603,0.12541329333512824,0.35743936111913827,0.4438356164383562,25.608510689187597,0.0,0.0,0.27685045164792155,0.9051482536448665,1005.6085106891876,0.7523610070510056,0.24777551344950713,0.16345077008334036,0.7447002453479381,0.42156808229491904,6.884156541660244,0.16345077008334036,0.3055555555555556,0.13951265130816465,0.1,0.12211475860567915,0.08078199789819987
2025-02-28,84373.0078125,16.0,11.343002816784972,981,0.0,0.0,0.0,,,0,0.13398795701988567,0.10261087636510492,0.29245038637020404,0.4328767123287671,24.366415112024697,0.0,0.0,0.0,0.0,1005.3664151120247,0.7628163695331271,0.0,0.13373244825000574,0.7479940861088816,0.3449193400594792,5.632491715903836,0.13373244825000574,0.2833333333333333,0.0,0.0,0.0,0.06609436191670898
2025-03-01,86031.9140625,20.0,11.36247360014739,982,0.0,0.0,0.0,,,0,0.10962651028899735,0.0839543533896313,0.23927758884834874,0.4246575342465753,23.147376256496386,0.0,0.0,0.0,0.0,1005.1473762564964,0.7732189143512898,0.0,0.1094174576590956,0.7525804185165922,0.2822067327759375,4.6084023130122285,0.1094174576590956,0.26666666666666666,0.0,0.0,0.0,0.05407720520458007
2025-03-02,94248.3515625,26.0,11.453688615104253,983,0.0,0.0,0.0,,,0,0.08969441750917964,0.06868992550060742,0.1957725726941035,0.41643835616438357,21.94919824435169,0.0,0.0,0.0,0.0,1004.9491982443517,0.7835816737057977,0.0,0.08952337444835093,0.758217010369175,0.23089641772576702,3.770510983373641,0.08952337444835093,0.25555555555555554,0.0,0.0,0.0,0.0442449860764746
2025-03-03,86065.671875,33.0,11.362865910274797,984,0.0,0.0,0.0,,,0,0.0733863415984197,0.05620084813686061,0.16017755947699377,0.40821917808219177,20.76989432860171,0.0,0.0,0.0,0.0,1004.7698943286017,0.7939168043415366,0.0,0.07324639727592348,0.7647078820005134,0.18891525086653663,3.0849635318511606,0.07324639727592348,0.23333333333333334,0.0,0.0,0.0,0.036200443153479214
2025-03-04,87222.1953125,15.0,11.37621411090917,985,0.0,0.0,0.0,,,0,0.06004337039870702,0.04598251211197686,0.13105436684481309,0.4,19.607666976256496,0.0,0.0,0.0,0.0,1004.6076669762565,0.8042356414187528,0.0,0.05992887049848285,0.7718947473492841,0.15456702343625722,2.524061071514586,0.05992887049848285,0.21666666666666667,0.0,0.0,0.0,0.029618544398301173
2025-03-05,90623.5625,20.0,11.414469529962206,986,0.0,0.0,0.0,,,0,0.049126393962578466,0.0376220553643447,0.10722630014575615,0.38904109589041097,18.460889847944145,0.0,0.0,0.0,0.0,1004.4608898479441,0.8145487514257018,0.0,0.049032712226031415,0.7796500208177236,0.12646392826602862,2.065140876693752,0.049032712226031415,0.2,0.0,0.0,0.0,0.02423335450770096
2025-03-06,89961.7265625,25.0,11.40713959844688,987,0.0,0.0,0.0,,,0,0.04019432233301874,0.030781681661736573,0.08773060921016412,0.38082191780821917,17.3280914937568,0.0,0.0,0.0,0.0,1004.3280914937568,0.8248659836276432,0.0,0.040117673639480246,0.7878711049649816,0.10347048676311432,1.6896607172948876,0.040117673639480246,0.18333333333333332,0.0,0.0,0.0,0.01982729005175533
2025-03-07,86742.671875,34.0,11.37070122017757,988,0.0,0.0,0.0,,,0,0.03288626372701533,0.025185012268693557,0.07177958935377064,0.3726027397260274,16.20794060187302,0.0,0.0,0.0,0.0,1004.207940601873,0.8351965196821324,0.0,0.03282355115957474,0.7964757258226454,0.08465767098800261,1.3824496777867261,0.03282355115957474,0.16666666666666666,0.0,0.0,0.0,0.01622232822416345
2025-03-08,86154.59375,28.0,11.36389856322745,989,0.0,0.0,0.0,,,0,0.026906943049376176,0.020605919128931092,0.05872875492581234,0.36164383561643837,15.099232652073397,0.0,0.0,0.0,0.0,1004.0992326520734,0.8455489211606858,0.0,0.02685563276692479,0.8053981249750163,0.06926536717200213,1.1310951909164122,0.02685563276692479,0.15,0.0,0.0,0.0,0.013272814001588275
2025-03-09,80601.0390625,27.0,11.297266820005916,990,0.0,0.0,0.0,,,0,0.022014771585853233,0.016859388378216347,0.048050799484755546,0.35342465753424657,14.000877840349972,0.0,0.0,0.0,0.0,1004.00087784035,0.8559311748057495,0.0,0.021972790445665736,0.8145859522169677,0.05667166404981992,0.9254415198407008,0.021972790445665736,0.13333333333333333,0.0,0.0,0.0,0.010859575092208588
2025-03-10,78532.0,20.0,11.27126146401864,991,0.0,0.0,0.0,,,0,0.018012085842970826,0.013794045036722465,0.03931429048752726,0.3452054794520548,12.911890153552577,0.0,0.0,0.0,0.0,1003.9118901535526,0.866350735422906,0.0,0.017977737637362875,0.8239977309816837,0.04636772513167084,0.7571794253242097,0.017977737637362875,0.11666666666666667,0.0,0.0,0.0,0.008885106893625207
2025-03-11,82862.2109375,24.0,11.324934398083764,992,0.0,0.0,0.0,,,0,0.014737161144248856,0.01128603684822747,0.03216623767161321,0.336986301369863,11.831377484545442,0.0,0.0,0.0,0.0,1003.8313774845454,0.8768145663644135,0.0,0.01470905806693326,0.8336007919603619,0.03793722965318523,0.619510438901626,0.01470905806693326,0.10555555555555556,0.0,0.0,0.0,0.007269632912966078
2025-03-12,83722.359375,34.0,11.33526135789958,993,0.0,0.0,0.0,,,0,0.012057677299839972,0.009234030148549748,0.026317830822228987,0.3287671232876712,10.758532688777109,0.0,0.0,0.0,0.0,1003.7585326887771,0.8873291776040608,0.0,0.012034683872945394,0.8433695893501253,0.031039551534424278,0.5068721772831486,0.012034683872945394,0.1,0.0,0.0,0.0,0.005947881474244972
2025-03-13,81066.703125,45.0,11.303027590138669,994,0.0,0.0,0.0,,,0,0.009865372336232704,0.0075551155760861565,0.021532770672732807,0.32054794520547947,9.692625492605657,0.0,0.0,0.0,0.0,1003.6926254926057,0.8979006614370616,0.0,0.009846559532409867,0.8532843297295681,0.0253959967099835,0.41471359959530335,0.009846559532409867,0.09444444444444444,0.0,0.0,0.0,0.004866448478927704
2025-03-14,83969.1015625,27.0,11.338204171614592,995,0.0,0.0,0.0,,,0,0.008071668275099484,0.006181458198615946,0.01761772145950866,0.31232876712328766,8.632995172260053,0.0,0.0,0.0,0.0,1003.63299517226,0.9085347258641757,0.0,0.008056275981062618,0.8633298562994968,0.02077854276271377,0.3393111269416118,0.008056275981062618,0.08888888888888889,0.0,0.0,0.0,0.003981639664577212
2025-03-15,84343.109375,46.0,11.342648393765865,996,0.0,0.0,0.0,,,0,0.006604092225081395,0.0050575567079585,0.014414499375961629,0.3041095890410959,7.579043930042644,0.0,0.0,0.0,0.0,1003.5790439300426,0.9192367257379745,0.0,0.006591498529960323,0.8734947416519472,0.017000625896765813,0.27761819477040967,0.006591498529960323,0.08333333333333333,0.0,0.0,0.0,0.0032577051801086277
2025-03-16,82579.6875,30.0,11.32151901522367,997,0.0,0.0,0.0,,,0,0.005403348184157505,0.004138000942875137,0.011793681307604968,0.2958904109589041,6.530230901369805,0.0,0.0,0.0,0.0,1003.5302309013698,0.9300116917624015,0.0,0.005393044251785719,0.8837705507629389,0.013909603006444754,0.2271421593576079,0.005393044251785719,0.07222222222222222,0.0,0.0,0.0,0.0026653951473616043
2025-03-17,84075.6875,32.0,11.339472713797754,998,0.0,0.0,0.0,,,0,0.0044209212415834125,0.003385637135079657,0.009649375615313155,0.2876712328767123,5.486066732570521,0.0,0.0,0.0,0.0,1003.4860667325705,0.9408643574456621,0.0,0.0044124907514610425,0.8941512428870703,0.011380584278000252,0.1858435849289519,0.0044124907514610425,0.06111111111111111,0.0,0.0,0.0,0.0021807778478413124
2025-03-18,82718.5,34.0,11.32319855611556,999,0.0,0.0,0.0,,,0,0.003617117379477337,0.0027700667468833554,0.007894943685256216,0.27945205479452057,4.4461086750854975,0.0,0.0,0.0,0.0,1003.4461086750855,0.9517991841118474,0.0,0.0036102197057408525,0.9046326867461205,0.009311387136545661,0.152053842214597,0.0036102197057408525,0.05,0.0,0.0,0.0,0.0017842727845974373
2025-03-19,86854.2265625,32.0,11.37198643556862,1000,0.0,0.0,0.0,,,0,0.0029594596741178212,0.002266418247450018,0.006459499378845994,0.27123287671232876,3.409956146884724,0.0,0.0,0.0,0.0,1003.4099561468847,0.9628203840793357,0.0,0.002953816122878879,0.9152122680794323,0.007618407657173722,0.12440768908467026,0.002953816122878879,0.044444444444444446,0.0,0.0,0.0,0.0014598595510342668
2025-03-20,84167.1953125,49.0,11.34056051995031,1001,0.0,0.0,0.0,,,0,0.00242137609700549,0.0018543422024591056,0.00528504494632854,0.26301369863013696,2.3772467166078286,0.0,0.0,0.0,0.0,1003.3772467166078,0.9739319421144647,0.0,0.00241675864599181,0.9258885724494381,0.006233242628596682,0.10178810925109384,0.00241675864599181,0.03888888888888889,0.0,0.0,0.0,0.001194430541755309
2025-03-21,84043.2421875,31.0,11.339086733314021,1002,0.0,0.0,0.0,,,0,0.001981125897549946,0.0015171890747392681,0.004324127683359714,0.2547945205479452,1.3476524701668495,0.0,0.0,0.0,0.0,1003.3476524701668,0.9851376352678154,0.0,0.001977347983084208,0.9366611293255067,0.005099925787033648,0.0832811802963495,0.001977347983084208,0.03333333333333333,0.0,0.0,0.0,0.0009772613523452527
2025-03-22,83832.484375,32.0,11.336575853062984,1003,0.0,0.0,0.0,,,0,0.0016209211889045012,0.0012413365156957647,0.003537922650021584,0.2465753424657534,0.3208767233868457,0.0,0.0,0.0,0.0,1003.3208767233868,0.9964410511980094,0.0,0.0016178301679779883,0.947530206029598,0.00417266655302753,0.06813914751519504,0.0016178301679779883,0.027777777777777776,0.0,0.0,0.0,0.0007995774701006612
2025-03-23,86054.375,30.0,11.362734642880659,1004,0.0,0.0,0.0,,,0,0.0013262082454673192,0.0010156389673874437,0.0028946639863812957,0.23835616438356164,-0.7033489522711989,0.0,0.0,0.0,0.0,1003.2966510477288,1.0,0.0,0.0013236792283456266,0.957070168569671,0.0034139999070225244,0.05575021160334139,0.0013236792283456266,0.022222222222222223,0.0,0.0,0.0,0.0006541997482641772
2025-03-24,87498.9140625,45.0,11.379381661554406,1005,0.0,0.0,0.0,,,0,0.0010850794735641702,0.000830977336953363,0.002368361443402878,0.23013698630136986,-1.7252674207237533,0.0,0.0,0.0,0.0,1003.2747325792762,1.0,0.0,0.0010830102777373309,0.9648755924660943,0.0027932726512002472,0.04561380949364295,0.0010830102777373309,0.016666666666666666,0.0,0.0,0.0,0.0005352543394888722
2025-03-25,87471.703125,46.0,11.379070627185817,1006,0.0,0.0,0.0,,,0,0.0008877922965525028,0.0006798905484163879,0.001937750271875082,0.2219178082191781,-2.7450984159903555,0.0,0.0,0.0,0.0,1003.2549015840096,1.0,0.0,0.0008860993181487252,0.9712618483813498,0.0022854048964365656,0.03732038958570787,0.0008860993181487252,0.011111111111111112,0.0,0.0,0.0,0.0004379353686727136
2025-03-26,86900.8828125,47.0,11.372523470148947,1007,0.0,0.0,0.0,,,0,0.0007263755153611387,0.0005562740850679537,0.001585432040625067,0.2136986301369863,-3.763040745041053,0.0,0.0,0.0,0.0,1003.236959254959,1.0,0.0,0.0007249903512125933,0.9764869668574678,0.001869876733448099,0.030534864206488252,0.0007249903512125933,0.005555555555555556,0.0,0.0,0.0,0.00035831075618676563
2025-03-27,87177.1015625,40.0,11.375696978652183,1008,0.0,0.0,0.0,,,0,0.0005943072398409316,0.0004551333423283257,0.0012971716696023275,0.2054794520547945,-4.779274280848767,0.0,0.0,0.0,0.0,1003.2207257191512,1.0,0.0,0.0005931739237193945,0.9807620637924737,0.0015298991455484445,0.024983070714399477,0.0005931739237193945,0.005555555555555556,0.0,0.0,0.0,0.00029316334597099007
2025-03-28,84353.1484375,44.0,11.342767413151854,1009,0.0,0.0,0.0,,,0,0.0004862513780516713,0.00037238182554135736,0.001061322275129177,0.19726027397260273,-5.793961765627273,0.0,0.0,0.0,0.0,1003.2060382343727,1.0,0.0,0.0004853241194067773,0.9842598703756602,0.0012517356645396363,0.0204406942208723,0.0004853241194067773,0.005555555555555556,0.0,0.0,0.0,0.00023986091943081005
2025-03-29,82597.5859375,26.0,11.321735733143727,1010,0.0,0.0,0.0,,,0,0.00039784203658773103,0.00030467603907929235,0.0008683545887420538,0.18904109589041096,-6.807250442331565,0.0,0.0,0.0,0.0,1003.1927495576684,1.0,0.0,0.00039708337042372685,0.98712171212554,0.001024147361896066,0.01672420436253188,0.00039708337042372685,0.005555555555555556,0.0,0.0,0.0,0.00019624984317066275
2025-03-30,82334.5234375,32.0,11.318545781544014,1011,0.0,0.0,0.0,,,0,0.0003255071208445072,0.0002492803956103301,0.0007104719362434985,0.18082191780821918,-7.819273530778332,0.0,0.0,0.0,0.0,1003.1807264692217,1.0,0.0,0.00032488639398304923,0.9894632190118053,0.0008379387506422359,0.013683439932980627,0.00032488639398304923,0.005555555555555556,0.0,0.0,0.0,0.0001605680535032695
2025-03-31,82548.9140625,34.0,11.32114629435563,1012,0.0,0.0,0.0,,,0,0.00026632400796368767,0.0002039566873175428,0.0005812952205628624,0.1726027397260274,-8.83015156318254,0.0,0.0,0.0,0.0,1003.1698484368175,1.0,0.0,0.0002658161405315857,0.9913789973732952,0.0006855862505254657,0.011195541763347786,0.0002658161405315857,0.005555555555555556,0.0,0.0,0.0,0.0001313738619572205
2025-04-01,85169.171875,34.0,11.352394814887198,1013,0.0,0.0,0.0,,,0,0.00021790146106119898,0.0001668736532598077,0.00047560518046052373,0.1643835616438356,-9.839993592500605,0.0,0.0,0.0,0.0,1003.1600064074994,1.0,0.0,0.00021748593316220648,0.9929464523963323,0.000560934204975381,0.00915998871546637,0.00021748593316220648,0.005555555555555556,0.0,0.0,0.0,0.00010748770523772585
2025-04-02,82485.7109375,44.0,11.320380356564213,1014,0.0,0.0,0.0,,,0,0.00017828301359552642,0.00013653298903075175,0.000389131511285883,0.15616438356164383,-10.848898285693167,0.0,0.0,0.0,0.0,1003.1511017143068,1.0,0.0,0.00017794303622362348,0.994228915596999,0.0004589461677071299,0.00749453622174521,0.00017794303622362348,0.005555555555555556,0.0,0.0,0.0,8.794448610359387e-05
2025-04-03,83102.828125,25.0,11.327834013056254,1015,0.0,0.0,0.0,,,0,0.0001458679202145216,0.0001117088092069787,0.00031838032741572246,0.14794520547945206,-11.856954912867423,0.0,0.0,0.0,0.0,1003.1430450871326,1.0,0.0,0.00014558975691023737,0.9952782036702719,0.00037550140994219714,0.00613189327233699,0.00014558975691023737,0.005555555555555556,0.0,0.0,0.0,7.195457953930407e-05
2025-04-04,83843.8046875,28.0,11.33671087886276,1016,0.0,0.0,0.0,,,0,0.00011934648017551767,9.139811662389165e-05,0.00026049299515831835,0.13972602739726028,-12.864244242215591,0.0,0.0,0.0,0.0,1003.1357557577844,1.0,0.0,0.00011911889201746694,0.9961367120938587,0.0003072284263163431,0.005017003586457537,0.00011911889201746694,0.005555555555555556,0.0,0.0,0.0,5.8871928713976056e-05
2025-04-05,83504.796875,30.0,11.332659356793688,1017,0.0,0.0,0.0,,,0,9.764712014360536e-05,7.478027723772953e-05,0.00021313063240226046,0.13150684931506848,-13.870839349720995,0.0,0.0,0.0,0.0,1003.129160650279,1.0,0.0,9.746091165065477e-05,0.9968391280767934,0.00025136871244064437,0.00410482111619253,9.746091165065477e-05,0.005555555555555556,0.0,0.0,0.0,4.8167941675071316e-05
2025-04-06,78214.484375,34.0,11.267210131568591,1018,0.0,0.0,0.0,,,0,7.989309829931347e-05,6.118386319450597e-05,0.0001743796083291222,0.1232876712328767,-14.876806351749678,0.0,0.0,0.0,0.0,1003.1231936482503,1.0,0.0,7.974074589599026e-05,0.997413832062831,0.00020566531017870903,0.0033584900041575246,7.974074589599026e-05,0.005555555555555556,0.0,0.0,0.0,3.941013409778562e-05
2025-04-07,79235.3359375,23.0,11.28017763912939,1019,0.0,0.0,0.0018945311467021368,1583.1905498343606,564.1905498343606,1,6.536708042671103e-05,5.005952443186852e-05,0.00048713443348785213,0.11506849315068493,39.367703761213306,0.0,0.0,0.0,0.09966799462495582,1058.3677037612133,0.6457008708365272,0.0,6.524242846035567e-05,0.9334660209307757,0.01828972518559273,0.18456603727612889,6.524242846035567e-05,0.005555555555555556,0.0,0.006666666666666667,0.0,3.2244655170915504e-05
2025-04-08,76271.953125,24.0,11.24206056286764,1020,0.0,0.0,0.0,,,0,5.348215671276356e-05,4.095779271698333e-05,0.0003985645364900608,0.1095890410958904,88.35083195865582,0.0,0.0,0.0,0.0,1108.3508319586558,0.3746826377525417,0.0,5.3380168740290994e-05,0.8318690421710967,0.01496432060639405,0.15100857595319636,5.3380168740290994e-05,0.005555555555555556,0.0,0.0,0.0,2.638199059438541e-05
2025-04-09,82573.953125,18.0,11.321449572310021,1021,0.0,0.0,0.0,,,0,4.3758128219533823e-05,3.351092131389545e-05,0.0003260982571282315,0.10410958904109589,132.57366223253257,0.0,0.0,0.0,0.0,1153.5736622325326,0.2292274145711228,0.0,4.367468351478354e-05,0.7222978371529196,0.01224353504159513,0.12355247123443337,4.367468351478354e-05,0.005555555555555556,0.0,0.0,0.0,2.158526503176988e-05
2025-04-10,79626.140625,39.0,11.285097717732617,1022,0.0,0.0,0.0,,,0,3.580210490689131e-05,2.741802652955082e-05,0.0002668076649230985,0.09863013698630137,172.4895562898496,0.0,0.0,0.0,0.0,1194.4895562898496,0.1471135376374904,0.0,3.573383196664107e-05,0.6177188736046597,0.010017437761305106,0.10108838555544548,3.573383196664107e-05,0.005555555555555556,0.0,0.0,0.0,1.76606713896299e-05
2025-04-11,83404.8359375,25.0,11.33146157152789,1023,0.0,0.0,0.0,,,0,2.929263128745652e-05,2.2432930796905214e-05,0.00021829718039162604,0.09315068493150686,208.50869853218387,0.0,0.0,0.0,0.0,1231.5086985321839,0.09859218136445083,0.0,2.9236771609069966e-05,0.523332202288258,0.008196085441067813,0.08270867909081903,2.9236771609069966e-05,0.005555555555555556,0.0,0.0,0.0,1.4449640227879008e-05
2025-04-12,85287.109375,43.0,11.353778601016458,1024,0.0,0.0,0.0,,,0,2.3966698326100786e-05,1.835421610655881e-05,0.00017860678395678492,0.09041095890410959,241.00220818001026,0.0,0.0,0.0,0.0,1265.0022081800103,0.06871400019468507,0.0,2.3920994952875423e-05,0.44067434736215383,0.006705888088146392,0.06767073743794283,2.3920994952875423e-05,0.005555555555555556,0.0,0.0,0.0,1.1822432913719187e-05
2025-04-13,83684.9765625,45.0,11.334814748879587,1025,0.0,0.0,0.0,,,0,1.960911681226428e-05,1.5017085905366298e-05,0.00014613282323736948,0.08767123287671233,270.30585976613884,0.0,0.0,0.0,0.0,1295.3058597661388,0.04961815709147726,0.0,1.957172314326171e-05,0.3695732218583944,0.005486635708483412,0.055366966994680494,1.957172314326171e-05,0.005555555555555556,0.0,0.0,0.0,9.672899656679334e-06
2025-04-14,84542.390625,31.0,11.345008351755032,1026,0.0,0.0,0.0,,,0,1.6043822846398046e-05,1.2286706649845153e-05,0.0001195632190123932,0.08493150684931507,296.7234492964458,0.0,0.0,0.0,0.0,1322.7234492964458,0.03699667577085952,0.0,1.6013228026305033e-05,0.309104758933388,0.004489065579668246,0.0453002457229204,1.6013228026305033e-05,0.005555555555555556,0.0,0.0,0.0,7.914190628192182e-06
2025-04-15,83668.9921875,38.0,11.334623724129257,1027,0.0,0.0,0.0,,,0,1.3126764147052945e-05,1.0052759986236943e-05,9.78244519192308e-05,0.0821917808219178,320.52983982386627,0.0,0.0,0.0,0.0,1347.5298398238663,0.028397826605758947,0.0,1.3101732021522299e-05,0.2580671348738191,0.003672871837910383,0.03706383740966214,1.3101732021522299e-05,0.005555555555555556,0.0,0.0,0.0,6.475246877611785e-06
2025-04-16,84033.8671875,29.0,11.33897517737348,1028,0.0,0.0,0.0,,,0,1.0740079756679682e-05,8.224985443284771e-06,8.00381879339161e-05,0.07945205479452055,341.9737169677228,0.0,0.0,0.0,0.0,1369.9737169677228,0.022377305829286657,0.0,1.0719598926700061e-05,0.2152144386839041,0.003005076958290313,0.030324957880632657,1.0719598926700061e-05,0.005555555555555556,0.0,0.0,0.0,5.29792926350055e-06
2025-04-17,84895.75,30.0,11.349179312153636,1029,0.0,0.0,0.0,,,0,8.787337982737921e-06,6.729533544505721e-06,6.548579012774954e-05,0.07671232876712329,361.2800820026407,0.0,0.0,0.0,0.0,1390.2800820026407,0.018056976966247612,0.0,8.770580940027323e-06,0.179367627462512,0.002458699329510256,0.024811329175063082,8.770580940027323e-06,0.005555555555555556,0.0,0.0,0.0,4.334669397409541e-06
2025-04-18,84450.8046875,33.0,11.343924450757749,1030,0.0,0.0,0.0,,,0,7.189640167694662e-06,5.505981990959226e-06,5.357928283179507e-05,0.07397260273972603,378.6525075104237,0.0,0.0,0.0,0.0,1408.6525075104237,0.014887250798013422,0.0,7.1759298600223546e-06,0.14946210443260316,0.0020116630877811182,0.020300178415960702,7.1759298600223546e-06,0.005555555555555556,0.0,0.0,0.0,3.5465476887896245e-06
2025-04-19,85063.4140625,32.0,11.351152305111253,1031,0.0,0.0,0.0,,,0,5.88243286447745e-06,4.5048943562393666e-06,4.3837595044195965e-05,0.07123287671232877,394.2751782079415,0.0,0.0,0.0,0.0,1425.2751782079415,0.012514900389466907,0.0,5.87121534001829e-06,0.12456261278839656,0.0016459061627300056,0.016609236885786027,5.87121534001829e-06,0.005555555555555556,0.0,0.0,0.0,2.9017208362824197e-06
2025-04-20,85174.3046875,37.0,11.352455079155664,1032,0.0,0.0,0.0,,,0,4.81289961639064e-06,3.685822655104936e-06,3.586712321797851e-05,0.0684931506849315,408.3147374104576,0.0,0.0,0.0,0.0,1440.3147374104576,0.010707290486287891,0.0,4.803721641833146e-06,0.10386164509710406,0.0013466504967790953,0.01358937563382493,4.803721641833146e-06,0.005555555555555556,0.0,0.0,0.0,2.374135229685616e-06
2025-04-21,87518.90625,39.0,11.379610120434208,1033,0.0,0.0,0.0,,,0,3.937826958865069e-06,3.0156730814494927e-06,2.934582808743696e-05,0.06575342465753424,420.9219576413054,0.0,0.0,0.0,0.0,1453.9219576413054,0.009307724422897404,0.0,3.930317706954392e-06,0.08667002315633922,0.0011018049519101688,0.01111858006403858,3.930317706954392e-06,0.005555555555555556,0.0,0.0,0.0,1.9424742788336855e-06
2025-04-22,93441.890625,47.0,11.445095031429704,1034,0.0,0.0,0.0,,,0,3.221858420889602e-06,2.467368884822312e-06,2.401022298063024e-05,0.06301369863013699,432.23325213588214,0.0,0.0,0.0,0.0,1466.2332521358821,0.008208445707773399,0.0,3.2157144875081386e-06,0.07240428180205452,0.0009014767788355926,0.0090970200523952,3.2157144875081386e-06,0.005555555555555556,0.0,0.0,0.0,1.5892971372275608e-06
2025-04-23,93699.109375,72.0,11.44784396311197,1035,0.0,0.0,0.0,,,0,2.6360659807278557e-06,2.018756360309164e-06,1.964472789324292e-05,0.06027397260273973,442.3720423928801,0.0,0.0,0.0,0.0,1477.37204239288,0.007333921481564309,0.0,2.631039126143022e-06,0.06057330719832902,0.0007375719099563939,0.007443016406505163,2.631039126143022e-06,0.005555555555555556,0.0,0.0,0.0,1.3003340213680042e-06
2025-04-24,93943.796875,63.0,11.450451976850209,1036,0.0,0.0,0.27023841664908416,1153.7605616494973,117.76056164949728,1,2.1567812569591547e-06,1.6517097493438616e-06,0.04915033053174614,0.057534246575342465,410.5519013697008,0.0,0.0,0.0,0.09966799462495582,1446.5519013697008,0.010444416046578345,0.0,2.1526683759351997e-06,0.05145896335255616,0.018724921494501744,0.18790792251441332,2.1526683759351997e-06,0.005555555555555556,0.0,0.006666666666666667,0.0,1.0639096538465487e-06
2025-04-25,94720.5,60.0,11.458685728820116,1037,0.0,0.0,0.0,,,0,1.7646392102393084e-06,1.3513988858267958e-06,0.04021390679870138,0.0547945205479452,381.6670118725385,0.0,0.0,0.0,0.0,1418.6670118725385,0.01439686828354917,0.0,1.7612741257651632e-06,0.0447204006127367,0.015320390313683244,0.15374284569361088,1.7612741257651632e-06,0.005555555555555556,0.0,0.0,0.0,8.70471534965358e-07
2025-04-26,94646.9296875,65.0,11.457908717521786,1038,0.0,0.0,0.0008475442693253401,1674.5850736393563,636.5850736393563,11,1.443795717468525e-06,1.105689997494651e-06,0.033056386338814824,0.052054794520547946,405.04016061223547,0.0,0.0,0.0,0.8004990217606297,1443.0401606122355,0.011104040487399219,0.0,1.4410424665351333e-06,0.03860833513540261,0.15808014148585534,2.125789601022045,1.4410424665351333e-06,0.005555555555555556,0.0,0.07333333333333333,0.0,7.122039831534746e-07
2025-04-27,93754.84375,61.0,11.448438609164647,1039,0.0,0.0,0.0,,,0,1.1812874052015203e-06,9.046554524956235e-07,0.027046134277212128,0.049315068493150684,426.0920570910089,0.0,0.0,0.0,0.0,1465.0920570910089,0.00878810488153628,0.0,1.1790347453469271e-06,0.0331864750892451,0.12933829757933618,1.7392824008362187,1.1790347453469271e-06,0.005555555555555556,0.0,0.0,0.0,5.827123498528428e-07
2025-04-28,94978.75,54.0,11.461408461351107,1040,0.0,0.0,0.0,,,0,9.66507876983062e-07,7.401726429509646e-07,0.02212865531771901,0.04657534246575343,445.04377295275617,0.0,0.0,0.0,0.0,1485.0437729527562,0.007119407234637443,0.0,9.646647916474857e-07,0.02844700820658916,0.10582224347400232,1.4230492370478152,9.646647916474857e-07,0.005555555555555556,0.0,0.0,0.0,4.7676464987959863e-07
2025-04-29,94284.7890625,60.0,11.454075151925663,1041,0.0,0.0,0.0,,,0,7.907791720770506e-07,6.055957987780619e-07,0.0181052634417701,0.043835616438356165,462.095325399099,0.0,0.0,0.0,0.0,1503.095325399099,0.005890628949426017,0.0,7.892711931661246e-07,0.024345848341650402,0.08658183556963825,1.1643130121300305,7.892711931661246e-07,0.005555555555555556,0.0,0.0,0.0,3.9008016808330795e-07
2025-04-30,94207.3125,56.0,11.45325308494014,1042,0.0,0.0,0.0,,,0,6.47001140790314e-07,4.954874717275051e-07,0.014813397361448263,0.0410958904109589,477.42768237436144,0.0,0.0,0.0,0.0,1519.4276823743614,0.004967929991284101,0.0,6.457673398631928e-07,0.02082259045976562,0.07083968364788583,0.9526197371972975,6.457673398631928e-07,0.005555555555555556,0.0,0.0,0.0,3.191565011590701e-07
2025-05-01,96492.3359375,53.0,11.477218863836328,1043,0.0,0.0,0.0,,,0,5.293645697375297e-07,4.053988405043223e-07,0.012120052386639487,0.038356164383561646,491.2045767805514,0.0,0.0,0.0,0.0,1534.2045767805514,0.00426280181903288,0.0,5.283550962517031e-07,0.01781171979781421,0.057959741166452035,0.7794161486159706,5.283550962517031e-07,0.005555555555555556,0.0,0.0,0.0,2.611280464028755e-07
2025-05-02,96910.0703125,67.0,11.481538717272652,1044,0.0,0.0,0.0,,,0,4.331164661488879e-07,3.316899604126273e-07,0.009916406498159579,0.03561643835616438,503.5741479099613,0.0,0.0,0.0,0.0,1547.5741479099613,0.0037154023217403987,0.0,4.3229053329684793e-07,0.015248752983982608,0.047421606408915296,0.637704121594885,4.3229053329684793e-07,0.005555555555555556,0.0,0.0,0.0,2.1365021978417086e-07
2025-05-03,95891.796875,65.0,11.47097571889175,1045,0.0,0.0,0.0,,,0,3.5436801775818096e-07,2.713826948830587e-07,0.0081134234984942,0.03287671232876712,514.6704265508561,0.0,0.0,0.0,0.0,1559.670426550856,0.0032844361191399526,0.0,3.5369225451560283e-07,0.013073422644920306,0.03879949615274887,0.5217579176685422,3.5369225451560283e-07,0.005555555555555556,0.0,0.0,0.0,1.7480472527795796e-07
2025-05-04,94315.9765625,64.0,11.454405876991183,1046,0.0,0.0,0.0,,,0,2.899374690748753e-07,2.2204038672250255e-07,0.006638255589677073,0.030136986301369864,524.6146786545228,0.0,0.0,0.0,0.0,1570.6146786545228,0.002940863641814029,0.0,2.893845718764023e-07,0.011231139189810073,0.03174504230679453,0.4268928417288072,2.893845718764023e-07,0.005555555555555556,0.0,0.0,0.0,1.4302204795469285e-07
2025-05-05,94748.0546875,52.0,11.45897659173127,1047,0.0,0.0,0.0,,,0,2.3722156560671616e-07,1.8166940731841118e-07,0.005431300027917605,0.0273972602739726,533.5166210340305,0.0,0.0,0.0,0.0,1580.5166210340305,0.0026639042851860453,0.0,2.3676919517160187e-07,0.009673460116242066,0.025973216432831885,0.3492759614144786,2.3676919517160187e-07,0.005555555555555556,0.0,0.0,0.0,1.1701803923565778e-07
2025-05-06,96802.4765625,59.0,11.480427857260743,1048,0.0,0.0,0.0,,,0,1.9409037186004047e-07,1.4863860598779096e-07,0.004443790931932585,0.024657534246575342,541.4755212821567,0.0,0.0,0.0,0.0,1589.4755212821567,0.002438445139003492,0.0,1.9372025059494697e-07,0.008358002847653234,0.02125081344504427,0.2857712411573006,1.9372025059494697e-07,0.005555555555555556,0.0,0.0,0.0,9.574203210190182e-08
2025-05-07,97032.3203125,67.0,11.482799401084966,1049,0.17523331843101328,0.852069847986357,0.9442713182476212,1054.1607566660646,5.160756666064572,2,0.03186076215230666,0.1549219121563789,0.1753215231711487,0.021917808219178082,489.49316274729085,0.0,0.0,0.8878177789975945,0.197375320224904,1538.4931627472909,0.004344637645805384,0.020359138198987898,0.003701819989111923,0.0076283000836808975,0.05327345104138241,0.5974491973105187,0.003701819989111923,0.2833333333333333,0.852069847986357,0.013333333333333334,0.16153275977281234,0.029369671020355783
2025-05-08,103241.4609375,65.0,11.544825804618712,1050,0.0,0.0,0.0,,,0,0.02606789630643272,0.12675429176431,0.14344488259457622,0.019178082191780823,442.3662669300313,0.0,0.0,0.0,0.0,1492.3662669300313,0.007334392127676948,0.0,0.0030287618092733914,0.007574862273498361,0.043587369033858334,0.488822070526788,0.0030287618092733914,0.2777777777777778,0.0,0.0,0.0,0.024029730834836546
2025-05-09,102970.8515625,73.0,11.542201232622427,1051,0.49549987787449956,0.3565156452407897,0.9593720186526042,1054.7328720224302,3.7328720224302288,17,0.11141916568244487,0.1685290833054881,0.2917952709687631,0.5424657534246575,399.6868959864503,0.0,0.0,0.5297146387035024,0.935409070603099,1450.6868959864503,0.011784554908205857,0.08526563023632562,0.01798091970510107,0.00834026093435427,0.20573676931917484,3.4908544213400994,0.01798091970510107,0.3388888888888889,0.3565156452407897,0.11333333333333333,0.22541884528873626,0.06064593346281831
2025-05-10,104696.328125,70.0,11.558819325804295,1052,0.42052538606558043,0.42208955568030504,0.9630292695135275,1055.3904326195773,3.3904326195772683,9,0.16762029666119677,0.21463098737363662,0.4138378161587203,0.6246575342465753,361.0396137610337,0.42208169743436863,0.042208169743436864,0.58708172055396,0.7162978701990245,1413.0396137610337,0.018105287360369367,0.08579433104284483,0.030310630857418114,0.010115720284538832,0.2985660603882384,4.492517253823718,0.030310630857418114,0.37222222222222223,0.42208955568030504,0.06,0.1934208394182849,0.08478682545472133
2025-05-11,104106.359375,70.0,11.553168341834219,1053,0.768073406192214,0.6820272530073892,0.965233189448667,1056.184700376424,3.1847003764239616,23,0.27679358930319986,0.29961212657977343,0.514091520393256,0.684931506849315,326.053431533928,0.716560843974898,0.11386425414092667,0.7836712889857493,0.9800963962661914,1379.053431533928,0.026707365079704722,0.18289517437243458,0.05805327513287565,0.013132382974568993,0.42248066691150254,7.857514116764859,0.05805327513287565,0.4111111111111111,0.6820272530073892,0.15333333333333332,0.37543578733143196,0.1376320912504869
2025-05-12,102812.953125,70.0,11.54066662722695,1054,0.9285455291922623,0.9291010206881296,0.9666843206989946,1057.0494960145343,3.04949601453427,24,0.3952939420103021,0.4140646527812927,0.5963811204488448,0.7315068493150685,294.3863900558904,0.916994796144462,0.2055637337553729,0.9439557409948711,0.9836748576936802,1348.3863900558904,0.037969962608245804,0.25436971374043205,0.09374717306152226,0.01764830654432841,0.5245159743264439,10.792511550080338,0.09374717306152226,0.45555555555555555,0.9291010206881296,0.16,0.45971190997715766,0.19619205829169978
2025-05-13,104169.8125,70.0,11.553777659034473,1055,0.8898750916118887,0.8666568756712263,0.9735984313776039,1057.4080713620351,2.408071362035116,23,0.48521778739240873,0.4963541478521897,0.6649660860722555,0.7671232876712328,265.67416922790403,0.898341999020833,0.29539793365745615,0.9079464989382546,0.9800963962661914,1320.674169227904,0.05223851537965554,0.27616805084623464,0.1269146053860154,0.023937435423478797,0.607348778315489,13.012054904611185,0.1269146053860154,0.4722222222222222,0.8666568756712263,0.15333333333333332,0.433473889733411,0.23933420946292
2025-05-14,103539.4140625,73.0,11.547707631395067,1056,0.9048525185124927,0.8772195750872297,0.9597642748885777,1059.6960814496626,3.6960814496626426,30,0.561515011232424,0.5656024073494696,0.7185657567661323,0.7945205479452054,239.81911324902399,0.8340761582058805,0.37880554947804423,0.9093494756544465,0.9950547536867305,1295.819113249024,0.06962324316455921,0.31682078612759523,0.16144300188448446,0.03224394592185705,0.6778407738375328,16.10077219468188,0.16144300188448446,0.49444444444444446,0.8772195750872297,0.2,0.48559810903033684,0.284109463929723
2025-05-15,103744.640625,70.0,11.549687780132189,1057,0.9268269793525689,0.917386506908698,0.9464260359526564,1061.9556210562032,4.955621056203199,34,0.6279353690724503,0.6295631527238748,0.7599948984364093,0.8273972602739726,216.54639970685048,0.8577140862431574,0.46457695810235994,0.9288938350770188,0.9977749279342794,1273.5463997068505,0.0901688632895582,0.36189837547653114,0.19788943344667476,0.042775749079620895,0.7360106200369412,19.355177250194266,0.19788943344667476,0.5166666666666667,0.917386506908698,0.22666666666666666,0.524428725511208,0.32780387512635667
2025-05-16,103489.2890625,71.0,11.547223399013538,1058,0.8996280149528446,0.9173535339596925,0.9036157827832767,1067.1215925183083,9.121592518308262,25,0.6773340319597947,0.6818886765849325,0.7861077864994761,0.8082191780821918,195.8868942603226,0.0,0.46457695810235994,0.9118335469478118,0.9866142981514303,1253.8868942603226,0.11343548164562364,0.39225547655856585,0.23322871401247314,0.05562297318253048,0.7815749251486664,20.381508659249853,0.23322871401247314,0.5388888888888889,0.9173535339596925,0.16666666666666666,0.4637261029681983,0.35251700746123693
2025-05-17,103191.0859375,74.0,11.544337751724315,1059,0.8581449627242217,0.8994572849288784,0.9449892892767778,1064.0923517086146,5.092351708614615,17,0.7102087466442359,0.7214466053747408,0.8149953324589854,0.7863013698630137,176.8112235411122,0.0,0.46457695810235994,0.9174007284010388,0.935409070603099,1235.8112235411122,0.14021628572607045,0.4000454051410969,0.2635590214904047,0.07100357546317411,0.809544769776745,19.766688903022605,0.2635590214904047,0.5611111111111111,0.8994572849288784,0.11333333333333333,0.3927637438416249,0.3598345958940347
2025-05-18,106446.0078125,74.0,11.575393166682723,1060,0.8123281487068003,0.9310487794285985,0.8975953697310959,1069.7232312453611,9.723231245361148,14,0.7287759106556113,0.7595560915663513,0.8300135210539145,0.7671232876712328,159.9933195129454,0.0,0.46457695810235994,0.9175203438726985,0.8853516482022624,1219.9933195129454,0.16902586133019443,0.4165628387523628,0.2913778973562153,0.0888258092571778,0.8233278385813846,18.718200011563948,0.2913778973562153,0.5833333333333334,0.9310487794285985,0.09333333333333334,0.37102072669125324,0.3618684378571654
2025-05-19,105606.1796875,74.0,11.567472168310076,1061,0.0,0.0,0.0,,,0,0.5962711996273183,0.6214549840088328,0.6791019717713845,0.7506849315068493,144.68188253508038,0.0,0.46457695810235994,0.0,0.0,1205.6818825350804,0.20037263467533417,0.0,0.23840009783690339,0.10910705024229714,0.6736318679302237,15.314890918552319,0.23840009783690339,0.55,0.0,0.0,0.0,0.29607417642858985
2025-05-20,106791.0859375,71.0,11.578629737020153,1062,0.0,0.0,0.0,,,0,0.48785825424053314,0.5084631687344995,0.5556288859947691,0.7342465753424657,130.73343955510722,0.0,0.4223687883589231,0.0,0.0,1192.7334395551072,0.23396265442526729,0.0,0.19505462550292094,0.13180806918465535,0.5511533464883648,12.530365296997351,0.19505462550292094,0.5166666666666667,0.0,0.0,0.0,0.24224250798702804
2025-05-21,109678.078125,70.0,11.605304791517028,1063,0.0,0.0,0.0,,,0,0.39915675346952706,0.41601531987368134,0.45460545217753834,0.7205479452054795,118.01818162084578,0.0,0.3507127039614333,0.0,0.0,1181.0181816208458,0.26946598033601404,0.0,0.15959014813875347,0.1568367803030842,0.45094364712684387,10.25211706117965,0.15959014813875347,0.49444444444444446,0.0,0.0,0.0,0.1981984156257502
2025-05-22,111673.28125,72.0,11.623332755459392,1064,0.0,0.0,0.0,,,0,0.3265827982932494,0.34037617080573923,0.3719499154179859,0.7068493150684931,106.41866253746639,0.0,0.25901322434698704,0.0,0.0,1170.4186625374664,0.3065330853515208,0.0,0.13057375756807102,0.18405429031189086,0.36895389310378135,8.388095777328804,0.13057375756807102,0.4777777777777778,0.0,0.0,0.0,0.16216234005743196
2025-05-23,107287.796875,78.0,11.583270193120399,1065,0.32691053654948665,0.1744807062310791,0.9376414552642129,1070.794888221405,5.794888221405017,19,0.3266423870671107,0.31021335906489195,0.4748029226627545,0.6931506849315069,95.93068403117468,0.0,0.1691790244449038,0.3418717116453059,0.9562374581277391,1160.9306840311747,0.34441894844260834,0.21900246993591596,0.14665170527131555,0.21321150088111218,0.4757327231081373,10.317532908723566,0.14665170527131555,0.5,0.1744807062310791,0.12666666666666668,0.15350176837697876,0.1605876906609859
2025-05-24,107791.15625,66.0,11.587950895594474,1066,0.597739959023799,0.6557349490907675,0.5701177725843404,1116.572108883448,50.57210888344798,20,0.37593285469559945,0.3730354663423238,0.4921328953757701,0.7342465753424657,90.70605782662938,0.8988375198880405,0.17565516061311978,0.620044458662468,0.9640275800758169,1156.7060578266294,0.36500468605962116,0.5000873093262101,0.21091272419038729,0.24081026182265924,0.5645136061931699,12.077981470773826,0.21091272419038729,0.55,0.6557349490907675,0.13333333333333333,0.346746825153302,0.19443480602322522
2025-05-25,109035.390625,74.0,11.59942779314566,1067,0.7441426546357991,0.9159078338572769,0.9505190468661596,1071.5672370621521,4.567237062152117,11,0.442880091048363,0.47173953316322437,0.5754758320103863,0.7780821917808219,81.59759870620292,0.9083883046305334,0.1807225824518574,0.9295984559720266,0.8004990217606297,1148.597598706203,0.40387898594806854,0.5284116360480694,0.26863979907360225,0.2704591207545518,0.6074200453872535,11.881984839724039,0.26863979907360225,0.6,0.9159078338572769,0.07333333333333333,0.3336042959684462,0.21973834964962902
2025-05-26,109440.3671875,73.0,11.60313508799969,1068,0.7846349068100487,0.9457321292900245,0.9344400867607375,1074.1026990081664,6.1026990081663826,12,0.5050173302777604,0.5579200051862789,0.6407420601468138,0.8164383561643835,73.50284635400908,0.9457327750486291,0.2752958599567203,0.9411990292025199,0.8336546070121552,1141.502846354009,0.4418882341374561,0.5815298551770565,0.3255289001833212,0.3016280504605344,0.6485536020463265,11.903442141592395,0.3255289001833212,0.6333333333333333,0.9457321292900245,0.08,0.3521250169686442,0.24380865279854086
2025-05-27,108994.640625,74.0,11.599053991424485,1069,0.0,0.0,0.0,,,0,0.41319599749998576,0.4564800042433191,0.524243503756484,0.7945205479452054,66.0837847020241,0.0,0.2752958599567203,0.0,0.0,1135.083784702024,0.47985837319238744,0.0,0.26634182742271734,0.3340335636845077,0.5306347653106307,9.73917993403014,0.26634182742271734,0.5944444444444444,0.0,0.0,0.0,0.19947980683516978
2025-05-28,107802.328125,71.0,11.588054533930693,1070,0.0,0.0,0.0,,,0,0.3380694524999883,0.37348363983544286,0.42892650307348684,0.7698630136986301,59.276062254990165,0.0,0.2752958599567203,0.0,0.0,1129.2760622549902,0.5175635735519631,0.0,0.2179160406185869,0.36740265638768144,0.4341557170723342,7.968419946024659,0.2179160406185869,0.5611111111111111,0.0,0.0,0.0,0.16321075104695706
2025-05-29,105641.7578125,74.0,11.567809005921438,1071,0.0,0.0,0.0,,,0,0.2766022793181722,0.30557752350172596,0.3509398661510347,0.7452054794520548,53.02145623148317,0.0,0.2752958599567203,0.0,0.0,1124.0214562314832,0.5548112620441857,0.0,0.17829494232429838,0.4014769483252276,0.3552183139682734,6.5196163194747205,0.17829494232429838,0.5277777777777778,0.0,0.0,0.0,0.1335360690384194
2025-05-30,103998.5703125,60.0,11.552132431033826,1072,0.0,0.0,0.0,,,0,0.22631095580577726,0.2500179737741394,0.2871326177599374,0.7287671232876712,47.267288876881594,0.0,0.2752958599567203,0.0,0.0,1119.2672888768816,0.5914417383046124,0.0,0.14587768008351684,0.4360160010487521,0.2906331659740419,5.33423153411568,0.14587768008351684,0.5,0.0,0.0,0.0,0.10925678375870679
2025-05-31,104638.09375,50.0,11.558262949304142,1073,0.0,0.0,0.0,,,0,0.18516350929563594,0.20456016036065952,0.2349266872581306,0.7068493150684931,41.965899365575524,0.0,0.2752958599567203,0.0,0.0,1114.9658993655755,0.6273267317990701,0.0,0.1193544655228774,0.47079977027608266,0.2377907721605797,4.364371255185556,0.1193544655228774,0.4722222222222222,0.0,0.0,0.0,0.08939191398439646
2025-06-01,105652.1015625,56.0,11.567906914587965,1074,0.0,0.0,0.0,,,0,0.15149741669642938,0.1673674039314487,0.19221274412028866,0.6931506849315069,37.07416599820317,0.0,0.2752958599567203,0.0,0.0,1111.0741659982032,0.6623672107882987,0.0,0.09765365360962695,0.5056302140055765,0.19455608631320156,3.5708492087881814,0.09765365360962695,0.46111111111111114,0.0,0.0,0.0,0.07313883871450619
2025-06-02,105881.53125,64.0,11.570076118363398,1075,0.0,0.0,0.4624844149141111,1144.402817807239,69.40281780723899,15,0.12395243184253313,0.13693696685300347,0.24135304790098364,0.6767123287671233,39.248323313349374,0.0,0.2752958599567203,0.0,0.9051482536448665,1114.2483233133494,0.646557928678876,0.0,0.07989844386242205,0.5312534348552673,0.3237546621916861,5.648876625372148,0.07989844386242205,0.4444444444444444,0.0,0.1,0.0,0.059840868039141425
2025-06-03,105432.46875,64.0,11.565825920307468,1076,0.0,0.0,0.6320528092759442,1117.2904096410691,41.29040964106912,30,0.10141562605298164,0.11203933651609374,0.31238936815097645,0.663013698630137,38.53804582075122,0.0,0.18541210796791624,0.0,0.9950547536867305,1114.5380458207512,0.651680733767705,0.0,0.0653714540692544,0.5531493073848014,0.4458092242816941,10.076353602577212,0.0653714540692544,0.42777777777777776,0.0,0.2,0.0,0.04896071021384298
2025-06-04,104731.984375,62.0,11.559159836119438,1077,0.0,0.0,0.0,,,0,0.08297642131607588,0.09166854805862215,0.25559130121443524,0.6493150684931507,37.8001757084005,0.0,0.09457327750486291,0.0,0.0,1114.8001757084005,0.6570455370535783,0.0,0.05348573514757178,0.5720395309609426,0.36475300168502245,8.244289311199537,0.05348573514757178,0.4111111111111111,0.0,0.0,0.0,0.040058762902235166
2025-06-05,101575.953125,57.0,11.5285621042724,1078,0.0,0.0,0.0,,,0,0.06788979925860754,0.07500153932069084,0.20912015553908336,0.6356164383561644,37.037340844845176,0.0,0.0,0.0,0.0,1115.0373408448452,0.6626382859546154,0.0,0.043761056029831456,0.5885120318688831,0.29843427410592743,6.745327618254167,0.043761056029831456,0.4,0.0,0.0,0.0,0.03277535146546513
2025-06-06,104390.34375,45.0,11.55589245733686,1079,0.0,0.0,0.6444203484955238,1118.5463645673601,39.546364567360115,30,0.055546199393406166,0.06136489580783796,0.28826564516752706,0.6219178082191781,36.371533580322875,0.0,0.0,0.0,0.9950547536867305,1115.3715335803229,0.6675585675609408,0.0,0.03580450038804392,0.6028841292674391,0.4250925431206189,10.973449869480682,0.03580450038804392,0.3888888888888889,0.0,0.2,0.0,0.02681619665356238
2025-06-07,105615.625,52.0,11.567561603323854,1080,0.4234161426362605,0.4032865113486341,0.5843845010060741,1128.3476508598712,48.34765085987124,15,0.12243164361937967,0.12353246226980089,0.342105437138172,0.6054794520547945,36.60735427361328,0.0,0.0,0.46778651003439614,0.9051482536448665,1116.6073542736133,0.6658117002217084,0.4460961805019935,0.1104029876814893,0.6143255058045789,0.512375399579573,11.705549893211465,0.1104029876814893,0.5,0.4032865113486341,0.1,0.2308703800636271,0.06391695727357415
2025-06-08,105793.6484375,62.0,11.569245762932221,1081,0.7301156819761213,0.8005986973178263,0.8157509314244514,1099.3281581537208,18.32815815372078,15,0.2329196505933327,0.24663541409671458,0.42822279973567734,0.5917808219178082,33.96171654790919,0.6362691009591124,0.06362691009591123,0.8066255213287756,0.9051482536448665,1114.9617165479092,0.6856743954827778,0.6811077441843013,0.21416748886381876,0.627298031200615,0.5837886457732627,12.304540821718472,0.21416748886381876,0.6111111111111112,0.8005986973178263,0.1,0.34837656080989104,0.11563688518926812
2025-06-09,110294.1015625,62.0,11.610905727497089,1082,0.5624864780816323,0.6023445687307283,0.6511985487067322,1120.6046623646669,38.604662364666865,15,0.2928408919548417,0.31130980584835344,0.46876384500314183,0.6328767123287671,33.49913995902898,0.8968253148133949,0.15330944157725074,0.6214302196536337,0.9051482536448665,1115.499139959029,0.6892076557567082,0.5753958884352552,0.279845379694989,0.6385543265744501,0.6422176653862816,12.794624308678749,0.279845379694989,0.6666666666666666,0.6023445687307283,0.1,0.29370206445809494,0.14801237232905481
2025-06-10,110257.234375,71.0,11.610571409070163,1083,0.562482542331198,0.5564974816776349,0.7332946560352108,1110.9186904318412,27.91869043184124,15,0.3418666465687247,0.35588938327185915,0.5168603560998816,0.6164383561643836,32.0629066707254,0.0,0.15330944157725074,0.6214258714704289,0.9051482536448665,1115.0629066707254,0.7002943596363762,0.5522171512702166,0.329367519981394,0.6497797871311639,0.6900232268878425,13.195601707100796,0.329367519981394,0.7,0.5564974816776349,0.1,0.28007730704365713,0.1720241786408007
2025-06-11,108686.625,72.0,11.596224020460438,1084,0.6023384603918553,0.6136863879834278,0.7514194911958979,1109.7212085704684,25.721208570468434,15,0.38922515817293024,0.40276156594668977,0.5595074715718845,0.6657534246575343,30.554173518319885,0.9234670700338556,0.24565614858063628,0.6654583467032594,0.9051482536448665,1114.5541735183199,0.7121328364883422,0.5895382890875166,0.37667129618250716,0.6611167051961054,0.7291368681163922,13.523674123991558,0.37667129618250716,0.7111111111111111,0.6136863879834278,0.1,0.2970078269247562,0.1947484783287926
2025-06-12,105929.0546875,71.0,11.570524853615105,1085,0.6670531399238193,0.702462437116143,0.7918941382474874,1105.9994803937402,20.999480393740214,15,0.4397393366730919,0.4572526334320449,0.6017595927856305,0.7013698630136986,28.739440839788585,0.8779121700289941,0.3334473655835357,0.7369545676497947,0.9051482536448665,1113.7394408397886,0.7266378123417313,0.6444968201795035,0.42536684600014285,0.6730296337680374,0.7611389382124785,13.792097010538548,0.42536684600014285,0.7222222222222222,0.702462437116143,0.1,0.32208749495075945,0.21790102680551385
2025-06-13,106090.96875,61.0,11.572052200809496,1086,0.7995333718248622,0.7679172838644573,0.8600077758374092,1099.5732463293648,13.573246329364792,30,0.5051564339734137,0.5137371153288471,0.6487138078859539,0.7095890410958904,26.390279457843462,0.9341858955147831,0.426865955135014,0.8035069114162299,0.9950547536867305,1112.3902794578435,0.7458540604727699,0.7552612233424086,0.4853476418805548,0.6862704386234433,0.8036690864805243,16.738988463167903,0.4853476418805548,0.7277777777777777,0.7679172838644573,0.2,0.4483329556928413,0.2597977411486643
2025-06-14,105472.40625,63.0,11.566204645554832,1087,0.0,0.0,0.9796562515404723,1088.8498179325347,1.8498179325347337,14,0.41330980961461117,0.42033036708723853,0.7088851612776845,0.6904109589041096,23.148330741147447,0.0,0.426865955135014,0.0,0.8853516482022624,1110.1483307411474,0.773210714110488,0.0,0.39710261608409025,0.7020777614392696,0.8185204613390221,16.24099056077374,0.39710261608409025,0.7166666666666667,0.0,0.09333333333333334,0.0,0.21256178821254348
2025-06-15,105552.0234375,60.0,11.566959223509581,1088,0.6911063550884466,0.5668737792405869,0.9694016057741961,1090.7968669199272,2.796866919927197,24,0.46381827242803575,0.4469746238423928,0.7562517875497775,0.6684931506849315,20.30533418674554,0.0,0.426865955135014,0.702576008406692,0.9836748576936802,1108.3053341867455,0.798025422478597,0.6393668031933475,0.4411506501039552,0.7195227907191473,0.8485485334035053,17.651719549723964,0.4411506501039552,0.7333333333333333,0.5668737792405869,0.16,0.34177462428762173,0.23605503113528498
2025-06-16,106796.7578125,61.0,11.57868284748657,1089,0.4722185477647188,0.36416306592482056,0.9454188512686349,1094.0514498746631,5.051449874663149,14,0.4653455952165235,0.4319179769482887,0.7906457991350242,0.6493150684931507,17.94782139511858,0.0,0.426865955135014,0.5333683499924297,0.8853516482022624,1106.9478213951186,0.819205559907439,0.445913370492708,0.4420165992655466,0.7376469305715639,0.8552400088214611,16.987770540683243,0.4420165992655466,0.7388888888888889,0.36416306592482056,0.09333333333333334,0.21124782623652585,0.23154463024460148
2025-06-17,104601.1171875,68.0,11.557909511124757,1090,0.27483903820105426,0.15393622185899816,0.9511858976005604,1094.5041183657102,4.504118365710156,13,0.4307080393955291,0.38137583965932675,0.8198349079469398,0.6328767123287671,15.762706820889207,0.0,0.426865955135014,0.3189412228633488,0.8617231593133063,1105.7627068208892,0.8393385088021605,0.2614250011171777,0.4091817632385704,0.7561363084316725,0.856418763456342,16.26272135146811,0.4091817632385704,0.7222222222222222,0.15393622185899816,0.08666666666666667,0.12233348028857824,0.21168805752532452
2025-06-18,104883.328125,52.0,11.560603850628619,1091,0.20566867526796012,0.1044112406272319,0.9917391979441592,1091.7465600405033,0.7465600405032546,11,0.3897917913723347,0.33101863983530944,0.8510902334009797,0.6191780821917808,13.427835698947774,0.0,0.36323904503910276,0.2569255797659931,0.8004990217606297,1104.4278356989478,0.8613983908454657,0.19439754752521507,0.370130087654324,0.775274868870544,0.8462515376934852,15.305862923928451,0.370130087654324,0.7111111111111111,0.1044112406272319,0.07333333333333333,0.09065023287746313,0.18968118031662246
2025-06-19,104684.2890625,57.0,11.558704328889347,1092,0.0,0.0,0.0,,,0,0.31892055657736473,0.2708334325925259,0.6963465546008015,0.6,11.220095160048231,0.0,0.2735565135577633,0.0,0.0,1103.2200951600482,0.8827901838473897,0.0,0.3028337080808105,0.7948231079572431,0.6923876217492151,12.522978755941459,0.3028337080808105,0.6833333333333333,0.0,0.0,0.0,0.15519369298632746
2025-06-20,103309.6015625,54.0,11.545485599118408,1093,0.0,0.0,0.0,,,0,0.26093500083602567,0.22159099030297572,0.5697380901279285,0.5780821917808219,9.127377529615387,0.0,0.2735565135577633,0.0,0.0,1102.1273775296154,0.9035577021219405,0.0,0.2477730338842995,0.8145930341690062,0.5664989632493578,10.246073527588466,0.2477730338842995,0.6388888888888888,0.0,0.0,0.0,0.12697665789790427
2025-06-21,102257.40625,49.0,11.535248504044759,1094,0.30029403142647304,0.4312374184231392,0.825574305210171,1111.250840657392,17.25084065739202,6,0.268091188216107,0.25970852268845995,0.6162537655974272,0.5643835616438356,8.99627877987973,0.0,0.18120980655437774,0.5591551504361825,0.5370495669980352,1102.9962787798797,0.9048748310228047,0.31151548282951097,0.25936257005615615,0.8310079063242423,0.5611445275672992,9.474060158936016,0.25936257005615615,0.65,0.4312374184231392,0.04,0.16659189141918035,0.1341794276290454
2025-06-22,100987.140625,42.0,11.522748467172894,1095,0.0,0.0,0.0,,,0,0.21934733581317845,0.21248879129055812,0.504207626397895,0.547945205479452,8.782427530118866,0.0,0.09341858955147832,0.0,0.0,1103.7824275301189,0.9070274832007725,0.0,0.212205739136855,0.8448296475745205,0.4591182498277902,7.751503766402195,0.212205739136855,0.6111111111111112,0.0,0.0,0.0,0.10978316806012804
2025-06-23,105577.7734375,47.0,11.567203149288972,1096,0.17592930182479133,0.1765375778160058,0.8280446885590093,1112.9819338927305,16.981933892730467,6,0.21145314781528987,0.2059522070224577,0.5630870922453702,0.5424657534246575,8.658570993224657,0.0,0.0,0.3275848499574993,0.5370495669980352,1104.6585709932247,0.908276578973363,0.1825592803579584,0.20681547390432833,0.8563654532834009,0.47328758022238016,7.43304853614725,0.20681547390432833,0.6,0.1765375778160058,0.04,0.0974824183528062,0.10754666811334225
2025-06-24,106045.6328125,65.0,11.571624778687559,1097,0.14806091587946926,0.23459442396077634,0.8342791582868778,1113.3068489417453,16.30684894174533,4,0.19992728746332247,0.21115988282942472,0.6123947406165534,0.536986301369863,8.482216512131345,0.0,0.0,0.3896863278705618,0.3799489622552249,1105.4822165121313,0.9100580865499615,0.15330048153394296,0.197085475291531,0.8661277502409573,0.4563169224101701,6.8088578932113855,0.197085475291531,0.5944444444444444,0.23459442396077634,0.02666666666666667,0.09830556510153832,0.10586646756574153
2025-06-25,107361.2578125,66.0,11.583954667976112,1098,0.2284298625150796,0.16955121336712564,0.8226151302558399,1115.5740147129054,17.57401471290541,9,0.2051095738363692,0.20359467019991578,0.6506166296418783,0.5287671232876713,8.443340150300173,0.0,0.0,0.31890345067145043,0.7162978701990245,1106.4433401503002,0.9104512797707484,0.23789038292596293,0.20450454940688223,0.8741865737918284,0.5035861856445072,7.207247367172951,0.20450454940688223,0.6055555555555555,0.16955121336712564,0.06,0.11190282266127193,0.10696398667401977
2025-06-26,106960.0,74.0,11.580210211775825,1099,0.3157874663803188,0.2924088450113541,0.8161449814171606,1117.2846939845247,18.284693984524665,9,0.22523282702617822,0.21974270198381363,0.6807126936010205,0.5150684931506849,8.475850039273837,0.0,0.0,0.4408605407308788,0.7162978701990245,1107.4758500392738,0.9101224650503653,0.3298586649009859,0.22729620676944653,0.8807203722024715,0.5422610373816921,7.533202391323324,0.22729620676944653,0.6444444444444445,0.2924088450113541,0.06,0.1551868090896276,0.11573177256776665
2025-06-27,107088.4296875,65.0,11.581410217803425,1100,0.35876740154255654,0.361695074373466,0.8161770833183011,1118.28115403225,18.281154032250015,9,0.24951184057461062,0.24555222423647768,0.705342582640526,0.5068493150684932,8.504926610033635,0.0,0.0,0.5008634207482321,0.7162978701990245,1108.5049266100336,0.909828476539964,0.37469942513348037,0.2540967919265436,0.8860127548092883,0.5739040978939343,7.799892865628174,0.2540967919265436,0.6777777777777778,0.361695074373466,0.06,0.1763055796326233,0.12674519203410423
2025-06-28,107327.703125,65.0,11.583642079125463,1101,0.0,0.0,0.84985070445829,1115.6425128064543,14.642512806454306,3,0.20414605137922687,0.20090636528439082,0.7316167866073922,0.4986301369863014,8.184696723978504,0.0,0.0,0.0,0.2913126124515909,1109.1846967239785,0.9130715123169758,0.0,0.20789737521262658,0.8909325289015951,0.5225238278135081,6.927185071877597,0.20789737521262658,0.6222222222222222,0.0,0.02,0.0,0.10370061166426708
2025-06-29,108385.5703125,68.0,11.593450243928729,1102,0.0,0.0,0.8514140006380014,1116.4771103322207,14.477110332220718,4,0.1670285874920947,0.16437793523268338,0.7533980982493211,0.5452054794520548,7.879212305715782,0.5813655833201303,0.05813655833201303,0.0,0.3799489622552249,1109.8792123057158,0.9161759904989332,0.0,0.17009785244669445,0.8955222491920202,0.49660112498472936,6.394969604263488,0.17009785244669445,0.5777777777777777,0.0,0.02666666666666667,0.0,0.0848459549980367
2025-06-30,107135.3359375,66.0,11.581848136076523,1103,0.0,0.0,0.8550234921491005,1117.0963700802556,14.09637008025561,5,0.13665975340262293,0.13449103791765002,0.7718754425947355,0.6109589041095891,7.566560665195766,0.8058362905633123,0.13872018738834427,0.0,0.46211715726000974,1110.5665606651958,0.9193642354196915,0.0,0.1391709701836591,0.8998571557788694,0.49033131267114394,6.1413387671246715,0.1391709701836591,0.5388888888888889,0.0,0.03333333333333333,0.0,0.06941941772566639
2025-07-01,105698.28125,64.0,11.568343911082794,1104,0.0,0.0,0.8571555940556238,1117.8722238185492,13.872223818549173,9,0.11181252551123694,0.11003812193262273,0.7873809246785333,0.6438356164383562,7.262338108372205,0.8101715949477446,0.2197373468831187,0.0,0.7162978701990245,1111.2623381083722,0.9224771752512847,0.0,0.11386715742299379,0.9039698865920358,0.5314161413125768,6.661095354920186,0.11386715742299379,0.5111111111111111,0.0,0.06,0.0,0.05679770541190886
2025-07-02,108859.3203125,63.0,11.59781168828415,1105,0.07996654764203252,0.05401516389506496,0.9922408142365107,1105.70105003839,0.7010500383898943,5,0.10602234771683614,0.09985212956215768,0.8246281773254382,0.6246575342465753,5.732691625516736,0.0,0.2197373468831187,0.1730438837548709,0.46211715726000974,1110.7326916255167,0.9382896581793994,0.07819811490996122,0.10738187696607876,0.9102098450624654,0.5188163260302918,6.35907801766197,0.10738187696607876,0.49444444444444446,0.05401516389506496,0.03333333333333333,0.044530843032286355,0.054567366797432036
2025-07-03,109647.9765625,73.0,11.605030300073393,1106,0.2501743101065519,0.13416633049118934,0.8636782125532241,1119.1899516852757,13.189951685275673,14,0.13223179542405716,0.10609107518561797,0.8317281837304902,0.6,5.538144964541516,0.0,0.2197373468831187,0.28257055895760697,0.8853516482022624,1111.5381449645415,0.9403200865727609,0.25882856858646053,0.13491763907887544,0.9156844344279735,0.585459111879741,7.748336559905248,0.13491763907887544,0.5444444444444444,0.13416633049118934,0.09333333333333334,0.11603816055618534,0.06574387475356899
2025-07-04,108034.3359375,73.0,11.590204380926025,1107,0.4169682562442549,0.24898408631521216,0.9416102345178908,1112.4147468429953,5.414746842995328,24,0.18400206102772948,0.13207162266372602,0.8517067384191085,0.5753424657534246,4.621630857727723,0.0,0.2197373468831187,0.4238882929486241,0.9836748576936802,1111.6216308577277,0.9499447499988324,0.4184406461746612,0.18646727673265467,0.9219135827135843,0.6578619747550026,10.703184458104293,0.18646727673265467,0.6111111111111112,0.24898408631521216,0.16,0.20861760114888797,0.09172091591635426
2025-07-05,108231.1796875,67.0,11.592024771049617,1108,0.25371670027733606,0.11607473316227872,0.8837532374955789,1119.1219658575058,11.121965857505757,21,0.19667744998220338,0.1291630972998265,0.8575333746148304,0.5561643835616439,4.335948476754311,0.0,0.2197373468831187,0.26144179912991955,0.970451936613454,1112.3359484767543,0.9529649016855625,0.2614853786501899,0.20010693162675197,0.9275592770721257,0.714696513274721,12.575332738448965,0.20010693162675197,0.6388888888888888,0.11607473316227872,0.14,0.12511052042779275,0.09779175310025215
2025-07-06,109232.0703125,66.0,11.601229983356587,1109,0.30299778235559205,0.15262557670047555,0.8712380549791672,1121.4056024490633,12.40560244906328,26,0.21600841950463767,0.13342900264539903,0.8600251346810734,0.5972602739726027,4.19972504554562,0.0,0.2197373468831187,0.3063593401772941,0.9890274022010992,1113.1997250455456,0.9544083954940776,0.31425226427105607,0.22086062847117088,0.932440934967026,0.7645748567158807,15.016181331458245,0.22086062847117088,0.6888888888888889,0.15262557670047555,0.17333333333333334,0.16059396705092768,0.10921033745492043
2025-07-07,108299.8515625,73.0,11.592659062374107,1110,0.0,0.0,0.9311084831919706,1116.4241536674363,6.424153667436258,10,0.17673416141288537,0.1091691839825992,0.8729493798648729,0.5698630136986301,3.5068134857256155,0.0,0.2197373468831187,0.0,0.7615941559557649,1113.5068134857256,0.9617847612198832,0.0,0.18070415056732161,0.937776176103909,0.7640329111231323,14.1041483621022,0.18070415056732161,0.6111111111111112,0.0,0.06666666666666667,0.0,0.0893539124631167
2025-07-08,108950.2734375,65.0,11.598646850121796,1111,0.1027953770557514,0.033643818322694655,0.9575777077205229,1114.9013563898893,3.9013563898893153,11,0.16329074607522462,0.095437299317162,0.8883363485659002,0.547945205479452,2.6396270956461194,0.0,0.2197373468831187,0.12841411951967371,0.8004990217606297,1113.6396270956461,0.9710967365561557,0.1033734405113388,0.16664402146623383,0.9438344598224992,0.7706631130572227,13.539757750810889,0.16664402146623383,0.5944444444444444,0.033643818322694655,0.07333333333333333,0.04594769588255114,0.08146187308483206
2025-07-09,111326.5546875,66.0,11.620223095396678,1112,0.21977496020855838,0.2988654180251932,0.954666744826189,1116.1753661928835,4.17536619288353,5,0.1735606031903762,0.13242422999134948,0.9003964206132253,0.5287671232876713,1.8811260572877018,0.0,0.16160078855110568,0.47558277539758653,0.46211715726000974,1113.8811260572877,0.9793155196961226,0.222027386639963,0.17671372422509368,0.9502855616177035,0.7145638483668203,11.987074523390728,0.17671372422509368,0.6111111111111112,0.2988654180251932,0.03333333333333333,0.12429020299610867,0.08924884215960963
2025-07-10,115987.203125,71.0,11.661235146115105,1113,0.359373794617656,0.20446109156164183,0.9365600331066395,1118.8987489915376,5.898748991537559,19,0.207344819813518,0.14552184118594808,0.9069716228847552,0.5424657534246575,1.3589949081685972,0.0,0.08101715949477446,0.37582066207831927,0.9562374581277391,1114.3589949081686,0.9850134890625254,0.36669841115698787,0.21125639457634715,0.9565997302440348,0.7585045046869873,13.262151882774232,0.21125639457634715,0.6888888888888889,0.20446109156164183,0.12666666666666668,0.16882289439416676,0.10371685165680182
2025-07-11,117516.9921875,71.0,11.674338216472403,1114,0.21997391459778143,0.2303749018719349,0.9710448446553616,1116.644436498954,2.6444364989540645,6,0.20964101886520223,0.16094967040158203,0.9186212995703199,0.6054794520547945,0.5766560120530357,0.0,0.0,0.4095970430204,0.5370495669980352,1114.576656012053,0.9936131938835177,0.2220048225444728,0.21321065420691543,0.9633294509057588,0.7182399705617233,11.941760631360733,0.21321065420691543,0.7,0.2303749018719349,0.04,0.11436288284789836,0.10565249369154664
2025-07-12,117435.2265625,79.0,11.673642197267002,1115,0.01054720073388106,0.1120407506347133,0.0971381244815351,1324.8459214663867,209.8459214663867,1,0.17344214284132564,0.15205713953487862,0.7692607222814498,0.5753424657534246,19.602300341037335,0.0,0.0,0.10582334653736629,0.09966799462495582,1134.6023003410373,0.8042835988409913,0.02456659753390204,0.17891173481182207,0.9344120232576192,0.60577233857322,9.952349607476963,0.17891173481182207,0.6222222222222222,0.1120407506347133,0.006666666666666667,0.03624007620638545,0.09303205414879005
2025-07-13,119116.1171875,74.0,11.687854071019887,1116,0.0,0.0,0.03000250531430183,1431.5826951297054,315.58269512970537,8,0.14190720777926644,0.1244103868921734,0.634850137378332,0.5452054794520548,46.88614746376766,0.0,0.0,0.0,0.664036770267849,1162.8861474637677,0.5939517487129711,0.0,0.14638232848239988,0.8725101551585922,0.616365871608607,9.59737695157206,0.14638232848239988,0.5722222222222222,0.0,0.05333333333333334,0.0,0.0761171352126464
2025-07-14,119849.703125,74.0,11.69399376280481,1117,0.060556620662692205,0.9278964881795949,0.32193298914506774,1219.0070677006347,102.0070677006347,1,0.1271161919398893,0.27049876894443187,0.5779561104268294,0.5205479452054794,51.23099701013598,0.0,0.0,0.6075834162266717,0.09966799462495582,1168.230997010136,0.5659591932482315,0.07588736726772481,0.1335650628070044,0.8167736166294356,0.5224208030661249,8.034217505831686,0.1335650628070044,0.5388888888888889,0.9278964881795949,0.006666666666666667,0.1288437080278828,0.08570378481541666
2025-07-15,117777.1875,73.0,11.676549876947018,1118,0.04741275008623849,0.6250704039368284,0.3158312953566946,1221.729237506987,103.72923750698692,1,0.11262465705740732,0.3349663389430494,0.5302970531413502,0.5041095890410959,55.326067533645755,0.0,0.0,0.47570687325103295,0.09966799462495582,1173.3260675336458,0.5407846796483987,0.05879262263092064,0.11997007368408007,0.7665938099056107,0.44555665607682143,6.755268868407742,0.11997007368408007,0.5277777777777778,0.6250704039368284,0.006666666666666667,0.10165315401409916,0.08860367012426802
2025-07-16,118738.5078125,70.0,11.68467894089797,1119,0.3592066871658814,0.5274296766060427,0.2590090235485877,1240.5803140140204,121.58031401402036,15,0.15745775344076623,0.3699596730635936,0.480971956851757,0.4931506849315068,60.73123386510997,0.0,0.0,0.39684845628262744,0.9051482536448665,1179.73123386511,0.5092625972108475,0.47075524501574717,0.18374919574438317,0.7198063166883809,0.5291187647255569,8.254310892333606,0.18374919574438317,0.65,0.5274296766060427,0.1,0.27120565281944253,0.12180403061429974
2025-07-17,119289.84375,74.0,11.689311472441954,1120,0.0,0.0,0.0,,,0,0.12882907099699054,0.302694277961122,0.3935225101514375,0.4849315068493151,65.52638435548238,0.5951942262614541,0.059519422626145416,0.0,0.0,1185.5263843554824,0.4828395199926134,0.0,0.15034025106358623,0.6767214445618777,0.43291535295727374,6.753527093727496,0.15034025106358623,0.5944444444444444,0.0,0.0,0.0,0.0996578432298816
2025-07-18,118003.2265625,73.0,11.678467246823969,1121,0.0,0.0,0.0,,,0,0.10540560354299225,0.24765895469546345,0.3219729628511761,0.473972602739726,69.76961575153359,0.0,0.059519422626145416,0.0,0.0,1190.7696157515336,0.46060338026402187,0.0,0.123005659961116,0.6374272510531765,0.3542034706014058,5.525613076686133,0.123005659961116,0.5333333333333333,0.0,0.0,0.0,0.08153823536990312
2025-07-19,117939.9765625,74.0,11.677931100830548,1122,0.36957151008239997,0.6613921423605231,0.1980424863618536,1267.7346324348864,145.7346324348864,15,0.1534357683683391,0.3228831706345652,0.29944014894402654,0.4575342465753425,76.09961734042417,0.0,0.059519422626145416,0.40829942343058506,0.9051482536448665,1198.0996173404242,0.4293206068813089,0.5036256376651772,0.1922092922709453,0.5995896793855642,0.4543752493365804,7.2482288809250175,0.1922092922709453,0.6777777777777778,0.6613921423605231,0.1,0.31065290458598116,0.12319544795464459
2025-07-20,117300.7890625,72.0,11.672496761494473,1123,0.0,0.0,0.0,,,0,0.125538355937732,0.26417713961009875,0.24499648549965805,0.4465753424657534,81.73152353989667,0.0,0.059519422626145416,0.0,0.0,1204.7315235398967,0.4032784392592426,0.0,0.1572621482216825,0.5638967266353239,0.3717615676390203,5.930369084393195,0.1572621482216825,0.6055555555555555,0.0,0.0,0.0,0.10079627559925465
2025-07-21,117439.5390625,71.0,11.673678918964107,1124,0.0,0.0,0.0,,,0,0.10271320031268981,0.2161449324082626,0.20045166995426567,0.43561643835616437,86.73181962513377,0.0,0.059519422626145416,0.0,0.0,1210.7318196251338,0.3814838032020211,0.0,0.12866903036319477,0.5307307405565416,0.3041685553410166,4.852120159958068,0.12866903036319477,0.5444444444444444,0.0,0.0,0.0,0.08246968003575379
2025-07-22,119995.4140625,72.0,11.695208804888095,1125,0.0,0.0,0.0,,,0,0.08403807298310983,0.17684585378857848,0.1640059117807628,0.4301369863013699,91.16065894034818,0.0,0.059519422626145416,0.0,0.0,1216.1606589403482,0.36316565082455526,0.0,0.10527466120625026,0.5002643606052712,0.24886518164264992,3.9699164945111467,0.10527466120625026,0.49444444444444446,0.0,0.0,0.0,0.06747519275652583
2025-07-23,118754.9609375,74.0,11.684817497340072,1126,0.0,0.0,0.0,,,0,0.06875842334981713,0.1446920621906551,0.13418665509335137,0.42191780821917807,95.07246593982791,0.0,0.059519422626145416,0.0,0.0,1221.072465939828,0.3477189527059759,0.0,0.08613381371420475,0.47252883189630845,0.20361696679853175,3.24811349550912,0.08613381371420475,0.4722222222222222,0.0,0.0,0.0,0.055206975891702946
2025-07-24,118368.0,71.0,11.68155369463218,1127,0.0,0.0,0.0,,,0,0.05625689183166856,0.1183844145196269,0.10978908144001474,0.4136986301369863,98.5164817965001,0.0,0.059519422626145416,0.0,0.0,1225.5164817965,0.334664220892081,0.0,0.07047312031162206,0.4474625389864489,0.1665957001078896,2.6575474054165524,0.07047312031162206,0.45,0.0,0.0,0.0,0.045169343911393316
2025-07-25,117635.8828125,70.0,11.675349393861838,1128,0.0,0.0,0.0,,,0,0.04602836604409245,0.09685997551605836,0.08982743026910296,0.40273972602739727,101.53725804777491,0.0,0.059519422626145416,0.0,0.0,1229.537258047775,0.32361790777889626,0.0,0.057659825709508956,0.4249453333123484,0.13630557281554603,2.1743569680680883,0.057659825709508956,0.42777777777777776,0.0,0.0,0.0,0.03695673592750362
2025-07-26,117947.3671875,72.0,11.677993763158122,1129,0.0,0.0,0.0,,,0,0.03765957221789382,0.07924907087677502,0.07349517022017514,0.39452054794520547,104.17510322749968,0.0,0.059519422626145416,0.0,0.0,1233.1751032274997,0.3142705163362497,0.0,0.04717622103505278,0.40482263931669404,0.11152274139453766,1.7790193375102539,0.04717622103505278,0.4111111111111111,0.0,0.0,0.0,0.03023732939523023
2025-07-27,119448.4921875,73.0,11.690640529714889,1130,0.7918893398859882,0.8442017243069269,0.9229806469084555,1137.2132311066023,7.213231106602279,15,0.17479225724845643,0.218331371500439,0.22794707507258977,0.4958904109589041,94.03587731122389,0.8256481044628566,0.08256481044628566,0.8748725269006427,0.9051482536448665,1224.0358773112239,0.3517470107539036,0.5383684796376211,0.13648390441733793,0.3951725250325503,0.25581828907641563,4.182834003417481,0.13648390441733793,0.6,0.8442017243069269,0.1,0.35963979457608436,0.09012868670084007
2025-07-28,117924.4765625,75.0,11.677799669410366,1131,0.7928877056079291,0.8421579079801274,0.9292650816283019,1137.6025116038907,6.602511603890662,15,0.2871732478592696,0.3317543781331096,0.35545943990090106,0.6191780821917808,84.80412819623984,0.8391946479746754,0.1664842752437532,0.8759755127572917,0.9051482536448665,1215.8041281962398,0.38974285983562906,0.5601019743165505,0.21350537167174022,0.3941853131785646,0.3738782826343158,6.149591457341575,0.21350537167174022,0.7944444444444444,0.8421579079801274,0.1,0.3591171275608174,0.13903567594810867
2025-07-29,117922.1484375,73.0,11.677779926706819,1132,0.7228645271559224,0.6798983640915027,0.8023407349147093,1151.8199714355515,19.81997143555145,30,0.3663898440950246,0.3950532846709992,0.4367105844488662,0.6657534246575343,77.71039898093613,0.7278687911827004,0.23927115436202326,0.7264570361356208,0.9950547536867305,1209.7103989809361,0.4217051619194605,0.5588779089309159,0.27630037844613575,0.3991889220405457,0.48681945918930025,10.486029374188561,0.27630037844613575,0.8777777777777778,0.6798983640915027,0.2,0.4167526748955571,0.18952967575673565
2025-07-30,117831.1875,74.0,11.677008264735191,1133,0.8203594975987387,0.8567700370745716,0.7782097616148674,1155.5683257204964,22.568325720496432,30,0.4489297810956999,0.47900178510801233,0.49880134393359365,0.6986301369863014,71.55401105137025,0.8883594017815307,0.32810709454017634,0.8244365393555112,0.9950547536867305,1204.5540110513703,0.4515611096429361,0.659860532874233,0.3460385883421534,0.408711137968253,0.5792258763706513,14.034024033427004,0.3460385883421534,0.9388888888888889,0.8567700370745716,0.2,0.47877400263565223,0.24211955337108412
2025-07-31,115758.203125,72.0,11.65925883876782,1134,0.7664351890315704,0.756936104128476,0.7813898046826269,1156.2013029552663,22.20130295526633,45,0.50665803708404,0.5295352976571874,0.5501810640697815,0.7232876712328767,65.94899123269374,0.7176717295146212,0.3998742674916384,0.7666243836130837,0.9997532108480275,1199.9489912326937,0.48057759803923394,0.6310063779572717,0.3978509137267203,0.42177776707206766,0.6556853917301741,19.66420148189482,0.3978509137267203,0.9611111111111111,0.756936104128476,0.3,0.5227379546504899,0.29314108087643065
2025-08-01,113320.0859375,65.0,11.637971712305443,1135,0.8645346248779413,0.8522265446323868,0.8943467767681256,1145.0495516988879,10.049551698887853,30,0.571726507592022,0.5882064334708601,0.6127566481967531,0.7479452054794521,59.72047318185514,0.8682829574007866,0.4867025632317171,0.8688312092121512,0.9950547536867305,1194.7204731818551,0.5150141962667992,0.6932784381849424,0.45156500908276065,0.43872984510747337,0.7173889120859116,21.543437576095762,0.45156500908276065,0.9944444444444445,0.8522265446323868,0.2,0.47724900606958087,0.32661524909336703
2025-08-02,112526.9140625,55.0,11.630947708125328,1136,0.0,0.0,0.0,,,0,0.46777623348438163,0.481259809203431,0.5013463485246161,0.7287671232876712,53.98990923109636,0.7186111224136853,0.5585636754730856,0.0,0.0,1189.9899092310964,0.5488731721146768,0.0,0.3694622801586223,0.4587559045633285,0.5869545644339277,17.626448925896533,0.3694622801586223,0.9444444444444444,0.0,0.0,0.0,0.26723065834911847
2025-08-03,114217.671875,53.0,11.645861309197253,1137,0.5843651322592062,0.6946454610311579,0.5784510831743956,1186.266116456644,49.26611645664411,15,0.4889742150798042,0.5200572004448358,0.5153653911882123,0.6986301369863014,52.63526230019602,0.6660049226615165,0.6251641677392372,0.6456015684790581,0.9051482536448665,1189.635262300196,0.5571970966035913,0.5756800469972306,0.4069564195838238,0.4766543031161035,0.6448079624722802,17.148912757551706,0.4069564195838238,0.9666666666666667,0.6946454610311579,0.1,0.31993217712025673,0.2768127526711436
2025-08-04,115071.8828125,64.0,11.653312280006578,1138,0.5336769071463111,0.6335598590474714,0.4177313789340426,1216.5625018447856,78.56250184478563,30,0.4971019772737145,0.5406940474634968,0.49761375259654506,0.673972602739726,54.199761304442745,0.9119382120082173,0.716357988940059,0.5363291870814244,0.9950547536867305,1192.1997613044427,0.5475948610820324,0.5947073643252333,0.44109295499135276,0.489552586382636,0.7084891972385439,19.485474074360486,0.44109295499135276,0.9777777777777777,0.6335598590474714,0.2,0.3994703870587431,0.2991141407416162
2025-08-05,114141.4453125,60.0,11.645193706639756,1139,0.0,0.0,0.0,,,0,0.4067197995875846,0.4423860388337701,0.40713852485171864,0.6493150684931507,55.52002230828498,0.4958542626514867,0.7659434152052077,0.0,0.0,1194.520022308285,0.5396205148433068,0.0,0.36089423590201586,0.4986558461027579,0.5796729795588086,15.942660606294941,0.36089423590201586,0.9277777777777778,0.0,0.0,0.0,0.24472975151586776
2025-08-06,115028.0,54.0,11.652930855970235,1140,0.0,0.0,0.0,,,0,0.33277074511711463,0.3619522135912664,0.3331133385150425,0.6246575342465753,56.61930607366594,0.8395301480523193,0.767331619564154,0.0,0.0,1196.619306073666,0.5330695365163775,0.0,0.2952771021016493,0.504912880723416,0.4742778923662979,13.043995041514043,0.2952771021016493,0.8888888888888888,0.0,0.0,0.0,0.20023343305843724
2025-08-07,117496.8984375,62.0,11.674167215941367,1141,0.0,0.0,0.0,,,0,0.2722669732776392,0.2961427202110361,0.27254727696685294,0.6027397260273972,57.51865805186776,0.0,0.6834121547666865,0.0,0.0,1198.5186580518678,0.5277692060572153,0.0,0.2415903562649858,0.5090685762386522,0.3880455482996983,10.67235957942058,0.2415903562649858,0.8277777777777777,0.0,0.0,0.0,0.16382735432053955
2025-08-08,116688.7265625,74.0,11.667265211744633,1142,0.5621144604644309,0.8440538160125542,0.3919289943545703,1226.300713320457,84.30071332045691,15,0.3249665164025104,0.3957629194476757,0.2942530437646197,0.5780821917808219,59.16456807744771,0.0,0.6106252756484164,0.6210192177921117,0.9051482536448665,1201.1645680774477,0.5182051411419628,0.6285538449668469,0.3119473542107787,0.5107297698574359,0.48206422199881976,11.4592032922532,0.3119473542107787,0.9055555555555556,0.8440538160125542,0.1,0.3596019868546465,0.19942274205401353
2025-08-09,116500.359375,67.0,11.665649636747084,1143,0.5315437411577084,0.7275510328161447,0.4258464537214111,1219.830879146362,76.8308791463619,15,0.3625260118125464,0.4560880309692156,0.3181791183022181,0.5452054794520548,59.94231198877287,0.0,0.5217893354702634,0.5872449502247604,0.9051482536448665,1202.9423119887729,0.5137463135526049,0.5729771227027194,0.35940731211840427,0.5112782323474666,0.55898859138901,12.102984511843527,0.35940731211840427,0.9222222222222223,0.7275510328161447,0.1,0.32894105193662865,0.22297152566903444
2025-08-10,119306.7578125,69.0,11.689453252018172,1144,0.4835977691670511,0.6177242407745738,0.4297535381979084,1220.0089061439212,76.0089061439212,15,0.3845390586042745,0.4854764327520079,0.33846537646507086,0.5123287671232877,60.56770190831094,0.0,0.4500221625188012,0.5342746530413016,0.9051482536448665,1204.567701908311,0.5101887796144359,0.5179512263180095,0.38823347833651434,0.5110801500323701,0.6219267117991657,12.62971460059925,0.38823347833651434,0.9444444444444444,0.6177242407745738,0.1,0.2981788164415027,0.23664557853675594
2025-08-11,118731.4453125,70.0,11.684619459688586,1145,0.689540869104034,0.7739082762825441,0.5871490278461962,1192.9228949799813,47.922894979981265,30,0.4399939332405944,0.5379185861211964,0.3836805858070936,0.5863013698630137,58.45867267704148,0.8327097063857447,0.4464648374172969,0.6929677653910488,0.9950547536867305,1203.4586726770415,0.5222855513016392,0.6579969462522655,0.4372813815939236,0.5131174957176917,0.6897681739605411,15.787948309581205,0.4372813815939236,0.9722222222222222,0.7739082762825441,0.2,0.4504283247797726,0.27551516876275894
2025-08-12,120172.90625,68.0,11.696686870101546,1146,0.44275951501246746,0.3250767252300782,0.9029041494562184,1155.1924990182645,9.19249901826447,15,0.4404967662900259,0.49922006595917484,0.47808487010693446,0.6273972602739726,52.861894233348266,0.0,0.37460372517592844,0.4891569013468853,0.9051482536448665,1198.8618942333483,0.5557957655444477,0.364650939615738,0.42407584668879894,0.5208771811407382,0.7289281884486003,15.644684980566439,0.42407584668879894,0.9611111111111111,0.3250767252300782,0.1,0.2028577133154636,0.2623047223177961
2025-08-13,123344.0625,73.0,11.722732985411849,1147,0.6916196920532707,0.6937898919483075,0.883135064455873,1158.184941627714,11.184941627713897,15,0.48615548006516124,0.5345963979571989,0.5517303599885596,0.6410958904109589,47.98789874709746,0.7820522846122462,0.3862084613710014,0.7640954829976687,0.9051482536448665,1194.9878987470975,0.5867251043051245,0.5872599273920374,0.45374567954393313,0.5328495308069903,0.7609682003024668,15.52746952955436,0.45374567954393313,0.9944444444444445,0.6937898919483075,0.1,0.3196956896796916,0.2727394436563225
2025-08-14,118359.578125,75.0,11.68148254217018,1148,0.4690031105782893,0.4058072477615822,0.5899866188605536,1195.4889880013238,47.48898800132383,30,0.4830368674311845,0.5111801888307231,0.5586860434198312,0.6575342465753424,47.035621533214226,0.0,0.2950146401701797,0.471333973171434,0.9950547536867305,1195.0356215332142,0.592966118696526,0.46994908679477676,0.45669175358954106,0.5437798195141785,0.8035293918268783,18.15883870599902,0.45669175358954106,0.9944444444444445,0.4058072477615822,0.2,0.3057763398606031,0.2787461520571008
2025-08-15,117398.3515625,60.0,11.673328145072274,1149,0.5832770861896542,0.43202922211022193,0.9212374997345328,1156.3833663941855,7.383366394185487,33,0.5012623617509062,0.4967891039724502,0.6246044900225042,0.7232876712328767,42.354454377116326,0.8415868210689644,0.3295878960119275,0.5848661909671748,0.9972829600991421,1191.3544543771163,0.6246242258921874,0.49931406783439175,0.464441265270423,0.5584788024919982,0.8387573133309262,20.85723166854465,0.464441265270423,0.9944444444444445,0.43202922211022193,0.22,0.3298199687589042,0.2880323005483378
2025-08-16,117491.3515625,56.0,11.674120006134059,1150,0.638675747651329,0.5690268002147145,0.7595704553078122,1174.750197627986,24.750197627985926,52,0.5262466137328012,0.5099232305619528,0.6491437564380147,0.7808219178082192,39.77309659148477,0.9006575906835879,0.3357006402750543,0.6387146218120427,0.9999391368861988,1189.7730965914848,0.6427989391609333,0.5974248181857629,0.4886200930732121,0.5738097364318046,0.8680630994318848,26.51955318335471,0.4886200930732121,1.0,0.5690268002147145,0.3466666666666667,0.4667071632341294,0.32051863921848167
2025-08-17,117453.0625,64.0,11.673794064672615,1151,0.7533822522441509,0.7207413536808428,0.8052033413713332,1170.4994391935834,19.499439193583385,55,0.5675440025530466,0.5482537984017509,0.6775182264258908,0.7945205479452054,36.937510172637076,0.6773219357632855,0.4034328338513829,0.7534074181943804,0.9999665971563038,1187.937510172637,0.6633737118186198,0.697198526655274,0.5265434446335869,0.5900940955930436,0.8920455535635973,31.697816240926578,0.5265434446335869,1.0,0.7207413536808428,0.36666666666666664,0.5500171569238521,0.3622456424376399
2025-08-18,116252.3125,60.0,11.663518215724869,1152,0.7329848290351781,0.6110333857842539,0.9631505107187424,1155.37910272338,3.3791027233799014,53,0.597624152822525,0.5596682688349333,0.729451369024591,0.7945205479452054,32.83670946318421,0.708314594413394,0.47426429329272224,0.7330213560595524,0.9999501692221211,1184.8367094631842,0.6942991722936616,0.6430370274021675,0.5477240960460561,0.6090404731749741,0.9116645745924197,35.5709405607581,0.5477240960460561,1.0,0.6110333857842539,0.35333333333333333,0.4908093281728755,0.38562085802586454
2025-08-19,112831.1796875,56.0,11.633647995519649,1153,0.5793502689247142,0.412237508649516,0.9657198967845031,1156.1393303863758,3.139330386375832,46,0.5943016284774685,0.5328626760739482,0.7724092831627567,0.8328767123287671,29.103625741583528,0.81775206590432,0.5560394998831543,0.5794673551642905,0.9997979416121844,1182.1036257415835,0.723703414250334,0.5162083078395125,0.5419939527357754,0.6298882806432213,0.9276888231414677,37.467133186074804,0.5419939527357754,0.9944444444444445,0.412237508649516,0.30666666666666664,0.36623102454863493,0.38209543375727734
2025-08-20,114274.7421875,44.0,11.646360847126518,1154,0.7021027277305276,0.5832958766032776,0.9589584242069992,1157.7716802484267,3.771680248426719,25,0.6139018283416611,0.5420323488974627,0.8063273088071643,0.8438356164383561,25.78629759937826,0.0,0.5560394998831543,0.7116283729579251,0.9866142981514303,1179.7862975993783,0.750876252491287,0.6366607794140912,0.5592061030409238,0.651886093706506,0.9384025458705517,35.200381697697566,0.5592061030409238,1.0,0.5832958766032776,0.16666666666666666,0.3534051253289384,0.3768790140430339
2025-08-21,112419.03125,50.0,11.629988519280012,1155,0.15828099334869306,0.05264731824232416,0.9749977079508579,1157.2788142926017,2.278814292601737,17,0.5310616765247578,0.4530532524147102,0.8369946541060176,0.8712328767123287,22.642727760637626,0.6874995346666554,0.5415184827112454,0.16921045382491576,0.935409070603099,1177.6427277606376,0.777566689751573,0.14458471667274558,0.4838203964285277,0.6747371111692454,0.9378582776401057,31.89122138902528,0.4838203964285277,0.9666666666666667,0.05264731824232416,0.11333333333333333,0.0715432750884967,0.32136342514220895
2025-08-22,116874.0859375,50.0,11.66885244570479,1156,0.0,0.0,0.0,,,0,0.43450500806571085,0.3706799337938538,0.6848138079049234,0.8410958904109589,19.70330743034856,0.0,0.5415184827112454,0.0,0.0,1175.7033074303486,0.8033814568919778,0.0,0.39585305162334083,0.6981269922097422,0.7673385907964501,26.09281750011159,0.39585305162334083,0.8833333333333333,0.0,0.0,0.0,0.2629337114799891
2025-08-23,115374.328125,60.0,11.655937148386247,1157,0.0,0.0,0.0,,,0,0.35550409750830886,0.30328358219497126,0.5603022064676646,0.8054794520547945,16.948593798182173,0.0,0.46331325425002073,0.0,0.0,1173.9485937981822,0.8283514908067757,0.0,0.32387976951000613,0.7218041737728391,0.6278224833789137,21.348668863727664,0.32387976951000613,0.8277777777777777,0.0,0.0,0.0,0.21512758211999108
2025-08-24,113458.4296875,53.0,11.639191790554744,1158,0.0,0.0,0.0,483195.4860069961,482037.4860069961,1,0.2908669888704345,0.24814111270497646,0.4584290780189983,0.7808219178082192,45922.761680769414,0.0,0.46331325425002073,0.0,0.09966799462495582,47080.761680769414,2.5117584375180925e-222,0.0,0.264992538690005,0.5905670512686865,0.5317943945145576,17.648910888504453,0.264992538690005,0.7777777777777778,0.0,0.006666666666666667,0.0,0.1760134762799927
2025-08-25,110124.3515625,47.0,11.609365475025912,1159,0.0,0.0,0.0,,,0,0.23798208180308275,0.20302454675861709,0.3750783365609986,0.7479452054794521,87456.49733088624,0.0,0.3791545721431243,0.0,0.0,88615.49733088624,0.0,0.0,0.21681207711000408,0.4831912237652889,0.4351045046028198,14.44001799968546,0.21681207711000408,0.7166666666666667,0.0,0.0,0.0,0.14401102604726673
2025-08-26,111802.65625,48.0,11.62449059836544,1160,0.0,0.0,0.0,,,0,0.19471261238434043,0.16611099280250488,0.3068822753680897,0.7150684931506849,125034.54387146814,0.0,0.28908881307476547,0.0,0.0,126194.54387146814,0.0,0.0,0.1773916994536397,0.3953382739897818,0.35599459467503436,11.81456018156083,0.1773916994536397,0.6055555555555555,0.0,0.0,0.0,0.11782720312958186
2025-08-27,111222.0625,51.0,11.61928404489617,1161,0.0,0.0,0.0,,,0,0.15931031922355124,0.13590899411114035,0.251085498028437,0.6904109589041096,159033.63359866128,0.0,0.22135661949843694,0.0,0.0,160194.63359866128,0.0,0.0,0.14513866318934157,0.32345858780982145,0.291268304734119,9.666458330367952,0.14513866318934157,0.5444444444444444,0.0,0.0,0.0,0.0964040752878397
2025-08-28,112544.8046875,48.0,11.631106685229488,1162,0.0,0.0,0.0,,,0,0.13034480663745102,0.11119826790911483,0.2054335892959939,0.6575342465753424,189794.61954231223,0.0,0.15052516005709754,0.0,0.0,190956.61954231223,0.0,0.0,0.11874981533673401,0.264647935480763,0.23831043114609737,7.908920452119233,0.11874981533673401,0.48333333333333334,0.0,0.0,0.0,0.07887606159914157
2025-08-29,108410.8359375,50.0,11.593683325514826,1163,0.0,0.0,0.0,,,0,0.10664575088518718,0.09098040101654849,0.16808202760581317,0.6301369863013698,217625.8925389488,0.0,0.06874995346666554,0.0,0.0,218788.8925389488,0.0,0.0,0.09715893982096419,0.21653012902971516,0.19498126184680692,6.470934915370281,0.09715893982096419,0.45,0.0,0.0,0.0,0.06453495949020673
2025-08-30,108808.0703125,39.0,11.59734078631946,1164,0.0,0.0,0.0,,,0,0.08725561436060769,0.07443850992263057,0.13752165895021076,0.5945205479452055,242806.47286923902,0.0,0.06874995346666554,0.0,0.0,243970.47286923902,0.0,0.0,0.07949367803533433,0.17716101466067602,0.15953012332920566,5.294401294393865,0.07949367803533433,0.42777777777777776,0.0,0.0,0.0,0.05280133049198732
2025-08-31,108236.7109375,48.0,11.592075875626701,1165,0.0,0.0,0.0,,,0,0.07139095720413356,0.06090423539124319,0.11251772095926334,0.5671232876712329,265588.8074537873,0.0,0.0,0.0,0.0,266753.8074537873,0.0,0.0,0.06504028202890991,0.14494992108600765,0.13052464636025918,4.331782877231344,0.06504028202890991,0.4111111111111111,0.0,0.0,0.0,0.04320108858435326
2025-09-01,109250.59375,46.0,11.601399547725677,1166,0.0,0.0,0.0,,,0,0.058410783167018365,0.049830738047380786,0.09205995351212454,0.5424657534246575,286201.300649331,0.0,0.0,0.0,0.0,287367.300649331,0.0,0.0,0.053214776205471735,0.1185953899794608,0.10679289247657568,3.5441859904620086,0.053214776205471735,0.3888888888888889,0.0,0.0,0.0,0.035346345205379937
2025-09-02,111200.5859375,49.0,11.619090930006859,1167,0.0,0.0,0.0,,,0,0.04779064077301502,0.04077060385694791,0.07532178014628371,0.5041095890410959,304850.60401672765,0.0,0.0,0.0,0.0,306017.60401672765,0.0,0.0,0.043539362349931415,0.09703259180137701,0.0873760029353801,2.899788537650734,0.043539362349931415,0.37222222222222223,0.0,0.0,0.0,0.028919736986219947
2025-09-03,111723.2109375,55.0,11.623779760583265,1168,0.0,0.0,0.0,,,0,0.03910143335973956,0.033357766792048285,0.06162691102877758,0.4684931506849315,321723.6880158008,0.0,0.0,0.0,0.0,322891.6880158008,0.0,0.0,0.03562311464994388,0.07939030238294482,0.07148945694712917,2.3725542580778733,0.03562311464994388,0.3611111111111111,0.0,0.0,0.0,0.02366160298872541
2025-09-04,110723.6015625,51.0,11.614792298885495,1169,0.0,0.0,0.0,,,0,0.03199208183978691,0.02729271828440314,0.050422018114454376,0.4383561643835616,336989.7163959147,0.0,0.0,0.0,0.0,338158.7163959147,0.0,0.0,0.029146184713590446,0.06495570194968213,0.05849137386583295,1.941180756609169,0.029146184713590446,0.35,0.0,0.0,0.0,0.0193594933544117
2025-09-05,110650.984375,48.0,11.614136241734247,1170,0.0,0.0,0.0,,,0,0.02617533968709838,0.022330405869057112,0.041254378457280846,0.40821917808219177,350801.7420731605,0.0,0.0,0.0,0.0,351971.7420731605,0.0,0.0,0.023846878402028544,0.05314557432246719,0.04785657861749969,1.5882388008620472,0.023846878402028544,0.34444444444444444,0.0,0.0,0.0,0.01583958547179139
2025-09-06,110224.6953125,48.0,11.610276245990066,1171,0.0,0.0,0.0,,,0,0.021416187016716857,0.01827033207468309,0.03375358237413887,0.3917808219178082,363298.2414954306,0.0,0.0,0.0,0.0,364469.2414954306,0.0,0.0,0.019511082328932443,0.043482742627473155,0.039155382505227015,1.2994681097962204,0.019511082328932443,0.3388888888888889,0.0,0.0,0.0,0.012959660840556591
2025-09-07,111167.6171875,44.0,11.618794406045446,1172,0.0,0.0,0.0,,,0,0.017522334831859245,0.0149484535156498,0.02761656739702271,0.37534246575342467,374604.5028774844,0.0,0.0,0.0,0.0,375776.5028774844,0.0,0.0,0.01596361281458109,0.035576789422478036,0.032036222049731194,1.063201180742362,0.01596361281458109,0.3277777777777778,0.0,0.0,0.0,0.010603358869546302
2025-09-08,112071.4296875,51.0,11.626891712058484,1173,0.0,0.0,0.0,,,0,0.014336455771521199,0.012230552876440743,0.022595373324836764,0.3643835616438356,384833.8822231522,0.0,0.0,0.0,0.0,386006.8822231522,0.0,0.0,0.013061137757384525,0.029108282254754755,0.02621145440432552,0.8698918751528416,0.013061137757384525,0.32222222222222224,0.0,0.0,0.0,0.008675475438719701
2025-09-09,111530.546875,48.0,11.622053795365783,1174,0.0,0.0,0.0,,,0,0.011729827449426435,0.010006815989815152,0.018487123629411895,0.3506849315068493,394088.9397263754,0.0,0.0,0.0,0.0,395262.9397263754,0.0,0.0,0.010686385437860066,0.023815867299344796,0.021445735421720877,0.711729716034143,0.010686385437860066,0.31666666666666665,0.0,0.0,0.0,0.007098116268043391
2025-09-10,113955.359375,49.0,11.643562066257605,1175,0.0,0.0,0.0,,,0,0.00959713154953072,0.008187394900757851,0.015125828424064278,0.3315068493150685,402462.4679435773,0.0,0.0,0.0,0.0,403637.4679435773,0.0,0.0,0.008743406267340053,0.019485709608554832,0.01754651079958981,0.5823243131188443,0.008743406267340053,0.3111111111111111,0.0,0.0,0.0,0.005807549673853683
2025-09-11,115507.5390625,54.0,11.657091080082177,1176,0.0,0.0,0.0,,,0,0.007852198540525133,0.006698777646074605,0.012375677801507135,0.3178082191780822,410038.4220448553,0.0,0.0,0.0,0.0,411214.4220448553,0.0,0.0,0.007153696036914589,0.015942853316090317,0.014356236108755298,0.47644716527905434,0.007153696036914589,0.3055555555555556,0.0,0.0,0.0,0.004751631551334831
2025-09-12,116101.578125,57.0,11.662220760401526,1177,0.0,0.0,0.0,,,0,0.006424526078611472,0.00548081807406104,0.010125554564869473,0.3041095890410959,416892.7614698211,0.0,0.0,0.0,0.0,418069.7614698211,0.0,0.0,0.005853024030202845,0.013044152713164803,0.011746011361708879,0.38982040795558986,0.005853024030202845,0.3,0.0,0.0,0.0,0.0038876985420012253
2025-09-13,115950.5078125,52.0,11.660918722255804,1178,0.0,0.0,0.4360870797997058,1252.6921998137686,74.69219981376864,6,0.00525643042795484,0.004484305696959032,0.08757310460756698,0.2958904109589041,377194.8977298204,0.0,0.0,0.0,0.5370495669980352,378372.8977298204,0.0,0.0,0.004788837842893236,0.010672488583498474,0.10725574875013184,1.4098530610545734,0.004788837842893236,0.29444444444444445,0.0,0.04,0.0,0.003180844261637366
2025-09-14,115407.65625,55.0,11.656225976176007,1179,0.0,0.0,0.0,,,0,0.004300715804690323,0.003668977388421026,0.07165072195164571,0.28493150684931506,341277.68767934357,0.0,0.0,0.0,0.0,342456.68767934357,0.0,0.0,0.003918140053276283,0.008732036113771479,0.08775470352283514,1.1535161408628327,0.003918140053276283,0.28888888888888886,0.0,0.0,0.0,0.002602508941339663
2025-09-15,115444.875,53.0,11.656548422285832,1180,0.0,0.0,0.0,,,0,0.0035187674765648097,0.0030018905905262938,0.05862331796043739,0.273972602739726,308781.0690622455,0.0,0.0,0.0,0.0,309961.0690622455,0.0,0.0,0.0032057509526805953,0.007144393183994846,0.07179930288231966,0.9437859334332267,0.0032057509526805953,0.2777777777777778,0.0,0.0,0.0,0.002129325497459724
2025-09-16,116843.1875,52.0,11.668588037026513,1181,0.0,0.0,0.0,,,0,0.002878991571734844,0.0024560923013396945,0.0479645328767215,0.2602739726027397,279379.27126582345,0.0,0.0,0.0,0.0,280560.27126582345,0.0,0.0,0.002622887143102305,0.005845412605086692,0.05874488417644335,0.7721884909908218,0.002622887143102305,0.26666666666666666,0.0,0.0,0.0,0.0017421754070125013
2025-09-17,116468.5078125,53.0,11.66537619623906,1182,0.0,0.0,0.0,,,0,0.002355538558692145,0.002009530064732477,0.03924370871731759,0.2493150684931507,252777.54945001303,0.0,0.0,0.0,0.0,253959.54945001303,0.0,0.0,0.0021459985716291586,0.004782610313252748,0.048063996144362735,0.631790583537945,0.0021459985716291586,0.2611111111111111,0.0,0.0,0.0,0.0014254162421011374
2025-09-18,117137.203125,52.0,11.671101203014183,1183,0.0,0.0,0.0,,,0,0.0019272588207481184,0.0016441609620538448,0.032108488950532574,0.2410958904109589,228709.22971189884,0.0,0.0,0.0,0.0,229892.22971189884,0.0,0.0,0.0017558170131511297,0.003913044801752248,0.0393250877544786,0.5169195683492277,0.0017558170131511297,0.25555555555555554,0.0,0.0,0.0,0.0011662496526282033
2025-09-19,115688.859375,53.0,11.658659619652004,1184,0.0,0.0,0.0,,,0,0.0015768481260666422,0.001345222605316782,0.026270581868617558,0.2273972602739726,206933.03566312883,0.0,0.0,0.0,0.0,208117.03566312883,0.0,0.0,0.0014365775562145606,0.003201582110524566,0.032175071799118854,0.4229341922857317,0.0014365775562145606,0.25,0.0,0.0,0.0,0.0009542042612412572
2025-09-20,115721.9609375,48.0,11.658945704483138,1185,0.5057403330671921,0.6726992692011828,0.9175024239707964,1192.749005141419,7.7490051414190475,8,0.09324293629718038,0.12340959471365608,0.18831273497810463,0.2219178082191781,187224.96074332052,0.0,0.0,0.7616149522310253,0.664036770267849,188409.96074332052,0.0,0.0,0.0011753816369028222,0.002619476272247372,0.14705901697525162,1.8005825209610533,0.0011753816369028222,0.24444444444444444,0.6726992692011828,0.05333333333333334,0.24405744741939125,0.04515479392635944
2025-09-21,115306.09375,49.0,11.65534555611816,1186,0.06434548538115349,0.019137576318738185,0.913546483201563,1194.1378917755096,8.137891775509615,9,0.08798885431244821,0.10445104591458008,0.3201734164732789,0.21643835616438356,169393.88237650672,0.0,0.0,0.08983062502094974,0.7162978701990245,170579.88237650672,0.0,0.0,0.0009616758847386727,0.002143207859111486,0.25055699028866485,3.1095675171499524,0.0009616758847386727,0.2388888888888889,0.019137576318738185,0.06,0.030226834039818597,0.042440619401533826
2025-09-22,112748.5078125,45.0,11.632915022798413,1187,0.21573697509966672,0.16363753307382609,0.9088804372961253,1195.5987553024918,8.598755302491782,8,0.11121578536466975,0.11521222539807935,0.4272110566228873,0.21095890410958903,153261.04584115394,0.0,0.0,0.3248870917383777,0.664036770267849,154448.04584115394,0.0,0.0,0.0007868257238770957,0.0017535337029093976,0.325735132103062,3.9987370594863245,0.0007868257238770957,0.23333333333333334,0.16363753307382609,0.05333333333333334,0.10450311726007015,0.053724709921267697
2025-09-23,112014.5,43.0,11.626383606183168,1188,0.3087794217126056,0.21608217167501176,0.9200055685588505,1195.5038000558409,7.503800055840884,11,0.1471364465188399,0.13355221563024888,0.5168100587930624,0.2054794520547945,138664.56564676366,0.0,0.0,0.38573366527478253,0.8004990217606297,139852.56564676366,0.0,0.0,0.0006437665013539873,0.001434709393289507,0.41205583931352885,5.2716939577615385,0.0006437665013539873,0.22777777777777777,0.21608217167501176,0.07333333333333333,0.14024646778208721,0.06945593862323488
2025-09-24,113328.6328125,44.0,11.638047131880292,1189,0.5022030613052001,0.34302785413478,0.8945875350789269,1199.025326943446,10.025326943446089,34,0.21169401284363265,0.17163869535834544,0.5854968726632195,0.27945205479452057,125458.46656868554,0.0,0.0,0.5033229912330277,0.9977749279342794,126647.46656868554,0.0,0.0,0.0005267180465623533,0.001173853139964142,0.5185502190627562,10.49502232907762,0.0005267180465623533,0.2222222222222222,0.34302785413478,0.22666666666666666,0.29063819996834417,0.10967089523143655
2025-09-25,109049.2890625,44.0,11.599555252236676,1190,0.6391091839166092,0.5083195383876118,0.9022540577228394,1199.2573224318587,9.25732243185871,41,0.2894058621296284,0.2328533940909393,0.6430890881286049,0.3643835616438356,113510.01806904234,0.46899313847120144,0.04689931384712014,0.6394603476028986,0.9994508436877974,114700.01806904234,0.0,0.0,0.00043095112900556177,0.0009604252963342979,0.6059866962673092,16.04138190560896,0.00043095112900556177,0.21666666666666667,0.5083195383876118,0.2733333333333333,0.39660585465027065,0.16184088785304274
2025-09-26,109712.828125,28.0,11.605621577667234,1191,0.4710419532697476,0.2998639738981936,0.9297137445086107,1197.5590687637205,6.559068763720461,38,0.32243060597328643,0.24503713587407644,0.6952026620158787,0.3698630136986301,102699.26006901581,0.0,0.04689931384712014,0.47151365657579236,0.9989995977858408,103890.26006901581,0.0,0.0,0.00035259637827727777,0.0007858025151826073,0.6774435874524967,20.033857922770967,0.00035259637827727777,0.2111111111111111,0.2998639738981936,0.25333333333333335,0.28030542962297167,0.18337989544757527
2025-09-27,109681.9453125,33.0,11.60534005033438,1192,0.4694224729329442,0.2970379612945849,0.932687285027579,1198.2716775199804,6.271677519980358,54,0.3491563999659515,0.254491831405078,0.7383816843816423,0.43561643835616437,92918.07069839716,0.0,0.04689931384712014,0.4694416252943186,0.9999592018254402,94110.07069839716,0.0,0.0,0.00028848794586322724,0.0006429293306039514,0.7360827900657592,26.209520118630792,0.00028848794586322724,0.20555555555555555,0.2970379612945849,0.36,0.3207806577715526,0.20836185223375298
2025-09-28,112122.640625,37.0,11.627348556776269,1193,0.46821308846146503,0.2999689579643213,0.9131259186203018,1201.1793341413597,8.179334141359732,55,0.3708030706014994,0.26276039987039496,0.7701533633341258,0.5616438356164384,84068.60485418233,0.7388442333029164,0.12078373717741178,0.46822872863250165,0.9999665971563038,85261.60485418233,0.0,0.0,0.00023603559206991317,0.0005260330886759602,0.7840616640822218,31.44415282433428,0.00023603559206991317,0.2,0.2999689579643213,0.36666666666666664,0.3250531363923446,0.22957844935349692
2025-09-29,114400.3828125,50.0,11.647459704185348,1194,0.6948394309674527,0.5780093092302645,0.9170759258319127,1201.7908510873228,7.790851087322835,41,0.42971877248621815,0.3200783833903712,0.7968665565155415,0.6410958904109589,76061.90828245899,0.6345131600716516,0.18423505318457695,0.6952212160866439,0.9994508436877974,77255.90828245899,0.0,0.0,0.0001931200298753835,0.00043039070891669467,0.8232233331014173,33.18157958354623,0.0001931200298753835,0.19444444444444445,0.5780093092302645,0.2733333333333333,0.4283886333060344,0.26572575552668554
2025-09-30,114056.0859375,50.0,11.644445588301108,1195,0.7791800906273906,0.7231510393154144,0.872447673271693,1207.280734002844,12.280734002843928,42,0.4932571939664313,0.39336432083128814,0.8106085777439326,0.6767123287671233,68818.18184927269,0.44660529351233225,0.22889558253581016,0.7795305937281506,0.9995503664595334,70013.18184927269,0.0,0.0,0.0001580072971707683,0.00035213785275002286,0.8552827937119838,34.78492875017419,0.0001580072971707683,0.18888888888888888,0.7231510393154144,0.28,0.4947668815635825,0.30736959662430313
2025-10-01,118648.9296875,49.0,11.683924241068903,1196,0.5527720833768255,0.3948736806282869,0.936452320730909,1201.909100352869,5.909100352869018,27,0.5040780829501393,0.3936387498852879,0.8334892582870191,0.6904109589041096,62263.72730175651,0.0,0.22889558253581016,0.5577880179661773,0.9910074536781177,63459.72730175651,3.5216187267872077e-301,3.738081513877139e-121,0.00012927869768517404,0.00028811278861365505,0.8799600046149172,33.36948715923342,0.00012927869768517404,0.18333333333333332,0.3948736806282869,0.18,0.288392468726127,0.30391920973372566
2025-10-02,120681.2578125,64.0,11.700908115927499,1197,0.5221423305551995,0.3521761084231634,0.9434789252282897,1202.236312610157,5.236312610157029,43,0.5073624916056049,0.38610008780126526,0.8534873795490683,0.7068493150684931,56333.442445647335,0.0,0.22889558253581016,0.5223346248140354,0.9996318561900731,57530.442445647335,1.4564573426420116e-272,9.844986604790442e-110,0.0001057734799242333,0.00023572864522935412,0.9017185230831273,35.12048949391825,0.0001057734799242333,0.17777777777777778,0.3521761084231634,0.2866666666666667,0.32434470524885184,0.30763293619102133
2025-10-03,122266.53125,63.0,11.713958623143924,1198,0.5721601639189474,0.42145351712491774,0.905249104742375,1206.9590607368764,8.959060736876381,50,0.5191438865716671,0.39252798404192935,0.8628986023114876,0.7561643835616438,50968.30117089396,0.6797194227640581,0.29686752481221595,0.5722121183401842,0.9999092042625951,52166.30117089396,1.1291616132282468e-246,2.4883577442776266e-99,8.654193811982723e-05,0.00019286889155128973,0.9195713742066669,37.825855040478565,8.654193811982723e-05,0.17222222222222222,0.42145351712491774,0.3333333333333333,0.3837084007796237,0.3214648388434944
2025-10-04,122425.4296875,71.0,11.715257386366279,1199,0.0,0.0,0.9434005875803717,1204.243785676952,5.2437856769520295,25,0.4247540890131821,0.32115925967066944,0.8775353269058301,0.7506849315068493,46113.771896111386,0.0,0.29686752481221595,0.0,0.9866142981514303,47312.771896111386,3.0078707834814705e-223,0.0,7.080704027985865e-05,0.00015780182036014614,0.9317609967420784,35.493881396755185,7.080704027985865e-05,0.16666666666666666,0.0,0.16666666666666666,0.0,0.2630166863264954
2025-10-05,123513.4765625,74.0,11.724105551060363,1200,0.5324348649064817,0.36692063238624373,0.9448922506000487,1205.101594066645,5.101594066645021,29,0.444332411902873,0.3294795092553193,0.8897820403047789,0.7616438356164383,41721.56520067855,0.0,0.24996821096509586,0.5356686066403156,0.9939631673505832,42921.56520067855,4.7079007620227805e-202,1.6041482108226821e-81,5.7933032956247976e-05,0.000129110580294665,0.943070482307261,34.31317568825424,5.7933032956247976e-05,0.16111111111111112,0.36692063238624373,0.19333333333333333,0.2839657591253095,0.2668256086535525
2025-10-06,124752.53125,71.0,11.734087303989076,1201,0.7321365269685648,0.638079470967842,0.937646421865822,1206.7944115008436,5.79441150084358,24,0.4966604328239078,0.3855885932030507,0.8984846551340594,0.8082191780821918,37747.729887423535,0.7221004497680793,0.32217825594190375,0.744287120121306,0.9836748576936802,38948.729887423535,7.055807570215382e-183,1.0356073537853022e-73,4.739975423693016e-05,0.00010563592933199863,0.9504530960138826,32.438052835844374,4.739975423693016e-05,0.15555555555555556,0.638079470967842,0.16,0.3669212432708596,0.28502481494760834
2025-10-07,121451.3828125,70.0,11.707269320223878,1202,0.4102982425037431,0.2884354610334271,0.9438145373998867,1207.2043037081392,5.20430370813915,14,0.48095821640205966,0.3679243873540282,0.9067264519096643,0.7917808219178082,34152.29887945064,0.0,0.32217825594190375,0.46342969297777675,0.8853516482022624,35354.29887945064,1.5786227576938818e-165,5.0402994073452234e-67,3.8781617102942856e-05,8.64293967261807e-05,0.9386164691390425,29.08567959296358,3.8781617102942856e-05,0.15,0.2884354610334271,0.09333333333333334,0.18367240059349824,0.26659710324686103
2025-10-08,123354.8671875,60.0,11.722820579529266,1203,0.0456301752456299,0.01409574923812505,0.9359331745274161,1208.9590079810043,5.9590079810043335,7,0.4018076634645269,0.3035919076965912,0.9120367651128919,0.7698630136986301,30899.361748834483,0.0,0.24829383261161211,0.0755006752068848,0.6043677771171634,32102.361748834483,7.857922789668194e-150,1.0687528923897791e-61,3.173041399331688e-05,7.07149609577842e-05,0.877843979680519,25.07010148515202,3.173041399331688e-05,0.14444444444444443,0.01409574923812505,0.04666666666666667,0.02275388775784864,0.22226197315794968
2025-10-09,121705.5859375,70.0,11.709360177162216,1204,0.1141620128763154,0.030712335517326203,0.9667870761153132,1207.0399298140799,3.039929814079869,17,0.34950845426667027,0.25397744002763395,0.9219913671133322,0.7917808219178082,27955.950147023013,0.4643588243024358,0.23127839903469055,0.1220450137421804,0.935409070603099,29159.950147023013,1.2552305412751127e-135,1.2672978034314508e-55,2.5961247812713808e-05,5.785769532909616e-05,0.8883103598482607,23.60281030603347,2.5961247812713808e-05,0.1388888888888889,0.030712335517326203,0.11333333333333333,0.05177627128126243,0.19126457281673379
2025-10-10,113214.3671875,64.0,11.637038355315225,1205,0.5950943397675329,0.4735670202506434,0.9610364402950073,1208.5768656430307,3.5768656430307146,18,0.39416043344864526,0.2939028182499993,0.9290904713281822,0.8328767123287671,25292.914596415394,0.5865179883326582,0.24526966851672313,0.6285282641779733,0.9468060128462683,26497.914596415394,8.89582471622322e-123,9.144592643906633e-50,2.1241020937674932e-05,4.733811436016958e-05,0.8989459331206257,22.58411752311829,2.1241020937674932e-05,0.13333333333333333,0.4735670202506434,0.12,0.27346475965151745,0.20621006133214898
2025-10-11,110807.8828125,27.0,11.615553195281818,1206,0.31610711060073876,0.20046642257808625,0.9864107940297996,1207.2314145905352,1.2314145905352234,12,0.37996892020357137,0.27691438267328783,0.9395123481830217,0.8438356164383561,22883.278102908265,0.6569628216957278,0.31096595068629596,0.37918234715175,0.8336546070121552,24089.278102908265,3.77462007204585e-111,2.1525856298086243e-45,1.7379017130824944e-05,3.8731184476502385e-05,0.8870747829190855,20.659732518914964,1.7379017130824944e-05,0.12777777777777777,0.20046642257808625,0.08,0.13882285729599242,0.19395784241648414
2025-10-12,115169.765625,24.0,11.654162541625716,1207,0.47109242968828535,0.42940417132425535,0.9441998150615065,1212.1675720064104,5.16757200641041,11,0.3965368310189739,0.30463979879164554,0.9403646148882007,0.8493150684931506,20703.505671393803,0.4402274526792783,0.3549886959542238,0.5884984451975438,0.8004990217606297,21910.505671393803,1.245525332866849e-100,5.262857208784235e-41,1.4219195834311316e-05,3.168915093532013e-05,0.8713337354357298,18.90341751547588,1.4219195834311316e-05,0.12222222222222222,0.42940417132425535,0.07333333333333333,0.21175824345357738,0.1971942789686829
2025-10-13,115271.078125,38.0,11.655041834592005,1208,0.3309877999286795,0.2849303647458801,0.9543061325809565,1212.209368878664,4.209368878664009,9,0.3846188253661931,0.3010562653287791,0.9428994362868834,0.852054794520548,18731.23935686855,0.42104537462438035,0.329121291140256,0.4620812286328787,0.7162978701990245,19939.23935686855,4.0974372588982844e-91,2.360162062445733e-37,1.1633887500800166e-05,2.592748712889829e-05,0.8431453963017833,17.102796149025718,1.1633887500800166e-05,0.11666666666666667,0.2849303647458801,0.06,0.1527930993823512,0.1891213372257135
2025-10-14,113118.6640625,38.0,11.636192671146413,1209,0.6141180263097873,0.47276533116134123,0.9205422683008199,1216.451312446251,7.451312446250995,30,0.42634595281048293,0.332276095480154,0.9388344966530536,0.8328767123287671,16947.116685971192,0.0,0.32912129114025596,0.6171700843942984,0.9950547536867305,18156.116685971192,1.6664258356594425e-82,1.234095440216243e-33,9.518635227927408e-06,2.121339856000769e-05,0.8707652794626828,19.447742303748313,9.518635227927408e-06,0.1111111111111111,0.47276533116134123,0.2,0.33511924666258286,0.21566641166878064
2025-10-15,110783.1640625,34.0,11.615330092855514,1210,0.3893068248488028,0.2250961085582062,0.9226758101775644,1217.2429606978535,7.242960697853505,24,0.41961156590835924,0.31278882513070894,0.9358965536575101,0.8136986301369863,15332.89061689754,0.0,0.32912129114025596,0.3957677903464666,0.9836748576936802,16542.89061689754,1.0261824759088327e-74,1.0203806186912481e-30,7.787974277395151e-06,1.7356417003642654e-05,0.8912942936865005,20.275425521248618,7.787974277395151e-06,0.10555555555555556,0.2250961085582062,0.16,0.1963671266215349,0.2121574507510996
2025-10-16,108186.0390625,28.0,11.591607608072334,1211,0.6478003251988007,0.5371745097376516,0.8939245862395172,1221.0920476523172,10.092047652317206,24,0.46110043123389405,0.35358622233197123,0.9282652868542386,0.8082191780821918,13872.671705540852,0.0,0.25691124616344807,0.6585512683709641,0.9836748576936802,15083.671705540852,1.141569993653982e-67,1.132196548841652e-27,6.371978954232396e-06,1.420070482116217e-05,0.9080907598696241,20.952620881021595,6.371978954232396e-06,0.1,0.5371745097376516,0.16,0.3309155920918528,0.23374984008578198
2025-10-17,106467.7890625,22.0,11.575597768266984,1212,0.5105472299997655,0.3724821214261893,0.837991010998502,1227.9073114760715,15.907311476071527,27,0.4700907582822343,0.3570218403491018,0.9118517821531955,0.8054794520547945,12552.0750965823,0.0,0.25691124616344807,0.5151800101047402,0.9910074536781177,13764.0750965823,2.691744777435172e-61,3.241557516267031e-25,5.213437326190142e-06,1.1618758490041774e-05,0.9231665223802592,22.052144357199488,5.213437326190142e-06,0.09444444444444444,0.3724821214261893,0.18,0.2784660543912608,0.24188006086859629
2025-10-18,107198.265625,23.0,11.582435348616691,1213,0.5501121433633295,0.42431795406798156,0.8306128863893181,1229.703229001582,16.70322900158203,27,0.4846401010242516,0.36925749738889807,0.8970810738324905,0.7917808219178082,11357.325394907946,0.0,0.25691124616344807,0.5551039412686473,0.9910074536781177,12570.325394907946,1.5678037063368264e-55,7.092648552837364e-23,4.265539630519207e-06,9.506256946397814e-06,0.935501237161688,22.95175447407231,4.265539630519207e-06,0.08888888888888889,0.42431795406798156,0.18,0.30110907661337577,0.25264897282219256
2025-10-19,108666.7109375,29.0,11.596040779080958,1214,0.1892089333451842,0.07380174375675483,0.8686399083209069,1226.674395293143,12.674395293143107,19,0.4309253432644211,0.3155382694557811,0.8919099528303843,0.7753424657534247,10275.977680658916,0.0,0.21047536373320447,0.1978681463866151,0.9562374581277391,11489.977680658916,2.5901735070411405e-50,2.9291207056111056e-21,3.4899869704248057e-06,7.777846592507301e-06,0.9392714591555154,22.233253660604614,3.4899869704248057e-06,0.08333333333333333,0.07380174375675483,0.12666666666666668,0.09160199045494624,0.22336770330087505
2025-10-20,110588.9296875,29.0,11.613575269819298,1215,0.4369473008904734,0.31362545785751444,0.7874664189894881,1236.504109657014,21.50410965701394,20,0.43202024465097605,0.31519048552882356,0.8729202194047668,0.7753424657534247,9298.456388182545,0.49486554458836357,0.20131011935877502,0.4532518673958573,0.9640275800758169,10513.456388182545,1.3500573780614583e-45,5.420971631185429e-19,2.8554438848931215e-06,6.363692666596883e-06,0.9437725720501156,21.827207540494683,2.8554438848931215e-06,0.07777777777777778,0.31362545785751444,0.13333333333333333,0.22275234239995242,0.22325581950070728
2025-10-21,108476.890625,34.0,11.594292439645802,1216,0.34213593136568055,0.24046172774940064,0.7449523196099497,1242.499155685683,26.499155685683036,15,0.4156776422354677,0.3016034386598376,0.8496533285329818,0.7534246575342466,8414.508080325702,0.0,0.13561383718920222,0.3779888322028593,0.9051482536448665,9630.508080325702,2.4879388259021334e-41,2.206394543629861e-17,2.3362722694620197e-06,5.20665763630654e-06,0.9367499687037065,20.58589707858656,2.3362722694620197e-06,0.07222222222222222,0.24046172774940064,0.1,0.1692885471880957,0.2134435881711415
2025-10-22,107688.5859375,25.0,11.586998877374983,1217,0.5841531819854056,0.5942258141343644,0.7304496758295437,1245.2685446179332,28.26854461793323,15,0.4463095585536382,0.35480750692793334,0.8279799371323566,0.7589041095890411,7614.913838829723,0.601489219373919,0.15174001385866628,0.6453674076408229,0.9051482536448665,8831.913838829723,1.7958791442669251e-37,1.3267877992835488e-15,1.911495493437432e-06,4.259992611523533e-06,0.9310042023293719,19.570279427934455,1.911495493437432e-06,0.06666666666666667,0.5942258141343644,0.1,0.29132040738309656,0.22760300984604243
2025-10-23,110069.7265625,27.0,11.60886932179976,1218,0.12631939917047175,0.056187809172371615,0.4323010115966985,1293.476983254956,75.47698325495594,29,0.38812952957488067,0.3005130164269221,0.7560383143076914,0.7397260273972602,6895.967471632126,0.0,0.10963547639622825,0.1270865997048735,0.9939631673505832,8113.967471632126,5.291132816153452e-34,8.64121907928339e-15,1.5639508598381204e-06,3.4854485003374358e-06,0.942451286878683,21.284774077400918,1.5639508598381204e-06,0.06111111111111111,0.056187809172371615,0.19333333333333333,0.09211024867760478,0.20296796236087192
2025-10-24,111033.921875,30.0,11.617591036085024,1219,0.553857238087819,0.5399985292653366,0.5824897354269959,1267.639934375389,48.639934375388975,30,0.4182618402135967,0.34405583694299746,0.724484027238474,0.6904109589041096,6242.936277607674,0.0,0.10963547639622825,0.5566098107021232,0.9950547536867305,7461.936277607674,7.4945736303889775e-31,6.126060722224165e-13,1.2795962694322933e-06,2.8517305911851744e-06,0.9520155535710552,22.86936060878257,1.2795962694322933e-06,0.05555555555555555,0.5399985292653366,0.2,0.3629506215420652,0.2320557185756343
2025-10-25,111641.7265625,37.0,11.623050152977642,1220,0.21638147686818696,0.08221355347414183,0.9281436524165869,1226.711188428187,6.711188428186915,35,0.38155631960534037,0.2964481490395692,0.7615130499981309,0.6821917808219178,5648.105316733437,0.0,0.10963547639622825,0.2167764657843285,0.9981778976111987,6868.105316733437,5.56032668232701e-28,2.7939210153655476e-12,1.0469429102484245e-06,2.3332341200605972e-06,0.9604087070328994,25.074931407185737,1.0469429102484245e-06,0.05,0.08221355347414183,0.23333333333333334,0.12478338600337467,0.21255165810795074
2025-10-26,114472.4453125,40.0,11.648089420722446,1221,0.5592017776247356,0.5146307013419343,0.6357685081621282,1261.762868649866,40.76286864986605,36,0.4138554937906849,0.33611770400363555,0.7386504060279484,0.6657534246575343,5113.167940725477,0.503298880358504,0.15996536443207865,0.5600373857002534,0.9985079423323265,6334.167940725477,2.1204963861338832e-25,9.053655249854703e-11,8.566061150309833e-07,1.909009734595034e-06,0.9673358407237043,27.06130751497015,8.566061150309833e-07,0.044444444444444446,0.5146307013419343,0.24,0.37929918672077956,0.24286939058301052
2025-10-27,114119.328125,51.0,11.644999917867063,1222,0.33433511488302553,0.2069048795915667,0.6881587080988796,1255.6362208547628,33.63622085476277,39,0.3993972430802014,0.3126244632014412,0.7294700973135723,0.663013698630137,4628.4982531187425,0.0,0.15996536443207865,0.3346092047697771,0.9991808656700278,5850.4982531187425,4.626028713984634e-23,4.5205354382433246e-10,7.009417402151362e-07,1.561917055577755e-06,0.9731258452593994,29.231978875884664,7.009417402151362e-07,0.03888888888888889,0.2069048795915667,0.26,0.22670013514871054,0.23992952595859232
2025-10-28,112956.1640625,50.0,11.634755093780251,1223,0.6599525261657655,0.6271993931238238,0.7367239394199783,1250.498782730737,27.498782730737048,25,0.4467709309139403,0.36981990500551076,0.7307889776965552,0.7123287671232876,4189.403065462742,0.5822727908279555,0.21819264351487422,0.66890630654987,0.9866142981514303,5412.403065462742,6.082184980966353e-21,6.1124403291310075e-09,5.746091402358626e-07,1.2779321363818005e-06,0.9755782912397686,28.462528171178363,5.746091402358626e-07,0.03333333333333333,0.6271993931238238,0.16666666666666666,0.3691330044521975,0.26342106750288413
2025-10-29,110055.3046875,51.0,11.608738288314484,1224,0.42328642274736256,0.30367011971676994,0.7072240591247785,1255.1766973183578,31.17669731835781,29,0.44250102033819894,0.35779267131664877,0.7265044470471411,0.7150684931506849,3792.4767446870865,0.0,0.21819264351487422,0.4258572517084671,0.9939631673505832,5016.4767446870865,5.005244538244208e-19,2.325849707327408e-08,4.7436356875175555e-07,1.0455808388579278e-06,0.9789209959871894,28.560250321873205,4.7436356875175555e-07,0.027777777777777776,0.30367011971676994,0.19333333333333333,0.2534918097363039,0.26161574790896047
2025-10-30,108305.546875,34.0,11.592711649359865,1225,0.670245118183861,0.6350545187153911,0.7378055271936057,1252.366750215567,27.36675021556698,29,0.4839090381283193,0.40820391629823827,0.7285591888919528,0.7753424657534247,3432.9900785469417,0.6208167067825257,0.2307877597342904,0.6743158501239083,0.9939631673505832,4657.990078546942,2.7172283581694614e-17,1.7893996705475057e-07,4.2065018662502734e-07,8.554752317977904e-07,0.9816559362350792,28.64020480880535,4.2065018662502734e-07,0.022222222222222223,0.6350545187153911,0.19333333333333333,0.3946474508319554,0.2858033302585959
2025-10-31,109556.1640625,29.0,11.60419261055615,1226,0.6381630753804676,0.5808205006752133,0.9429029186099778,1231.2912756044507,5.291275604450675,15,0.511955226719619,0.4395887498213246,0.7675307761134119,0.8246575342465754,3105.637811600038,0.5808231625025104,0.28887007598454145,0.7050370729995905,0.9051482536448665,4331.637811600038,1.0321970609408375e-15,6.616829243347812e-07,4.644743207540735e-07,6.999342807495007e-07,0.9677454484914041,26.160167570840738,4.644743207540735e-07,0.022222222222222223,0.5808205006752133,0.1,0.28735923717443157,0.28608622242511145
2025-11-01,110064.015625,33.0,11.608817435728643,1227,0.08438035319609175,0.019358017703846327,0.9416187484748914,1232.4139330745827,5.413933074582701,16,0.4342143406244322,0.36318316216360125,0.7991831347245899,0.7808219178082192,2809.4736326928514,0.0,0.22872115404714957,0.09155173277060573,0.9216685544064713,4036.4736326928514,2.7726889941450848e-14,3.2647637787953554e-07,4.393837856859757e-07,5.726735074726624e-07,0.9593678313850525,24.31286437614242,4.393837856859757e-07,0.016666666666666666,0.019358017703846327,0.10666666666666667,0.03831139969303473,0.24103625465564293
2025-11-02,110639.625,37.0,11.614033576961964,1228,0.5060711103330188,0.39603036105540046,0.9378574817139608,1233.774155199189,5.774155199188954,15,0.4472792078441752,0.36915538014392835,0.8243966523590209,0.8054794520547945,2541.5498729315505,0.0,0.22872115404714957,0.5591030069330223,0.9051482536448665,3769.5498729315505,5.442089989594842e-13,6.451535545979634e-06,1.5325022875575498e-06,4.685511505156326e-07,0.9495097263413823,22.61961630775289,1.5325022875575498e-06,0.05555555555555555,0.39603036105540046,0.1,0.22836896784761263,0.2387331115996374
2025-11-03,106547.5234375,42.0,11.576346394060954,1229,0.6330641776616566,0.5769846747777418,0.9334125520730373,1235.2017198080937,6.201719808093685,15,0.4810582932655354,0.4069425246228035,0.8442177250342966,0.8547945205479452,2299.183382157888,0.5769820150694249,0.28641935555409204,0.69940385468615,0.9051482536448665,3528.183382157888,8.040884519091093e-12,2.3743230827237308e-05,5.570816567499325e-06,3.833614942190665e-07,0.9414440040329248,21.23423152452509,5.570816567499325e-06,0.1,0.5769846747777418,0.1,0.2862190703873987,0.24736692228832124
2025-11-04,101590.5234375,21.0,11.528705536523345,1230,0.08090161084915641,0.018894095787997913,0.9196116380276587,1237.542344757665,7.542344757664978,15,0.4083025328261937,0.33638826483465706,0.8579257092149079,0.8082191780821918,2080.0270928816763,0.0,0.28641935555409204,0.0893794033445686,0.9051482536448665,3310.0270928816763,9.179969478133064e-11,8.084476080133115e-06,6.0278455697963776e-06,3.1367609521465097e-07,0.9348447766896414,20.100734883702344,6.0278455697963776e-06,0.10555555555555556,0.018894095787997913,0.1,0.03679558124312309,0.20908122391646702
2025-11-05,103891.8359375,23.0,11.551105597845094,1231,0.6299376127035143,0.5816510231471238,0.9108582818745861,1239.4031161370665,8.40311613706649,15,0.44859982007661564,0.3809814936187419,0.8675498133348493,0.8575342465753425,1881.8248093821894,0.5816512985024425,0.2942545973684859,0.6959496526307937,0.9051482536448665,3112.8248093821894,8.303576962050503e-10,0.00015248365795651598,3.265617509465449e-05,2.5679505202947894e-07,0.9294454088633186,19.173328541211006,3.265617509465449e-05,0.16111111111111112,0.5816510231471238,0.1,0.2876057058480912,0.22335840244948957
2025-11-06,101301.2890625,27.0,11.525854415353244,1232,0.2475510585341682,0.3768239617297121,0.9079751648966932,1240.6884426971235,8.688442697123492,5,0.4120454997961706,0.3802255787298274,0.8748998772551845,0.8712328767123287,1702.5261077931355,0.0,0.2942545973684859,0.5356889581896304,0.46211715726000974,2934.5261077931355,6.08793585187319e-09,0.00013311384458335304,5.09212059107815e-05,2.1121193999718697e-07,0.8444766358445351,16.596359715536277,5.09212059107815e-05,0.17777777777777778,0.3768239617297121,0.03333333333333333,0.1428349887222684,0.208717781771813
2025-11-07,103372.40625,24.0,11.546093341321978,1233,0.0,0.0,0.9035822077108766,1242.1249366527443,9.124936652744282,6,0.3371281361968668,0.3110936553244042,0.8801148464289467,0.8164383561643835,1540.3450438750028,0.0,0.23602731828569032,0.0,0.5370495669980352,2773.345043875003,3.690403538159473e-08,0.0,4.166280483609395e-05,1.7951959370344293e-07,0.7885808051451715,14.669748858166045,4.166280483609395e-05,0.17222222222222222,0.0,0.04,0.0,0.1707690941769379
2025-11-08,102282.1171875,20.0,11.535490129107778,1234,0.0,0.0,0.0,,,0,0.2758321114338001,0.2545311725381489,0.7200939652600472,0.7534246575342466,1393.514557472883,0.0,0.23602731828569032,0.0,0.0,2627.514557472883,1.886268554804989e-07,0.0,3.4087749411349594e-05,1.8117545948108947e-07,0.6452024769369584,12.002521793044945,3.4087749411349594e-05,0.16666666666666666,0.0,0.0,0.0,0.13972016796294917
2025-11-09,104719.640625,22.0,11.559041968807458,1235,0.0,0.0,0.0,,,0,0.22568081844583643,0.2082527775312127,0.5891677897582204,0.7068493150684931,1260.5726888233462,0.0,0.17394564760743778,0.0,0.0,2495.572688823346,8.262543267787033e-07,0.0,2.7889976791104212e-05,2.984625262624738e-07,0.5278929356756932,9.820245103400408,2.7889976791104212e-05,0.15555555555555556,0.0,0.0,0.0,0.11431650106059477
2025-11-10,105996.59375,29.0,11.57116223814392,1236,0.0,0.0,0.0,,,0,0.18464794236477525,0.1703886361619013,0.4820463734385439,0.663013698630137,1140.196712426146,0.0,0.11586333135718671,0.0,0.0,2376.196712426146,3.147656468435007e-06,0.0,2.2819071919994353e-05,8.164977884756617e-07,0.43191240191647623,8.034745993691242,2.2819071919994353e-05,0.15,0.0,0.0,0.0,0.09353168268594117
2025-11-11,102997.46875,26.0,11.542459691667078,1237,0.0,0.0,0.0,,,0,0.15107558920754338,0.1394088841324647,0.3944015782678995,0.6328767123287671,1031.1898766382028,0.0,0.11586333135718671,0.0,0.0,2268.189876638203,1.0568155295409266e-05,0.0,1.8670149752722652e-05,2.5895264260999536e-06,0.3533828742952987,6.573883085747379,1.8670149752722652e-05,0.14444444444444443,0.0,0.0,0.0,0.07652592219758822
2025-11-12,101663.1875,24.0,11.5294205450244,1238,0.0,0.0,0.0,,,0,0.1236073002607173,0.11406181429019838,0.32269220040100866,0.6027397260273972,932.4694061633973,0.0,0.11586333135718671,0.0,0.0,2170.4694061633973,3.165003892258579e-05,0.0,1.527557707040944e-05,7.873255970915561e-06,0.28913144260524437,5.378631615611492,1.527557707040944e-05,0.1388888888888889,0.0,0.0,0.0,0.06261211816166308
2025-11-13,99697.4921875,15.0,11.509895802047815,1239,0.0,0.0,0.0,,,0,0.1011332456678596,0.0933233026010714,0.26402089123718886,0.5671232876712329,843.0556471623827,0.0,0.058165129850244246,0.0,0.0,2082.0556471623827,8.547514137303085e-05,0.0,1.2498199421244088e-05,2.1982689680391065e-05,0.23656208940429083,4.40069859459122,1.2498199421244088e-05,0.13333333333333333,0.0,0.0,0.0,0.051228096677724336
2025-11-14,94397.7890625,16.0,11.455272930911224,1240,0.0,0.0,0.0,,,0,0.08274538281915784,0.0763554294008766,0.21601709283042722,0.5397260273972603,762.0622461614648,0.0,0.058165129850244246,0.0,0.0,2002.0622461614648,0.00021021950932315365,0.0,1.0225799526472436e-05,5.620756597907517e-05,0.19355080042169248,3.600571577392816,1.0225799526472436e-05,0.12777777777777777,0.0,0.0,0.0,0.041913897281774457
2025-11-15,95549.1484375,10.0,11.467396037409971,1241,0.0,0.0,0.0,,,0,0.06770076776112914,0.06247262405526267,0.17674125777034952,0.5095890410958904,688.6872643034915,0.0,0.0,0.0,0.0,1929.6872643034915,0.00047505464688025047,0.0,8.366563248931993e-06,0.00013236158068837976,0.15835974579956658,2.945922199685031,8.366563248931993e-06,0.12222222222222222,0.0,0.0,0.0,0.03429318868508819
2025-11-16,94177.078125,10.0,11.452932098948049,1242,0.0,0.0,0.0,,,0,0.05539153725910566,0.051113965136124,0.14460648363028597,0.4767123287671233,622.2051378605631,0.0,0.0,0.0,0.0,1864.2051378605631,0.000994380705938299,0.0,6.8453699309443576e-06,0.0002890923307338196,0.1295670647450999,2.4102999815604798,6.8453699309443576e-06,0.11666666666666667,0.0,0.0,0.0,0.028058063469617606
2025-11-17,92093.875,14.0,11.430563716231704,1243,0.0,0.0,0.0,,,0,0.04532034866654099,0.041820516929556,0.1183143956975067,0.4575342465753425,561.9594044121995,0.0,0.0,0.0,0.0,1804.9594044121995,0.0019420845307983213,0.0,5.600757216227201e-06,0.0005896363671091835,0.10600941660962719,1.972063621276756,5.600757216227201e-06,0.10555555555555556,0.0,0.0,0.0,0.022956597384232585
2025-11-18,92948.875,11.0,11.439804889795012,1244,0.0,0.0,0.0,,,0,0.03708028527262445,0.034216786578727634,0.0968026873888691,0.42191780821917807,507.3561217684419,0.0,0.0,0.0,0.0,1751.3561217684419,0.003562508876036066,0.0,4.5824377223677095e-06,0.0011301586414595257,0.08673497722605861,1.6135065992264366,4.5824377223677095e-06,0.09444444444444444,0.0,0.0,0.0,0.018782670587099388
2025-11-19,91465.9921875,15.0,11.423722512095202,1245,0.0,0.0,0.0,,,0,0.030338415223056366,0.02799555265532261,0.07920219877271108,0.39452054794520547,457.85791366218496,0.0,0.0,0.0,0.0,1702.857913662185,0.006174606323362431,0.0,3.749267227391762e-06,0.002047330947260054,0.07096498136677522,1.320141763003448,3.749267227391762e-06,0.08888888888888889,0.0,0.0,0.0,0.015367639571263135
2025-11-20,86631.8984375,11.0,11.36942336896359,1246,0.0,0.0,0.0,,,0,0.024822339727955205,0.02290545217253668,0.06480179899585452,0.3643835616438356,412.97858251842877,0.0,0.0,0.0,0.0,1658.9785825184288,0.010166564666693752,0.0,3.0675822769568962e-06,0.0035235552598843626,0.05806225748190699,1.080115987911912,3.0675822769568962e-06,0.08333333333333333,0.0,0.0,0.0,0.012573523285578928
2025-11-21,85090.6875,14.0,11.3514728784913,1247,0.0,0.0,0.0,,,0,0.020309187050145165,0.018740824504802737,0.05301965372388096,0.3424657534246575,372.2782352931256,0.0,0.0,0.0,0.0,1619.2782352931256,0.015979880183267705,0.0,2.5098400447829148e-06,0.005788341609590425,0.047505483394287534,0.8837312628370189,2.5098400447829148e-06,0.07777777777777778,0.0,0.0,0.0,0.010287428142746396
2025-11-22,84648.359375,11.0,11.34626100609762,1248,0.0,0.0,0.0,,,0,0.016616607586482406,0.015333401867565875,0.04337971668317533,0.3315068493150685,335.3588735178512,0.0,0.0,0.0,0.0,1583.3588735178512,0.024083948306784873,0.0,2.053505491186021e-06,0.009114815554534871,0.03886812277714434,0.7230528514121063,2.053505491186021e-06,0.07222222222222222,0.0,0.0,0.0,0.00841698666224705
2025-11-23,86805.0078125,13.0,11.37141959267662,1249,0.0,0.0,0.0,,,0,0.013595406207121968,0.012545510618917533,0.03549249546805254,0.3150684931506849,301.8604033402221,0.0,0.0,0.0,0.0,1550.860403340222,0.034944140380871666,0.0,1.6801408564249264e-06,0.01381105643205065,0.03180119136311809,0.5915886966099051,1.6801408564249264e-06,0.06666666666666667,0.0,0.0,0.0,0.0068866254509294044
2025-11-24,88270.5625,19.0,11.38816195048746,1250,0.0,0.0,0.0,,,0,0.011123514169463427,0.010264508688205254,0.029039314473861166,0.2958904109589041,271.4570255604624,0.0,0.0,0.0,0.0,1521.4570255604624,0.04898754617379541,0.0,1.3746607007113032e-06,0.020206781839640607,0.02601915656982389,0.4840271154081041,1.3746607007113032e-06,0.05555555555555555,0.0,0.0,0.0,0.005634511732578603
2025-11-25,87341.890625,20.0,11.377585473530706,1251,0.0,0.0,0.0,,,0,0.009101057047742804,0.008398234381258843,0.023759439114977316,0.2821917808219178,243.85396947401318,0.0,0.0,0.0,0.0,1494.8539694740132,0.06657084568790249,0.0,1.124722391491066e-06,0.028636611630233677,0.02128840082985591,0.3960221853339033,1.124722391491066e-06,0.05,0.0,0.0,0.0,0.004610055053927947
2025-11-26,90518.3671875,15.0,11.413308061444042,1252,0.0,0.0,0.0,,,0,0.007446319402698657,0.006871282675575417,0.01943954109407235,0.26575342465753427,218.7845377767494,0.0,0.0,0.0,0.0,1470.7845377767494,0.08795417765104412,0.0,9.202274112199631e-07,0.03942162363401739,0.017417782497154834,0.32401815163682995,9.202274112199631e-07,0.044444444444444446,0.0,0.0,0.0,0.0037718632259410474
2025-11-27,91285.375,22.0,11.421745867552538,1253,0.0,0.0,0.0,,,0,0.006092443147662537,0.005621958552743523,0.015905079076968285,0.25205479452054796,196.00743290779656,0.0,0.0,0.0,0.0,1449.0074329077966,0.11328365712196571,0.0,7.529133364526971e-07,0.05285108426818981,0.01425091295221759,0.26510576043013356,7.529133364526971e-07,0.03888888888888889,0.0,0.0,0.0,0.003086069912133584
2025-11-28,90919.265625,25.0,11.417727200778117,1254,0.0,0.0,0.0,,,0,0.004984726211723894,0.004599784270426518,0.013013246517519506,0.23835616438356164,175.30433802636298,0.0,0.0,0.0,0.0,1429.304338026363,0.1425837150019437,0.0,6.160200025522067e-07,0.06916610803796325,0.01165983786999621,0.21690471307920017,6.160200025522067e-07,0.03333333333333333,0.0,0.0,0.0,0.0025249662917456593
2025-11-29,90851.7578125,28.0,11.416984422151172,1255,0.0,0.0,0.0,,,0,0.004078412355046822,0.003763459857621696,0.010647201696152322,0.23013698630136986,156.4777283717326,0.0,0.0,0.0,0.0,1411.4777283717326,0.17575902006220184,0.0,5.040163657245326e-07,0.08854663749691571,0.009539867348178717,0.17746749251934557,5.040163657245326e-07,0.027777777777777776,0.0,0.0,0.0,0.0020658815114282664
2025-11-30,90394.3125,28.0,11.411936629578038,1256,0.0,0.0,0.0,,,0,0.0033368828359473996,0.0030791944289632056,0.008711346842306445,0.2219178082191781,139.34889106516243,0.0,0.0,0.0,0.0,1395.3488910651624,0.21260463499396767,0.0,4.123770265018903e-07,0.11110263704183425,0.007805346012146223,0.14520067569764636,4.123770265018903e-07,0.005555555555555556,0.0,0.0,0.0,0.0016902666911685815
2025-12-01,86321.5703125,24.0,11.365834791523962,1257,0.0,0.0,0.0,,,0,0.002730176865775145,0.002519340896424441,0.007127465598250727,0.21095890410958903,123.75613350207504,0.0,0.0,0.0,0.0,1380.756133502075,0.2528223653675969,0.0,3.373993853197284e-07,0.1368698603737911,0.006386192191756,0.11880055284352883,3.373993853197284e-07,0.005555555555555556,0.0,0.0,0.0,0.0013829454745924758
2025-12-02,91350.203125,23.0,11.422455785394266,1258,0.0,0.0,0.0,,,0,0.002233781071997846,0.0020612789152563604,0.00583156276220514,0.20273972602739726,109.55316237356737,0.0,0.0,0.0,0.0,1367.5531623735674,0.296040988463392,0.0,2.760540425343232e-07,0.16581006548099125,0.005225066338709454,0.09720045232652358,2.760540425343232e-07,0.005555555555555556,0.0,0.0,0.0,0.0011315008428483893
2025-12-03,93527.8046875,28.0,11.446014047406099,1259,0.0,0.0,0.0,,,0,0.0018276390589073283,0.0016865009306642948,0.0047712786236223876,0.19452054794520549,96.60761706682229,0.0,0.0,0.0,0.0,1355.6076170668223,0.34183812680302744,0.0,2.258623984371735e-07,0.19781516753954329,0.004275054277125916,0.0795276428126102,2.258623984371735e-07,0.005555555555555556,0.0,0.0,0.0,0.0009257734168759548
2025-12-04,92141.625,26.0,11.431082074540166,1260,0.0,0.0,0.0,,,0,0.0014953410481969049,0.001379864397816241,0.0039037734193274076,0.18904109589041096,84.79974274167193,0.0,0.0,0.0,0.0,1344.799742741672,0.389761851405051,0.0,1.8479650781223286e-07,0.2327145646059992,0.0034977716812848404,0.0650680713921356,1.8479650781223286e-07,0.005555555555555556,0.0,0.0,0.0,0.000757450977443963
2025-12-05,89387.7578125,28.0,11.40073901456449,1261,0.0,0.0,0.0,,,0,0.0012234608576156493,0.0011289799618496518,0.0031939964339951516,0.18082191780821918,74.02118978082171,0.0,0.0,0.0,0.0,1335.0211897808217,0.4393505504219493,0.0,1.5119714275546325e-07,0.27028474384526285,0.0028618131937785058,0.05323751295720185,1.5119714275546325e-07,0.005555555555555556,0.0,0.0,0.0,0.000619732617908697
2025-12-06,89272.375,23.0,11.399447368501933,1262,0.0,0.0,0.0,,,0,0.0010010134289582585,0.0009237108778769878,0.0026132698096323964,0.17534246575342466,64.17392757814764,0.0,0.0,0.0,0.0,1326.1739275781476,0.4901500845593158,0.0,1.2370675316356083e-07,0.310260260338727,0.0023414835221824137,0.04355796514680151,1.2370675316356083e-07,0.005555555555555556,0.0,0.0,0.0,0.0005070539601071157
2025-12-07,90405.640625,20.0,11.412061940727948,1263,0.0,0.0,0.0,,,0,0.0008190109873294841,0.0007557634455357173,0.002138129844244688,0.16986301369863013,55.16926177572827,0.0,0.0,0.0,0.0,1318.1692617757283,0.541727702601814,0.0,1.0121461622473159e-07,0.3523452498411065,0.0019157592454219748,0.035638335120110325,1.0121461622473159e-07,0.005555555555555556,0.0,0.0,0.0,0.000414862330996731
2025-12-08,90640.203125,20.0,11.414653136707761,1264,0.0,0.0,0.0,,,0,0.0006700998987241233,0.0006183519099837686,0.0017493789634729264,0.1643835616438356,46.926945097348835,0.0,0.0,0.0,0.0,1310.9269450973488,0.5936825672195257,0.0,8.281195872932584e-08,0.3962247620917282,0.0015674393826179793,0.029158637825544807,8.281195872932584e-08,0.005555555555555556,0.0,0.0,0.0,0.0003394328162700526
2025-12-09,92691.7109375,22.0,11.437034329405959,1265,0.0,0.0,0.0,,,0,0.0005482635535015554,0.0005059242899867198,0.0014313100610233033,0.1589041095890411,39.37437286452928,0.0,0.0,0.0,0.0,1304.3743728645293,0.6456530254334841,0.0,6.77552389603575e-08,0.4415753554265929,0.0012824504039601649,0.023857067311809387,6.77552389603575e-08,0.005555555555555556,0.0,0.0,0.0,0.00027771775876640666
2025-12-10,92020.9453125,26.0,11.429771496559324,1266,0.0,0.0,0.0,,,0,0.00044857927104672706,0.0004139380554436798,0.0011710718681099753,0.15616438356164383,32.445855130073596,0.0,0.0,0.0,0.0,1298.4458551300736,0.6973209495146949,0.0,5.543610460392886e-08,0.4880745543517023,0.0010492776032401349,0.019519418709662225,5.543610460392886e-08,0.005555555555555556,0.0,0.0,0.0,0.00022722362080887816
2025-12-11,92511.3359375,29.0,11.435086466667471,1267,0.0,0.0,0.0,,,0,0.00036701940358368573,0.00033867659081755617,0.0009581497102717979,0.15342465753424658,26.081958132232785,0.0,0.0,0.0,0.0,1293.0819581322328,0.7484135834183322,0.0,4.535681285775997e-08,0.5354089232729078,0.0008584998571964739,0.015970433489723636,4.535681285775997e-08,0.005555555555555556,0.0,0.0,0.0,0.00018591023520726394
2025-12-12,90270.4140625,29.0,11.410565045215325,1268,0.0,0.0,0.0,,,0,0.0003002886029321065,0.00027709902885072774,0.0007839406720405619,0.1506849315068493,20.22890846751966,0.0,0.0,0.0,0.0,1288.2289084675197,0.7987033732524269,0.0,3.7110119610894516e-08,0.5832806414510021,0.0007024089740698422,0.013066718309773883,3.7110119610894516e-08,0.005555555555555556,0.0,0.0,0.0,0.00015210837426048868
2025-12-13,90298.7109375,23.0,11.410878463970958,1269,0.0,0.0,0.0,,,0,0.0002456906751262689,0.0002267173872415045,0.0006414060043968233,0.14794520547945206,14.83805400896972,0.0,0.0,0.0,0.0,1283.8380540089697,0.848006255230541,0.0,3.036282513618642e-08,0.6314125712291001,0.0005746982515116891,0.010690951344360449,3.036282513618642e-08,0.005555555555555556,0.0,0.0,0.0,0.0001244523062131271
2025-12-14,88175.1796875,21.0,11.387080792953041,1270,0.0,0.0,0.0,,,0,0.0002010196432851291,0.00018549604410668548,0.000524786730870128,0.14520547945205478,9.86537616551982,0.0,0.0,0.0,0.0,1279.8653761655198,0.8961788372953289,0.0,2.4842311475061613e-08,0.6795518923320508,0.0004702076603277456,0.008747142009022185,2.4842311475061613e-08,0.005555555555555556,0.0,0.0,0.0,0.0001018246141743767
2025-12-15,86419.78125,16.0,11.366971878239953,1271,0.0,0.0,0.0,,,0,0.00016447061723328743,0.00015176949063274266,0.0004293709616210138,0.14246575342465753,5.271048592874649,0.0,0.0,0.0,0.0,1276.2710485928746,0.9431148547387196,0.0,2.0325527570504954e-08,0.7274724309514451,0.00038471535844997363,0.007156752552836333,2.0325527570504954e-08,0.005555555555555556,0.0,0.0,0.0,8.331104796085366e-05
2025-12-16,87843.984375,11.0,11.38331761517503,1272,0.0,0.0,0.0,,,0,0.000134566868645417,0.00012417503779042581,0.00035130351405355674,0.13972602739726028,1.0190379319099065,0.0,0.0,0.0,0.0,1273.01903793191,0.988741216194013,0.0,1.6629977103140416e-08,0.7749758464500938,0.0003147671114590693,0.005855524815956999,1.6629977103140416e-08,0.005555555555555556,0.0,0.0,0.0,6.81635846952439e-05
2025-12-17,86143.7578125,16.0,11.363772782134177,1273,0.0,0.0,0.0,,,0,0.00011010016525534117,0.00010159775819216657,0.00028743014786200094,0.136986301369863,-2.923257428010629,0.0,0.0,0.0,0.0,1270.0767425719894,1.0,0.0,1.360634490256943e-08,0.815889328913713,0.00025753672755742034,0.004790883940328453,1.360634490256943e-08,0.005555555555555556,0.0,0.0,0.0,5.5770205659745e-05
2025-12-18,85462.5078125,17.0,11.355833053636408,1274,0.0,0.0,0.0,,,0,9.008195339073368e-05,8.312543852086356e-05,0.00023517012097800074,0.13424657534246576,-6.585334182224415,0.0,0.0,0.0,0.0,1267.4146658177756,1.0,0.0,1.1132464011193169e-08,0.849363996383947,0.00021071186800152573,0.003919814132996007,1.1132464011193169e-08,0.005555555555555556,0.0,0.0,0.0,4.563016826706409e-05
2025-12-19,88103.3828125,16.0,11.386266208604816,1275,0.0,0.0,0.0,,,0,7.370341641060028e-05,6.801172242616108e-05,0.00019241191716381877,0.13150684931506848,-9.993879816989192,0.0,0.0,0.0,0.0,1265.0061201830108,1.0,0.0,9.108379645521683e-09,0.8767523606777747,0.0001724006192739756,0.00320712065426946,9.108379645521683e-09,0.005555555555555556,0.0,0.0,0.0,3.73337740366888e-05
2025-12-20,88344.0,20.0,11.388993563726967,1276,0.0,0.0,0.0,,,0,6.030279524503659e-05,5.5645954712313614e-05,0.0001574279322249426,0.12876712328767123,-13.173040153204965,0.0,0.0,0.0,0.0,1262.826959846795,1.0,0.0,7.452310619063194e-09,0.8991610223727247,0.00014105505213325275,0.002624007808038649,7.452310619063194e-09,0.005555555555555556,0.0,0.0,0.0,3.05458151209272e-05
2025-12-21,88621.75,20.0,11.392132591793894,1277,0.0,0.0,0.0,,,0,4.933865065502994e-05,4.5528508400983864e-05,0.00012880467182040757,0.12602739726027398,-16.144661409781293,0.0,0.0,0.0,0.0,1260.8553385902187,1.0,0.0,6.097345051960794e-09,0.9174953819413201,0.00011540867901811588,0.002146915479304349,6.097345051960794e-09,0.005555555555555556,0.0,0.0,0.0,2.4992030553485886e-05
2025-12-22,88490.015625,25.0,11.390645006835005,1278,0.0,0.0,0.0,,,0,4.036798689956995e-05,3.7250597782623156e-05,0.00010538564058033346,0.1232876712328767,-18.928509213350253,0.0,0.0,0.0,0.0,1259.0714907866497,1.0,0.0,4.988736860695195e-09,0.9324962215883528,9.442528283300389e-05,0.0017565672103399218,4.988736860695195e-09,0.005555555555555556,0.0,0.0,0.0,2.0448024998306632e-05
2025-12-23,87414.0,24.0,11.37841073188205,1279,0.0,0.0,0.0,,,0,3.302835291782995e-05,3.0477761822146216e-05,8.622461502027282e-05,0.12054794520547946,-21.54246674991259,0.0,0.0,0.0,0.0,1257.4575332500874,1.0,0.0,4.08169379511425e-09,0.9447696358450159,7.725704959063953e-05,0.0014371913539144815,4.08169379511425e-09,0.005555555555555556,0.0,0.0,0.0,1.6730202271341787e-05
2025-12-24,87611.9609375,24.0,11.380672807986114,1280,0.0,0.0,0.0,,,0,2.7023197841860867e-05,2.4936350581755995e-05,7.054741228931413e-05,0.1178082191780822,-24.00271404489763,0.0,0.0,0.0,0.0,1255.9972859551024,1.0,0.0,3.3395676505480224e-09,0.9548115202368312,6.321031330143234e-05,0.0011758838350209393,3.3395676505480224e-09,0.005555555555555556,0.0,0.0,0.0,1.3688347312916006e-05
2025-12-25,87234.7421875,23.0,11.376357950130487,1281,0.0,0.0,0.0,,,0,2.210988914334071e-05,2.0402468657800358e-05,5.772061005489337e-05,0.11506849315068493,-26.32389016893171,0.0,0.0,0.0,0.0,1254.6761098310683,1.0,0.0,2.7323735322665638e-09,0.9630276074664983,5.171752906480827e-05,0.0009620867741080411,2.7323735322665638e-09,0.005555555555555556,0.0,0.0,0.0,1.1199556892385822e-05
2025-12-26,87301.4296875,20.0,11.37712211841181,1282,0.0,0.0,0.0,,,0,1.808990929909694e-05,1.6692928901836654e-05,4.722595368127639e-05,0.11232876712328767,-28.51923999543874,0.0,0.0,0.0,0.0,1253.4807600045613,1.0,0.0,2.235578344581734e-09,0.9697498606544077,4.231434196211586e-05,0.0007871619060883972,2.235578344581734e-09,0.005555555555555556,0.0,0.0,0.0,9.163273821042944e-06
2025-12-27,87802.15625,23.0,11.382841337977686,1283,0.0,0.0,0.0,,,0,1.4800834881079315e-05,1.3657850919684534e-05,3.8639416648317044e-05,0.1095890410958904,-30.600746981325983,0.0,0.0,0.0,0.0,1252.399253018674,1.0,0.0,1.829109554657782e-09,0.9752498859899699,3.4620825241731156e-05,0.0006440415595268704,1.829109554657782e-09,0.005555555555555556,0.0,0.0,0.0,7.497224035398772e-06
2025-12-28,87835.8359375,24.0,11.383224850536596,1284,0.0,0.0,0.0,,,0,1.2109773993610347e-05,1.1174605297923709e-05,3.1614068166804855e-05,0.10684931506849316,-32.57925330189073,0.0,0.0,0.0,0.0,1251.4207466981093,1.0,0.0,1.4965441810836398e-09,0.9797499067190663,2.832612974323458e-05,0.0005269430941583484,1.4965441810836398e-09,0.005555555555555556,0.0,0.0,0.0,6.134092392598995e-06
2025-12-29,87138.140625,24.0,11.375249961654015,1285,0.0,0.0,0.0,,,0,9.90799690386301e-06,9.142858880119398e-06,2.5866055772840335e-05,0.10410958904109589,-34.4645685443063,0.0,0.0,0.0,0.0,1250.5354314556937,1.0,0.0,1.2244452390684324e-09,0.9834317418610541,2.3175924335373746e-05,0.00043113525885683047,1.2244452390684324e-09,0.005555555555555556,0.0,0.0,0.0,5.018802866671905e-06
2025-12-30,88430.1328125,23.0,11.389968059462806,1286,0.0,0.0,0.0,,,0,8.106542921342463e-06,7.480520901915871e-06,2.116313654141482e-05,0.10136986301369863,-36.265568049348985,0.0,0.0,0.0,0.0,1249.734431950651,1.0,0.0,1.001818831965081e-09,0.9864441524317715,1.8962119910760336e-05,0.00035274702997377036,1.001818831965081e-09,0.005555555555555556,0.0,0.0,0.0,4.10629325454974e-06
2025-12-31,87508.828125,21.0,11.379494960113506,1287,0.0,0.0,0.0,,,0,6.632626026552924e-06,6.120426192476621e-06,1.731529353388485e-05,0.09863013698630137,-37.99028188724492,0.0,0.0,0.0,0.0,1249.009718112755,1.0,0.0,8.196699534259753e-10,0.9889088519896312,1.5514461745167547e-05,0.00028861120634217575,8.196699534259753e-10,0.005555555555555556,0.0,0.0,0.0,3.3596944809952414e-06
2026-01-01,88731.984375,20.0,11.393375693774058,1288,0.0,0.0,0.0,,,0,5.426694021725119e-06,5.007621430208144e-06,1.4167058345905786e-05,0.0958904109589041,-39.645975359626846,0.0,0.0,0.0,0.0,1248.3540246403732,1.0,0.0,6.706390528030706e-10,0.9909254243551526,1.2693650518773447e-05,0.00023613644155268923,6.706390528030706e-10,0.005555555555555556,0.0,0.0,0.0,2.7488409389961064e-06
2026-01-02,89944.6953125,28.0,11.406950263904251,1289,0.0,0.0,0.0,,,0,4.44002238141146e-06,4.097144806533936e-06,1.1591229555741096e-05,0.09315068493150686,-41.23922183463901,0.0,0.0,0.0,0.0,1247.760778165361,1.0,0.0,5.487046795661487e-10,0.9925753471996703,1.0385714060814637e-05,0.0001932025430885639,5.487046795661487e-10,0.005555555555555556,0.0,0.0,0.0,2.2490516773604504e-06
2026-01-03,90603.1875,29.0,11.4142446735314,1290,0.0,0.0,0.0,,,0,3.6327455847911946e-06,3.3522093871641293e-06,9.483733272879078e-06,0.09041095890410959,-42.7759686453644,0.0,0.0,0.0,0.0,1247.2240313546356,1.0,0.0,4.489401923723034e-10,0.9939252840724575,8.497402413393794e-06,0.00015807480798155226,4.489401923723034e-10,0.005555555555555556,0.0,0.0,0.0,1.8401331905676411e-06
2026-01-04,91413.4921875,25.0,11.423148363479006,1291,0.0,0.0,0.0,,,0,2.9722463875564315e-06,2.7427167713161055e-06,7.759418132355608e-06,0.08767123287671233,-44.26159671221126,0.0,0.0,0.0,0.0,1246.7384032877887,1.0,0.0,3.673147028500664e-10,0.9950297778774653,6.952420156413104e-06,0.00012933393380308822,3.673147028500664e-10,0.005555555555555556,0.0,0.0,0.0,1.5055635195553427e-06
2026-01-05,93882.5546875,26.0,11.44979986186037,1292,0.0,0.0,0.0,,,0,2.431837953455262e-06,2.244040994713177e-06,6.348614835563679e-06,0.08493150684931507,-45.70097448697743,0.0,0.0,0.0,0.0,1246.2990255130226,1.0,0.0,3.0053021142278157e-10,0.9959334546270169,5.688343764337994e-06,0.00010581867311161763,3.0053021142278157e-10,0.005555555555555556,0.0,0.0,0.0,1.2318246978180076e-06
2026-01-06,93729.03125,44.0,11.448163252148872,1293,0.0,0.0,0.0,,,0,1.9896855982815777e-06,1.836033541128963e-06,5.194321229097555e-06,0.0821917808219178,-47.09850675938492,0.0,0.0,0.0,0.0,1245.901493240615,1.0,0.0,2.4588835480045765e-10,0.9966728265130138,4.654099443549268e-06,8.657891436405078e-05,2.4588835480045765e-10,0.005555555555555556,0.0,0.0,0.0,1.0078565709420062e-06
2026-01-07,91308.0546875,42.0,11.42199428489872,1294,0.0,0.0,0.0,,,0,1.6279245804121998e-06,1.502209260923697e-06,4.249899187443453e-06,0.07945205479452055,-48.45817881537255,0.0,0.0,0.0,0.0,1245.5418211846275,1.0,0.0,2.0118138120037443e-10,0.9972777671470112,3.807899544722128e-06,7.0837293570587e-05,2.0118138120037443e-10,0.005555555555555556,0.0,0.0,0.0,8.246099216798232e-07
2026-01-08,91027.125,28.0,11.418912818005964,1295,0.0,0.0,0.0,,,0,1.331938293064527e-06,1.2290803043921156e-06,3.4771902442719163e-06,0.07671232876712329,-49.78359638983761,0.0,0.0,0.0,0.0,1245.2164036101624,1.0,0.0,1.646029482548518e-10,0.9977727185748273,3.115554172954468e-06,5.795778564866209e-05,1.646029482548518e-10,0.005555555555555556,0.0,0.0,0.0,6.746808450107645e-07
2026-01-09,90513.1015625,27.0,11.413249887856457,1296,0.0,0.0,0.0,,,0,1.089767694325522e-06,1.0056111581390036e-06,2.844973836222477e-06,0.07397260273972603,-51.07802181435363,0.0,0.0,0.0,0.0,1244.9219781856464,1.0,0.0,1.3467513948124237e-10,0.9981776788339496,2.5490897778718374e-06,4.742000643981443e-05,1.3467513948124237e-10,0.005555555555555556,0.0,0.0,0.0,5.520116004633527e-07
2026-01-10,90386.6484375,25.0,11.411851841196953,1297,0.0,0.0,0.0,,,0,8.916281135390634e-07,8.227727657500938e-07,2.327705866000208e-06,0.07123287671232877,-52.344406722249005,0.0,0.0,0.0,0.0,1244.655593277751,1.0,0.0,1.1018875048465284e-10,0.9985090099550495,2.085618909167867e-06,3.87981870871209e-05,1.1018875048465284e-10,0.005555555555555556,0.0,0.0,0.0,4.5164585492456123e-07
2026-01-11,90827.4609375,29.0,11.416716952098053,1298,0.0,0.0,0.0,,,0,7.295139110774154e-07,6.731777174318949e-07,1.9044866176365336e-06,0.0684931506849315,-53.58542163891639,0.0,0.0,0.0,0.0,1244.4145783610836,1.0,0.0,9.015443221471594e-11,0.9987800990541313,1.7064154711373455e-06,3.1743971253098913e-05,9.015443221471594e-11,0.005555555555555556,0.0,0.0,0.0,3.6952842675645914e-07
2026-01-12,91192.9921875,27.0,11.420733333060733,1299,0.0,0.0,0.0,,,0,5.96875018154249e-07,5.50781768807914e-07,1.5582163235208e-06,0.06575342465753424,-54.80348275399638,0.0,0.0,0.0,0.0,1244.1965172460036,1.0,0.0,7.376271726658577e-11,0.9990018992261074,1.396158112748737e-06,2.5972340116171837e-05,7.376271726658577e-11,0.005555555555555556,0.0,0.0,0.0,3.0234144007346653e-07
2026-01-13,95321.78125,26.0,11.465013618092211,1300,0.6399471718337775,0.5706143598109416,0.9750950921960123,1302.2698254054364,2.2698254054364497,15,0.11635451959479258,0.10374851605980022,0.17729129166717603,0.06301369863013699,-50.272691500716974,0.0,0.0,0.7070081274054578,0.9051482536448665,1249.727308499283,1.0,0.6464357046594327,0.11753376454388452,0.9991833720940877,0.16457355206479524,2.727293977369186,0.11753376454388452,0.7944444444444444,0.5706143598109416,0.1,0.2843188265462799,0.051694579469592765
2026-01-14,96929.328125,48.0,11.48173741591409,1301,0.13471277012648428,0.5330685657209726,0.9888153221280238,1302.0122927047219,1.0122927047218582,2,0.11969238332782743,0.18180670690728612,0.3248411153873302,0.06027397260273973,-46.29316919543703,0.0,0.0,0.6825208439078533,0.197375320224904,1254.706830804563,1.0,0.13532021893485896,0.12076766534224351,0.9993318498951627,0.17053750991208771,2.5950587087566066,0.12076766534224351,0.8055555555555556,0.5330685657209726,0.013333333333333334,0.12191168636991631,0.0644613261787425
2026-01-15,95551.1875,61.0,11.467417377639334,1302,0.0,0.0,0.0,,,0,0.09793013181367698,0.14875094201505226,0.2657790944078156,0.057534246575342465,-42.787887109707526,0.0,0.0,0.0,0.0,1259.2121128902925,1.0,0.0,0.09880990800729013,0.9994533317324057,0.13953068992807174,2.1232298526190414,0.09880990800729013,0.7888888888888889,0.0,0.0,0.0,0.05274108505533477
2026-01-16,95525.1171875,49.0,11.467144499087444,1303,0.0,0.0,0.0,,,0,0.08012465330209934,0.12170531619413366,0.21745562269730367,0.0547945205479452,-39.71167950833319,0.0,0.0,0.0,0.0,1263.2883204916668,1.0,0.0,0.08084447018778283,0.9995527259628774,0.11416147357751323,1.7371880612337611,0.08084447018778283,0.7777777777777778,0.0,0.0,0.0,0.043151796863455716
2026-01-17,95099.921875,50.0,11.462683427029464,1304,0.0,0.0,0.0,,,0,0.06555653451989946,0.09957707688610935,0.17791823675233936,0.052054794520547946,-37.02368215470892,0.0,0.0,0.0,0.0,1266.976317845291,1.0,0.0,0.06614547560818596,0.9996340485150814,0.09340484201796537,1.4213356864639863,0.06614547560818596,0.7666666666666667,0.0,0.0,0.0,0.03530601561555467
2026-01-18,93634.4296875,49.0,11.447153433371339,1305,0.0,0.0,0.0,,,0,0.05363716460719046,0.08147215381590765,0.1455694664337322,0.049315068493150684,-34.686922644286824,0.0,0.0,0.0,0.0,1270.3130773557132,1.0,0.0,0.054119025497606686,0.9997005851487029,0.07642214346924439,1.162911016197807,0.054119025497606686,0.7555555555555555,0.0,0.0,0.0,0.028886740049090184
2026-01-19,92553.59375,44.0,11.435543147609732,1306,0.2910660867286083,0.6451793226300535,0.9911632715574956,1306.7988403488437,0.7988403488436688,4,0.09680605953835733,0.18396436632757052,0.2993137946380528,0.04657534246575343,-32.21208807351263,0.0,0.0,0.7660662763781655,0.3799489622552249,1273.7879119264874,1.0,0.29210132488231466,0.0973885344766445,0.999755024212575,0.13160883779396812,1.6787453768891147,0.0973885344766445,0.8,0.6451793226300535,0.02666666666666667,0.18038306293376832,0.05643152602812257
2026-01-20,88310.90625,32.0,11.38861889255491,1307,0.1771254445515366,0.8425622536888753,0.9864322568070012,1308.2294563506769,1.2294563506768554,2,0.1114095840862081,0.30370943675689865,0.4242444241233161,0.043835616438356165,-29.93194098549452,0.0,0.0,0.897404216239937,0.197375320224904,1277.0680590145055,1.0,0.17809595147283763,0.11206261029413417,0.9997995652648339,0.14356638005413827,1.7371553083638211,0.11206261029413417,0.8055555555555556,0.8425622536888753,0.013333333333333334,0.16044888155376266,0.07534377248732986
2026-01-21,89376.9609375,24.0,11.400618220315058,1308,0.0,0.0,0.0,,,0,0.09115329607053389,0.24848953916473523,0.34710907428271315,0.0410958904109589,-27.96418885824005,0.0,0.0,0.0,0.0,1280.03581114176,1.0,0.0,0.09168759024065522,0.999836007943955,0.11746340186247675,1.4213088886613081,0.09168759024065522,0.7833333333333333,0.0,0.0,0.0,0.06164490476236079
2026-01-22,89462.453125,20.0,11.401574298084162,1309,0.0,0.0,0.0,,,0,0.074579969512255,0.20330962295296517,0.283998333504038,0.038356164383561646,-26.279079790724154,0.0,0.0,0.0,0.0,1282.7209202092758,1.0,0.0,0.07501711928780881,0.9998658246814176,0.09610641970566279,1.1628890907228884,0.07501711928780881,0.7666666666666667,0.0,0.0,0.0,0.05043674026011337
2026-01-23,89503.875,24.0,11.402037199415084,1310,0.0,0.0,0.0,,,0,0.06101997505548136,0.16634423696151696,0.2323622728669402,0.03561643835616438,-24.849695396304924,0.0,0.0,0.0,0.0,1285.150304603695,1.0,0.0,0.06137764305366175,0.9998902201938871,0.07863252521372409,0.951454710591454,0.06137764305366175,0.7555555555555555,0.0,0.0,0.0,0.041266423849183664
2026-01-24,89110.734375,25.0,11.397635081791526,1311,0.0,0.0,0.0,,,0,0.049925434136302925,0.13609983024124114,0.19011458689113286,0.03287671232876712,-23.65168094421142,0.0,0.0,0.0,0.0,1287.3483190557886,1.0,0.0,0.05021807158935961,0.9999101801586348,0.06433570244759243,0.7784629450293714,0.05021807158935961,0.7444444444444445,0.0,0.0,0.0,0.03376343769478663
2026-01-25,86572.21875,25.0,11.368734243429731,1312,0.0,0.0,0.0,,,0,0.040848082475156935,0.11135440656101547,0.15554829836547232,0.030136986301369864,-22.663001201841098,0.0,0.0,0.0,0.0,1289.336998798159,1.0,0.0,0.041087513118566954,0.9999265110388829,0.05263830200257562,0.6369242277513039,0.041087513118566954,0.7388888888888889,0.0,0.0,0.0,0.02762463084118906
2026-01-26,88267.140625,20.0,11.388123183981044,1313,0.0,0.0,0.0,,,0,0.03342115838876476,0.09110815082264902,0.12726678957175008,0.0273972602739726,-21.863719530172602,0.0,0.0,0.0,0.0,1291.1362804698274,1.0,0.0,0.033617056187918416,0.9999398726681767,0.04306770163847096,0.5211198227056122,0.033617056187918416,0.7333333333333333,0.0,0.0,0.0,0.02260197068824559
2026-01-27,89102.5703125,29.0,11.397543460545625,1314,0.0,0.0,0.0,,,0,0.027344584136262076,0.07454303249125828,0.10412737328597733,0.024657534246575342,-21.23579801771075,0.0,0.0,0.0,0.0,1292.7642019822893,1.0,0.0,0.02750486415375143,0.9999508049103263,0.035237210431476235,0.42637076403186447,0.02750486415375143,0.7277777777777777,0.0,0.0,0.0,0.018492521472200936
2026-01-28,89184.5703125,29.0,11.398463325046167,1315,0.0,0.0,0.0,,,0,0.022372841566032607,0.060989753856484044,0.08519512359761781,0.021917808219178082,-20.762916649292947,0.0,0.0,0.0,0.0,1294.237083350707,1.0,0.0,0.02250397976216026,0.9999597494720851,0.028830444898480554,0.3488488069351618,0.02250397976216026,0.7222222222222222,0.0,0.0,0.0,0.015130244840891673
2026-01-29,84561.5859375,26.0,11.345235375542083,1316,0.0,0.0,0.0,,,0,0.018305052190390313,0.04990070770075967,0.06970510112532366,0.019178082191780823,-20.430309696914946,0.0,0.0,0.0,0.0,1295.569690303085,1.0,0.0,0.01841234707813112,0.9999670677498878,0.023588545826029542,0.2854217511287687,0.01841234707813112,0.7166666666666667,0.0,0.0,0.0,0.012379291233456822
2026-01-30,84128.65625,16.0,11.340102528112535,1317,0.0,0.0,0.0,,,0,0.014976860883046618,0.040827851755167,0.057031446375264805,0.01643835616438356,-20.22461769238248,0.0,0.0,0.0,0.0,1296.7753823076175,1.0,0.0,0.015064647609380005,0.9999730554317263,0.019299719312205987,0.23352688728717438,0.015064647609380005,0.7111111111111111,0.0,0.0,0.0,0.010128511009191944
2026-01-31,78621.1171875,20.0,11.272395608840549,1318,0.0,0.0,0.0,,,0,0.012253795267947232,0.03340460598150027,0.046662092488853016,0.0136986301369863,-20.1337534978054,0.0,0.0,0.0,0.0,1297.8662465021946,1.0,0.0,0.012325620771310912,0.9999779544441396,0.015790679437259442,0.19106745323496085,0.012325620771310912,0.7055555555555556,0.0,0.0,0.0,0.008286963552975226
2026-02-01,76974.4453125,14.0,11.251228766693337,1319,0.0,0.0,0.0,,,0,0.010025832491956824,0.027331041257591126,0.03817807567269792,0.010958904109589041,-20.146781131283205,0.0,0.0,0.0,0.0,1298.8532188687168,1.0,0.0,0.010084598812890744,0.9999819627270232,0.01291964681230318,0.15632791628314976,0.010084598812890744,0.7,0.0,0.0,0.0,0.00678024290697973
2026-02-02,78688.765625,14.0,11.273255674851159,1320,0.0,0.0,0.0,,,0,0.008202953857055583,0.022361761028938193,0.03123660736857102,0.00821917808219178,-20.253806133001262,0.0,0.0,0.0,0.0,1299.7461938669987,1.0,0.0,0.008251035392365155,0.9999852422312008,0.010570620119157145,0.12790465877712254,0.008251035392365155,0.6944444444444444,0.0,0.0,0.0,0.005547471469347051
2026-02-03,75633.546875,17.0,11.23365520547618,1321,0.0,0.0,0.0,,,0,0.006711507701227295,0.018295986296403974,0.025557224210649016,0.005479452054794521,-20.4458763726509,0.0,0.0,0.0,0.0,1300.554123627349,1.0,0.0,0.0067508471392078535,0.9999879254618915,0.0086486891884013,0.10464926627219116,0.0067508471392078535,0.6888888888888889,0.0,0.0,0.0,0.0045388402931021326
2026-02-04,73019.703125,14.0,11.198484589534422,1322,0.0,0.0,0.0,,,0,0.005491233573731423,0.014969443333421432,0.02091045617234919,0.0027397260273972603,-20.714892303762554,0.0,0.0,0.0,0.0,1301.2851076962374,1.0,0.0,0.005523420386624607,0.9999901208324566,0.007076200245055609,0.08562212694997458,0.005523420386624607,0.6833333333333333,0.0,0.0,0.0,0.003713596603447199
2026-02-05,62702.09765625,12.0,11.046150181503975,1323,0.0,0.0,0.0,,,0,0.004492827469416619,0.012247726363708444,0.017108555050103884,0.0027397260273972603,-21.053525765244558,0.0,0.0,0.0,0.0,1301.9464742347554,1.0,0.0,0.004519162134511041,0.9999919170447371,0.0057896183823182255,0.07005446750452465,0.004519162134511041,0.6777777777777778,0.0,0.0,0.0,0.0030383972210022534
2026-02-06,70555.390625,9.0,11.164153362937451,1324,0.0,0.0,0.0,,,0,0.003675949747704506,0.010020867024852362,0.013997908677357722,0.0027397260273972603,-21.455146516109153,0.0,0.0,0.0,0.0,1302.5448534838908,1.0,0.0,0.00369749629187267,0.9999933866729667,0.0047369604946240025,0.057317291594611075,0.00369749629187267,0.6722222222222223,0.0,0.0,0.0,0.0024859613626382073
2026-02-07,69281.96875,6.0,11.145939960124702,1325,0.0,0.0,0.0,,,0,0.003007595248121868,0.008198891202151932,0.01145283437238359,0.0027397260273972603,-21.913755766891427,0.0,0.0,0.0,0.0,1303.0862442331086,1.0,0.0,0.0030252242388049116,0.9999945890960635,0.0038756949501469106,0.04689596585013633,0.0030252242388049116,0.6666666666666666,0.0,0.0,0.0,0.0020339683876130785
2026-02-08,70264.7265625,7.0,11.160025196009448,1326,0.0,0.0,0.0,,,0,0.0024607597484633463,0.00670818371085158,0.009370500850132028,0.0027397260273972603,-22.423926041408777,0.0,0.0,0.0,0.0,1303.5760739585912,1.0,0.0,0.002475183468113109,0.9999955728967791,0.0031710231410292905,0.03836942660465699,0.002475183468113109,0.6611111111111111,0.0,0.0,0.0,0.0016641559535016095
2026-02-09,70120.78125,14.0,11.157974480587479,1327,0.0,0.0,0.0,,,0,0.002013348885106374,0.005488513945242202,0.0076667734228352945,0.0027397260273972603,-22.98074676597207,0.0,0.0,0.0,0.0,1304.019253234028,1.0,0.0,0.002025150110274362,0.9999963778246375,0.002594473479023965,0.03139316722199208,0.002025150110274362,0.6555555555555556,0.0,0.0,0.0,0.0013615821437740442
2026-02-10,68793.9609375,9.0,11.138871242997581,1328,0.0,0.0,0.0,,,0,0.0016472854514506695,0.004490602318834528,0.006272814618683422,0.0027397260273972603,-23.579775040577033,0.0,0.0,0.0,0.0,1304.420224959423,1.0,0.0,0.001656940999315387,0.9999970364019761,0.0021227510282923346,0.025685318636175333,0.001656940999315387,0.65,0.0,0.0,0.0,0.0011140217539969452
2026-02-11,66991.96875,11.0,11.112328021785206,1329,0.0,0.0,0.0,,,0,0.0013477790057323659,0.0036741291699555227,0.005132302869831891,0.0027397260273972603,-24.216991098552853,0.0,0.0,0.0,0.0,1304.7830089014471,1.0,0.0,0.001355678999439862,0.9999975752379804,0.0017367962958755464,0.021015260702325272,0.001355678999439862,0.6444444444444445,0.0,0.0,0.0,0.0009114723441793187
2026-02-12,66221.84375,5.0,11.100765653510372,1330,0.0,0.0,0.0,,,0,0.0011027282774173901,0.003006105684509064,0.004199156893498819,0.0027397260273972603,-24.888758008150035,0.0,0.0,0.0,0.0,1305.11124199185,1.0,0.0,0.0011091919086326143,0.999998016103802,0.0014210151511709014,0.017194304210993404,0.0011091919086326143,0.6388888888888888,0.0,0.0,0.0,0.0007457500997830789
2026-02-13,68857.84375,9.0,11.139799422867528,1331,0.0,0.0,0.0,,,0,0.0009022322269778646,0.0024595410145983247,0.003435673821953579,0.0027397260273972603,-25.591785212071272,0.0,0.0,0.0,0.0,1305.4082147879287,1.0,0.0,0.0009075206525175934,0.9999983768122016,0.0011626487600489193,0.014068067081721874,0.0009075206525175934,0.6333333333333333,0.0,0.0,0.0,0.0006101591725497918
2026-02-14,69767.625,9.0,11.152925355935377,1332,0.0,0.0,0.0,,,0,0.00073819000389098,0.002012351739216811,0.0028110058543256555,0.0027397260273972603,-26.32309553942855,0.0,0.0,0.0,0.0,1305.6769044605714,1.0,0.0,0.0007425168975143945,0.9999986719372558,0.0009512580764036611,0.011510236703226987,0.0007425168975143945,0.6277777777777778,0.0,0.0,0.0,0.0004992211411771023
2026-02-15,68788.1875,8.0,11.138787315866498,1333,0.0,0.0,0.0,,,0,0.0006039736395471654,0.0016464696048137542,0.0022999138808118998,0.0027397260273972603,-27.07999535941849,0.0,0.0,0.0,0.0,1305.9200046405815,1.0,0.0,0.00060751382523905,0.9999989134032092,0.0007783020625120864,0.009417466393549352,0.00060751382523905,0.6222222222222222,0.0,0.0,0.0,0.0004084536609630837
2026-02-16,68843.15625,12.0,11.139586098344747,1334,0.0,0.0,0.0,,,0,0.0004941602505385899,0.0013471114948476169,0.0018817477206642815,0.0027397260273972603,-27.8600475775047,0.0,0.0,0.0,0.0,1306.1399524224953,1.0,0.0,0.0004970567661046773,0.999999110966262,0.0006367925966007979,0.007705199776540378,0.0004970567661046773,0.6166666666666667,0.0,0.0,0.0,0.00033418935896979576
2026-02-17,67494.21875,10.0,11.119797225044461,1335,0.0,0.0,0.0,,,0,0.0004043129322588462,0.00110218213214805,0.0015396117714525938,0.0027397260273972603,-28.661047203392172,0.0,0.0,0.0,0.0,1306.3389527966078,1.0,0.0,0.00040668280863109953,0.9999992726087599,0.0005210121244915619,0.006304254362623945,0.00040668280863109953,0.6111111111111112,0.0,0.0,0.0,0.00027342765733892377
2026-02-18,66425.3203125,8.0,11.103833592784246,1336,0.0,0.0,0.0,,,0,0.00033080149002996504,0.0009017853808484045,0.001259682358461213,0.0027397260273972603,-29.480999245861767,0.0,0.0,0.0,0.0,1306.5190007541382,1.0,0.0,0.0003327404797890814,0.9999994048617125,0.00042628264731127787,0.005158026296692319,0.0003327404797890814,0.6055555555555555,0.0,0.0,0.0,0.0002237135378227558
2026-02-19,66957.5234375,9.0,11.11181371877895,1337,0.0,0.0,0.0,,,0,0.00027065576456997137,0.0007378244025123309,0.001030649202377356,0.0027397260273972603,-30.318098712858045,0.0,0.0,0.0,0.0,1306.681901287142,1.0,0.0,0.00027224221073652113,0.9999995130686739,0.00034877671143650007,0.004220203333657351,0.00027224221073652113,0.6,0.0,0.0,0.0,0.00018303834912770928
2026-02-20,68005.421875,7.0,11.127342714435583,1338,0.0,0.0,0.0,,,0,0.00022144562555724928,0.0006036745111464524,0.0008432584383087458,0.0027397260273972603,-31.170712516330923,0.0,0.0,0.0,0.0,1306.829287483669,1.0,0.0,0.00022274362696624454,0.9999996016016421,0.0002853627639025909,0.0034528936366287418,0.00022274362696624454,0.5944444444444444,0.0,0.0,0.0,0.00014975864928630758
2026-02-21,68003.765625,8.0,11.127318359463239,1339,0.0,0.0,0.0,,,0,0.0001811827845468403,0.0004939155091198247,0.0006899387222526101,0.0027397260273972603,-32.03736310042541,0.0,0.0,0.0,0.0,1306.9626368995746,1.0,0.0,0.00018224478569965461,0.9999996740377071,0.00023347862501121074,0.002825094793605334,0.00018224478569965461,0.5888888888888889,0.0,0.0,0.0,0.00012252980396152438
2026-02-22,67659.390625,9.0,11.122241435864936,1340,0.0,0.0,0.0,,,0,0.00014824046008377842,0.00040411268927985654,0.000564495318206681,0.0027397260273972603,-32.916713628891785,0.0,0.0,0.0,0.0,1307.0832863711082,1.0,0.0,0.00014910937011789922,0.9999997333035784,0.00019102796591826331,0.0023114411947680004,0.00014910937011789922,0.5833333333333334,0.0,0.0,0.0,0.00010025165778670176
2026-02-23,64616.73828125,5.0,11.076228762729293,1341,0.0,0.0,0.0,,,0,0.00012128764915945507,0.00033063765486533714,0.0004618598058054662,0.0027397260273972603,-33.80755458321846,0.0,0.0,0.0,0.0,1307.1924454167815,1.0,0.0,0.00012199857555100844,0.9999997817938369,0.00015629560847857905,0.0018911791593556365,0.00012199857555100844,0.5777777777777777,0.0,0.0,0.0,8.202408364366507e-05
2026-02-24,64080.04296875,8.0,11.06788825229055,1342,0.0,0.0,0.0,,,0,9.92353493122814e-05,0.000270521717617094,0.0003778852956590178,0.0027397260273972603,-34.70879163713312,0.0,0.0,0.0,0.0,1307.2912083628669,1.0,0.0,9.9817016359916e-05,0.9999998214676846,0.0001278782251188374,0.001547328403109157,9.9817016359916e-05,0.5722222222222222,0.0,0.0,0.0,6.711061389027142e-05
2026-02-25,67960.125,11.0,11.126676415101421,1343,0.0,0.0,0.0,,,0,8.119255852823023e-05,0.00022133595077762237,0.00030917887826646906,0.0027397260273972603,-35.61943468591312,0.0,0.0,0.0,0.0,1307.3805653140869,1.0,0.0,8.166846793084035e-05,0.9999998539281056,0.00010462763873359421,0.0012659959661802194,8.166846793084035e-05,0.5666666666666667,0.0,0.0,0.0,5.490868409204025e-05
2026-02-26,67453.7734375,11.0,11.119197804289021,1344,0.0,0.0,0.0,,,0,6.643027515946109e-05,0.00018109305063623648,0.00025296453676347465,0.0027397260273972603,-36.538587920523696,0.0,0.0,0.0,0.0,1307.4614120794763,1.0,0.0,6.681965557977846e-05,0.9999998804866319,8.560443169112253e-05,0.0010358148814201794,6.681965557977846e-05,0.5611111111111111,0.0,0.0,0.0,4.492528698439656e-05
2026-02-27,65881.796875,13.0,11.095617458889263,1345,0.0,0.0,0.0,,,0,5.4352043312286345e-05,0.000148167041429648,0.00020697098462466105,0.0027397260273972603,-37.465440847076025,0.0,0.0,0.0,0.0,1307.534559152924,1.0,0.0,5.467062729254601e-05,0.9999999022163351,7.003998956546388e-05,0.0008474849029801467,5.467062729254601e-05,0.5555555555555556,0.0,0.0,0.0,3.6757052987233545e-05
2026-02-28,66995.859375,11.0,11.112386096090248,1346,0.0,0.0,0.0,,,0,4.446985361914337e-05,0.00012122757935153018,0.0001693398965110863,0.0027397260273972603,-38.39926016157574,0.0,0.0,0.0,0.0,1307.6007398384243,1.0,0.0,4.473051323935582e-05,0.9999999199951832,5.730544600810681e-05,0.0006933967388019382,4.473051323935582e-05,0.5444444444444444,0.0,0.0,0.0,3.0073952444100173e-05
2026-03-01,65738.1015625,14.0,11.093433968835003,1347,0.0,0.0,0.0,,,0,3.638442568839003e-05,9.91862012876156e-05,0.0001385508244181615,0.0027397260273972603,-39.339382398504085,0.0,0.0,0.0,0.0,1307.660617601496,1.0,0.0,3.659769265038203e-05,0.9999999345415136,4.6886274006632845e-05,0.0005673246044743131,3.659769265038203e-05,0.5333333333333333,0.0,0.0,0.0,2.4605961090627414e-05
2026-03-02,68775.8515625,10.0,11.138607967577261,1348,0.0,0.0,0.0,,,0,2.9769075563228206e-05,8.115234650804913e-05,0.00011335976543304123,0.0027397260273972603,-40.28520727953446,0.0,0.0,0.0,0.0,1307.7147927204655,1.0,0.0,2.9943566713948932e-05,0.9999999464430565,3.836149691451778e-05,0.00046417467638807427,2.9943566713948932e-05,0.5166666666666667,0.0,0.0,0.0,2.013214998324061e-05
2026-03-03,68293.6484375,14.0,11.131572046176007,1349,0.0,0.0,0.0,,,0,2.4356516369913986e-05,6.639737441567656e-05,9.274889899067009e-05,0.0027397260273972603,-41.23619169570475,0.0,0.0,0.0,0.0,1307.7638083042953,1.0,0.0,2.4499281856867307e-05,0.9999999561806825,3.138667929369637e-05,0.00037977928068115167,2.4499281856867307e-05,0.5055555555555555,0.0,0.0,0.0,1.647175907719686e-05
2026-03-04,72710.578125,10.0,11.19424215671963,1350,0.0,0.0,0.0,,,0,1.9928058848111442e-05,5.432512452191718e-05,7.588546281054825e-05,0.0027397260273972603,-42.191844262715904,0.0,0.0,0.0,0.0,1307.808155737284,1.0,0.0,2.0044866973800524e-05,0.999999964147831,2.5680010331206117e-05,0.0003107285023754877,2.0044866973800524e-05,0.49444444444444446,0.0,0.0,0.0,1.3476893790433793e-05
2026-03-05,70841.125,22.0,11.168194972628942,1351,0.0,0.0,0.0,,,0,1.6304775421182086e-05,4.444782915429587e-05,6.208810593590311e-05,0.0027397260273972603,-43.15172039477375,0.0,0.0,0.0,0.0,1307.8482796052263,1.0,0.0,1.640034570583679e-05,0.9999999706664071,2.1010917543714093e-05,0.00025423241103448993,1.640034570583679e-05,0.48333333333333334,0.0,0.0,0.0,1.1026549464900375e-05
2026-03-06,68136.4921875,18.0,11.129268210399088,1352,0.0,0.0,0.0,,,0,1.3340270799148978e-05,3.636640567169662e-05,5.079935940210254e-05,0.0027397260273972603,-44.11541784758788,0.0,0.0,0.0,0.0,1307.8845821524121,1.0,0.0,1.3418464668411917e-05,0.9999999759997875,1.7190750717584258e-05,0.0002080083363009463,1.3418464668411917e-05,0.4722222222222222,0.0,0.0,0.0,9.021722289463942e-06
2026-03-07,67272.59375,12.0,11.116508207582715,1353,0.0,0.0,0.0,,,0,1.0914767017485527e-05,2.975433191320632e-05,4.1563112238083893e-05,0.0027397260273972603,-45.08257268584839,0.0,0.0,0.0,0.0,1307.9174273141516,1.0,0.0,1.0978743819609749e-05,0.9999999803634625,1.4065159678023482e-05,0.00017018863879168333,1.0978743819609749e-05,0.46111111111111114,0.0,0.0,0.0,7.381409145925043e-06
2026-03-08,65969.78125,12.0,11.096952056310252,1354,0.0,0.0,0.0,,,0,8.930263923397249e-06,2.434445338353244e-05,3.4006182740250455e-05,0.0027397260273972603,-46.05285563475081,0.0,0.0,0.0,0.0,1307.9471443652492,1.0,0.0,8.982608579680704e-06,0.9999999839337419,1.1507857918382848e-05,0.00013924524992046816,8.982608579680704e-06,0.45,0.0,0.0,0.0,6.039334755756853e-06
2026-03-09,68402.3828125,8.0,11.133162939443926,1355,0.0,0.0,0.0,,,0,7.306579573688657e-06,1.9918189131981088e-05,2.7823240423841278e-05,0.0027397260273972603,-47.025968778995775,0.0,0.0,0.0,0.0,1307.9740312210042,1.0,0.0,7.349407019738757e-06,0.9999999868548797,9.415520115040511e-06,0.0001139279317531103,7.349407019738757e-06,0.4388888888888889,0.0,0.0,0.0,4.941273891073788e-06
2026-03-10,69926.921875,13.0,11.155206002497609,1356,0.0,0.0,0.0,,,0,5.978110560290719e-06,1.6296700198893615e-05,2.2764469437688318e-05,0.0027397260273972603,-48.00164257616984,0.0,0.0,0.0,0.0,1307.9983574238302,1.0,0.0,6.013151197968073e-06,0.9999999892449014,7.703607366851327e-06,9.321376234345388e-05,6.013151197968073e-06,0.4222222222222222,0.0,0.0,0.0,4.0428604563330995e-06
2026-03-11,70204.8828125,15.0,11.159173143328633,1357,0.0,0.0,0.0,,,0,4.891181367510588e-06,1.3333663799094775e-05,1.8625474994472258e-05,0.0027397260273972603,-48.97963315456536,0.0,0.0,0.0,0.0,1308.0203668454346,1.0,0.0,4.919850980155696e-06,0.9999999912003739,6.3029514819692675e-06,7.6265805553735e-05,4.919850980155696e-06,0.40555555555555556,0.0,0.0,0.0,3.30779491881799e-06
2026-03-12,70493.4609375,18.0,11.163275231838991,1358,0.0,0.0,0.0,,,0,4.001875664326844e-06,1.0909361290168452e-05,1.52390249954773e-05,0.0027397260273972603,-49.95971986835184,0.0,0.0,0.0,0.0,1308.0402801316482,1.0,0.0,4.025332620127387e-06,0.9999999928003058,5.1569603034294e-06,6.23992954530559e-05,4.025332620127387e-06,0.39444444444444443,0.0,0.0,0.0,2.7063776608510825e-06
2026-03-13,70968.265625,15.0,11.169988093077535,1359,0.0,0.0,0.0,,,0,3.2742619071765087e-06,8.925841055592369e-06,1.2468293178117791e-05,0.0027397260273972603,-50.94170308558728,0.0,0.0,0.0,0.0,1308.0582969144127,1.0,0.0,3.2934539619224075e-06,0.9999999941093412,4.219331157351327e-06,5.105396900704573e-05,3.2934539619224075e-06,0.38333333333333336,0.0,0.0,0.0,2.2143089952417947e-06
2026-03-14,71214.625,16.0,11.173453483610245,1360,0.34962041999584076,0.3070683617597641,0.978149456271716,1361.9883522114194,1.9883522114193966,9,0.06357002803171329,0.055837914189911686,0.17785555701654865,0.0027397260273972603,-46.80550734301528,0.0,0.0,0.4880936193467924,0.7162978701990245,1313.1944926569847,1.0,0.35272374998541833,0.06413428555059036,0.99999999518037,0.13023942857986046,1.636405407792824,0.06413428555059036,0.95,0.3070683617597641,0.06,0.15980911385856558,0.029058014227098944
2026-03-15,72789.9140625,15.0,11.195332681489269,1361,0.21339016621767945,0.6034835807754148,0.9795792940547465,1362.8568882143438,1.856888214343826,3,0.0908100531564344,0.15540985356909406,0.3236235092053119,0.0027397260273972603,-43.07575538517176,0.0,0.0,0.7325126242281725,0.2913126124515909,1317.9242446148282,1.0,0.2151585273327054,0.09159323860188401,0.9999999960566663,0.15952546201108417,1.8843316972850377,0.09159323860188401,0.9666666666666667,0.6034835807754148,0.02,0.1544583081130778,0.05185806766091328
2026-03-16,74861.0859375,23.0,11.223389487598196,1362,0.5233812822101127,0.5976286748138834,0.9877889797216267,1363.1057568591718,1.1057568591718336,9,0.16945936752983043,0.23581327561360121,0.44438086748100547,0.0027397260273972603,-39.77275421904369,0.0,0.0,0.7306754689423974,0.7162978701990245,1322.2272457809563,1.0,0.525959757135751,0.1705689692444053,0.9999999967736359,0.26075680895434605,3.17808957050594,0.1705689692444053,1.0,0.5976286748138834,0.06,0.23829742884227534,0.08575613333025184
2026-03-17,73922.4765625,28.0,11.210772209034918,1363,0.18767521872164505,0.48142221477762837,0.9973094107377717,1363.2424793862954,0.24247938629537202,3,0.17277134047379672,0.28046944637069704,0.5449133298913266,0.0027397260273972603,-36.86654149472565,0.0,0.0,0.6442399357248294,0.2913126124515909,1326.1334585052743,1.0,0.18787758273054309,0.17371598987824852,0.9999999973602476,0.26631240959020874,3.145709648595769,0.17371598987824852,1.0,0.48142221477762837,0.02,0.13487382499165948,0.09468662272323505
2026-03-18,71245.578125,26.0,11.1738880348015,1364,0.0,0.0,0.0,,,0,0.14135836947856095,0.22947500157602482,0.4458381790019944,0.0027397260273972603,-34.332349029866464,0.0,0.0,0.0,0.0,1329.6676509701335,1.0,0.0,0.14213126444583968,0.9999999978402025,0.21789197148289804,2.5737624397601744,0.14213126444583968,0.9888888888888889,0.0,0.0,0.0,0.07747087313719231
2026-03-19,69912.7890625,23.0,11.155003873753872,1365,0.20154744225859605,0.5436550892434847,0.9932528528424206,1365.6093010855423,0.6093010855422563,3,0.15230183725674915,0.28659865387919936,0.5453681197002537,0.0027397260273972603,-31.909334733160904,0.0,0.0,0.6918596505741349,0.2913126124515909,1333.090665266839,1.0,0.20209397337508556,0.15303357516024801,0.9999999982328929,0.23124117893175128,2.651260177985597,0.15303357516024801,0.9888888888888889,0.5436550892434847,0.02,0.1450795076278635,0.08976335213549616
2026-03-20,70522.5859375,11.0,11.16368830540132,1366,0.4571663817735205,0.6546425556963895,0.9395634482867252,1371.6105935478263,5.610593547826284,7,0.20773175444161665,0.3535157269368703,0.6170399976250667,0.0027397260273972603,-29.240770134971626,0.0,0.0,0.756437386444072,0.6043677771171634,1336.7592298650284,1.0,0.46870959201227747,0.2104292145878897,0.999999998554185,0.2990823786018262,3.441940145624579,0.2104292145878897,1.0,0.6546425556963895,0.04666666666666667,0.2276172922105699,0.11482770487641866
2026-03-21,68711.5234375,12.0,11.137672199770304,1367,0.2083957129523101,0.5765582029836196,0.988687397614821,1368.0239368922007,1.0239368922007088,3,0.20785247417083363,0.3940689043999156,0.6846122521686584,0.0027397260273972603,-27.263178989526523,0.0,0.0,0.7153679725656932,0.2913126124515909,1339.7368210104735,1.0,0.20934624776739943,0.21023231152961874,0.9999999988170605,0.29766969384723796,3.361587391874655,0.21023231152961874,0.9944444444444445,0.5765582029836196,0.02,0.15028578063268122,0.12127462774119367
2026-03-22,67845.2109375,10.0,11.124984079684218,1368,0.0,0.0,0.0,,,0,0.17006111523068204,0.32242001269084003,0.5601372972289023,0.0027397260273972603,-25.569167953171473,0.0,0.0,0.0,0.0,1342.4308320468285,1.0,0.0,0.17200825488786986,0.9999999990321404,0.24354793132955832,2.7503896842610813,0.17200825488786986,0.9833333333333333,0.0,0.0,0.0,0.099224695424613
2026-03-23,70914.859375,8.0,11.169235272718916,1369,0.0,0.0,0.0,,,0,0.13914091246146712,0.2637981922015964,0.4582941522781927,0.0027397260273972603,-24.13172939646938,0.0,0.0,0.0,0.0,1344.8682706035306,1.0,0.0,0.14073402672643898,0.9999999992081148,0.1992664892696386,2.250318832577248,0.14073402672643898,0.9611111111111111,0.0,0.0,0.0,0.08118384171104699
